比赛项目,报名开启时间,报名渠道,创建人,分项规模,官网,完赛经历要求,体检报告,奖牌,官方邮箱,联系电话,运营单位,出签日期,省份,赛事等级,退出机制,报名截止时间,比赛路线,抽签,起点,状态,主办单位,比赛日期,报名费,缴费时间,总规模,最后编辑人,微信公众号,赛事
半程 / 短距离,2025-08-08 10:00,官网/微信/小程序 / 数字心动 / 第一赛道,,6000/4000,https://zaozhuang.gusto.cn,半程或以上,可用完赛证书,,zaozhuangmls@sport-china.cn,,广州朗朗体育文化有限公司,,山东,A,,2025-09-30 10:00,,❌,,取消,枣庄市人民政府,,120/80,报名时缴费,10000,,第一赛道、2025枣庄马拉松,枣庄半程马拉松
半程 / 短距离,2025-01-13 10:00,官网/微信/小程序,,10000/6000,,,,,zjgbcmls@163.com,0512-58689909,江苏省体育竞赛有限公司 / 张家港市体育文化有限公司,2025-03-07 15:34,江苏,A,,2025-02-28 17:00,https://docimg4.docs.qq.com/image/AgAACG-qqCEDJUvnFWpLOaXhNRe0eCf7.jpeg?w=1280&h=1810,✔️,世纪广场,取消,张家港市人民政府,,150/100,报名时缴费,16000,,五彩沙洲,张家港半程马拉松
半程 / 中距离 / 短距离,2025-01-24 10:00,官网/微信/小程序 / 润赛美佳 / 马拉松报名网 / 马拉马拉 / 最酷 / 第一赛道 / 跑跑网(马拉松报名),,5000/3000/8000,,,自行评估,,nnwomanmarathon@163.com,07773819766,广西盈动体育有限公司,,广西,B,有,2025-02-24 23:59,,❌,南宁博物馆,取消,南宁市体育局 / 南宁市良庆区人民政府 / 广西社会体育运动发展中心 / 南宁市妇女联合会,,160/100/60,报名时缴费,16000,,南宁女子半程马拉松,南宁女子半程马拉松
半程 / 短距离,2024-11-12 10:00,官网/微信/小程序 / 数字心动 / 马拉马拉,,15000/5000,,未提及,未提及,,,13535360830,广州博润体育科技有限公司,,广东,B,因个人原因放弃比赛的，2024年12月15日及之前可以全额退还报名费,2024-12-06 22:00,,❌,增城广场,已结束,广州市增城区人民政府,2025-01-01 09:30,188/68,报名时缴费,20000,,粤港澳大湾区女子半程马拉松、博润体育,粤港澳大湾区女子半程马拉松
全程 / 半程 / 短距离,2025-03-13 10:00,官网/微信/小程序,,3000/7000/5000,,马拉松项目需半程以上完赛经历 / 10km及以上,自行评估,,rockysports@163.com,17305356641,烟台落基体育有限公司,2025-06-05 00:00,山东,B,,2025-06-01 23:59,,✔️,招远市体育公园-北门,取消,烟台市体育局 / 招远市人民政府,,179/149/79,报名时缴费,15000,,落基体育RockySports,招远黄金马拉松
全程 / 半程 / 短距离,2025-09-24 10:00,官网/微信/小程序 / 数字心动 / 马拉马拉 / 润赛美佳 / 最酷 / 跑跑网(马拉松报名),,5000/8000/7000,https://www.dezhoumarathon.com,未提及,自行评估,,dezhou-marathon@163.com,17862601988,北京中锐体育产业有限公司,,山东,A,,2025-10-07 17:00,,✔️,德州市体育公园,取消,山东省体育局 / 德州市人民政府,,180/150/70,报名时缴费,20000,,德州马拉松,德州马拉松
半程 / 短距离,2025-09-10 10:00,官网/微信/小程序,,,,,,,,,陕西康奥文化体育发展有限公司,2025-09-21 00:00,陕西,A,,2025-09-17 19:00,,✔️,,取消,咸阳市体育局 / 中共泾阳县委 / 泾阳县人民政府,,,,10000,,,泾阳郑国渠半程马拉松赛
全程 / 半程 / 短距离,2025-09-09 10:00,,,3000/4000/5000,,,,,,,,,安徽,A / 标牌,,2025-10-09 23:59,,❌,,取消,安徽省体育局 / 亳州市人民政府,,,,12000,,,亳州马拉松
半程 / 短距离,2025-07-07 15:00,官网/微信/小程序,,12000/6000,,未提及,自行评估,,linfenbanma@163.com,4008014600,山西隆景体育有限公司,2025-08-22 00:00,山西,A,,2025-08-15 17:00,,✔️,九州公园-九州广场,取消,临汾市人民政府,,150/100,报名时缴费,18000,,隆景体育,临汾半程马拉松
全程 / 半程 / 短距离,2025-08-13 10:00,官网/微信/小程序,,2000/4000/4000,,未提及,自行评估,,,13393411261,华舰体育赛事发展（山西）有限公司,2025-09-05 00:00,山西,B,,2025-08-31 23:59,https://docimg1.docs.qq.com/image/AgAACG-qqCHpFrE8BQ9AOJHEQVQ4_ZMv.jpeg?w=1280&h=1756,✔️,滨湖大道,取消,长治市人民政府,,150/120/80,报名时缴费,10000,,华舰赛事,长治马拉松
,,,,,,,,,,,,,江苏,,,,,,,待确定,,,,,,,,常州经开区半程马拉松
半程 / 短距离,,官网/微信/小程序,,4500/3500,http://www.hjmarathon.com,未提及,未提及,,houjietw@126.com,0769-85581066,深圳市五环体育产业发展有限公司 / 东莞市厚街文化传媒有限公司,,广东,A,无,,https://docimg4.docs.qq.com/image/AgAACG-qqCEJe3SC10ZHvbqBCe3sZ0jB.png?w=1080&h=1203,,厚街·名家居世博园,待确定,东莞市厚街镇人民政府,,130/60,报名时缴费,8000,,厚街半程马拉松,厚街半程马拉松
,,,,,,,,,,,,,浙江,标牌,,,,,,待确定,,,,,,,,舟山群岛半程马拉松
全程 / 半程 / 短距离,2024-08-27 12:00,官网/微信/小程序 / 運動筆記,,5000/8000/7000,https://www.khm.com.tw,未提及,未提及,,bijikhmservice@gmail.com,(886)0972896489,H2U運動筆記,,台湾,CT / AIMS / WA,无,2024-10-30 23:59,,❌,高雄国家体育场,已结束,高雄市政府運動發展局,2025-01-12 15:24,"NT$1,500/1300/500",报名时缴费,20000,,,高雄馬拉松
10km / 短距离,2025-09-11 10:00,官网/微信/小程序 / 数字心动 / 马拉马拉 / 润赛美佳 / 最酷,,2000/1000,,未提及,自行评估,,chengxueliang@wzcqsports.cn,13311560282,王者传奇（北京）体育文化有限公司,,山西,A / WA,,2025-10-03 17:00,,❌,,取消,中国田径协会 / 晋中市人民政府,,80/50,报名时缴费,3000,,中国10公里精英赛,中国田径协会10公里精英赛（晋中站）
全程 / 半程 / 10km / 短距离,2024-06-28 15:00,官网/微信/小程序,,2000/3300/3500/7000,https://www.sportsnet.org.tw/20250119_web/,未提及,未提及,,service@sportsnet.org.tw,,,,福建,AIMS,已完成報名繳費者，如因故要取消報名，請於2024年10月30日(三)17:00前於本會上班時間（週一至週五，上午08:30至12:00；下午13:30至17:30） 提出申請，並於10月30日(三)17:00前提交退費申請書。退回金額為原繳總金額80%。如逾時申請則無論任何理由將不再受理退費事宜。,2024-10-25 17:00,"https://docimg7.docs.qq.com/image/AgAACG-qqCEXF85-0KtPPZTkrGxQsFgb.png?w=6966&h=5008, https://docimg6.docs.qq.com/image/AgAACG-qqCGJbHy5w51AxKxK3aCXMWhm.png?w=6966&h=5008",❌,金门县服务中心,已结束,金門縣政府,2025-01-19 15:20,NT$1000/900/800/200,报名时缴费,15800,,,金門馬拉松
,,官网/微信/小程序,,,,,,,,,,,海南,A,,,,,,待确定,,,,,,,,中国田径协会10公里精英赛 昌江站
,,,,10000/5000/5000,,,,,,,,,江苏,精英,,,,,,待确定,,,,,20000,,,苏州太湖马拉松
半程 / 短距离,2025-08-21 10:00,,,8000/4000,,,,,,0755-29558176,深圳市微马城市发展有限公司,,贵州,A,,,,❌,,取消,榕江县人民政府,,158/88,,12000,,,榕江半程马拉松
半程 / 短距离,2024-11-14 10:00,官网/微信/小程序 / 数字心动,,6000/6000,https://www.runthetrack.com,未提及,未提及,,info@runthetrack.com,,北京中锐体育产业有限公司,,上海,A,无,2024-11-29 23:59,,❌,上海国际赛车场,已结束,上海市嘉定区人民政府 / 上海久事体育产业发展（集团）有限公司 / 上海报业集团,2025-01-01 17:41,269/150,报名时缴费,12000,,蒸蒸日上,蒸蒸日上迎新跑
全程 / 半程 / 短距离,2025-09-19 10:00,官网/微信/小程序 / 数字心动 / 马拉马拉,,6000/10000/6000,,未提及,自行评估,,hengyangmarathon@163.com,0731-88092991,湖南大众体育文化发展有限公司,,湖南,A,报名截止前可退改,2025-09-23 10:00,,❌,衡阳市体育中心体育场,取消,湖南省体育局 / 衡阳市人民政府,,169/149/89,报名时缴费,26000,,衡阳马拉松,衡阳马拉松
,,官网/微信/小程序,,,,,,,,,,,新疆,A,,,,,,待确定,,,,,,,,新疆焉耆半程马拉松暨中国田径协会10公里精英赛（焉耆站）
半程 / 10km / 短距离,2025-08-23 10:00,官网/微信/小程序 / 数字心动,,1500/1200/2500,,未提及,必须,,ysnzmarathon@163.com,19065808508,,,江西,B,,2025-09-21 10:00,,❌,,取消,铅山县人民政府,,100/60/30,报名时缴费,5200,,铅山女子马拉松,铅山女子半程马拉松
全程 / 半程 / 短距离,2025-04-30 10:00,官网/微信/小程序,,3000/10000/5000,,半程或以上,自行评估,,RockySports@163.com,18053505451,烟台落基体育有限公司 / 威海落基体育有限公司,,山东,B,,2025-10-10 12:00,https://docimg5.docs.qq.com/image/AgAACG-qqCHcDhaIC7xGO7SZf8dY2IgP.jpeg?w=1280&h=1699,❌,威·至海港湾,取消,,,179/149/79,报名时缴费,18000,,落基体育RockySports,威海马拉松
全程 / 半程 / 短距离,2025-08-22 10:00,官网/微信/小程序 / 数字心动,,7000/5000/13000,,未提及,自行评估,,stjsoc@163.com,18151697518,江苏省体育竞赛有限公司,2025-09-19 00:00,江苏,A,,2025-09-12 17:00,,✔️,徐州市体育中心(湖北路店),取消,徐州市人民政府,,180/160/80,中签后缴费,25000,,徐州马拉松,徐州马拉松
全程 / 半程 / 短距离,2024-10-22 14:00,官网/微信/小程序 / 第一赛道 / 数字心动,,5000/6000/4000,http://rg-marathon.com,半程或以上,未提及,,ronggui@gustomail.cn,18024900392,广东新中体育集团有限公司,2024-12-10 15:05,广东,A,1.退赛退费：（1）已提交报名信息及支付的选手，在退改服务期限内，可在订单页面自行办理退费服务。（2）完成缴费后24小时内的报名订单，申请退赛退费的将不收取任何费用，报名费将在申请后1个工作日内全额原路退回。（3）完成缴费后超过24小时的报名订单，申请退赛退费的不论项目均需收取20元/次的服务费，扣除相应服务费后剩余费用在申请后1个工作日内原路退回。2.改换项目：（1）需要更换项目的选手，在报名截止前，可先进行退赛退费操作后，重新报名需改换的项目。（2）从短距离项目改长距离项目者，还须符合长距离项目参赛条件并通过审核后方能获得参赛资格。3.退改服务期限：报名截止后不再受理改换项目申请，12月1日退费服务系统关闭，将不再受理任何退费申请。,2024-11-20 18:00,,✔️,广东省佛山市顺德区茶基大街海骏达广场,已结束,佛山市顺德区人民政府,2025-01-05 13:28,200/180/90,报名时缴费,15000,,顺德容桂马拉松、第一赛道,顺德容桂环岛马拉松
半程 / 中距离 / 短距离,2025-03-02 16:00,官网/微信/小程序 / 数字心动,,3000/2000/5000,https://www.jtmsmls.com,未提及,自行评估,,jtmsmls@163.com,,,,江苏,A,无,2025-03-23 16:00,,✔️,,取消,常州市金坛区人民政府 / 常州市体育局,,150/90/60,报名时缴费,10000,,金坛茅山半程马拉松、有迈路跑,金坛茅山半程马拉松
全程 / 半程 / 短距离,2025-02-05 10:00,官网/微信/小程序 / 数字心动,,2000/4000/4000,,半程或以上,自行评估,,shuangao66@163.com,010-53383535,北京双奥体育文化产业集团有限公司,,河南,B,无,2025-03-15 18:00,,❌,滑县滑园风景区,取消,滑县人民政府,,150/120/50,报名时缴费,10000,,滑县马拉松,滑县马拉松
,,官网/微信/小程序,,,,,,,,,海南今燊体育文化发展有限公司,,四川,A,,,,,,待确定,广元市人民政府 / 四川省田径协会,,,,10000,,,广元半程马拉松
全程 / 半程 / 短距离,,官网/微信/小程序,,2000/5000/3000,,,,,,,,,浙江,A,,,,,,待确定,浙江省马拉松及路跑协会 / 慈溪市人民政府,,,,10000,,,慈溪马拉松
全程,2024-09-25 10:00,官网/微信/小程序 / 数字心动,,35000,https://www.xmim.org,未提及,未提及,"https://docimg3.docs.qq.com/image/AgAACG-qqCHD3e5ipMFG_oNA9MjeVv52.jpeg?w=1242&h=2688, https://docimg3.docs.qq.com/image/AgAACG-qqCFeMnfPuvlN372oXfQ6Ecsn.png?w=924&h=658",bmc@xmim.org,0592-5372205,厦门文广体育有限公司,2024-10-21 15:25,福建,A / 白金 / AIMS,无,2024-10-15 18:00,,✔️,厦门国际会议展览中心,已结束,厦门市人民政府,2025-01-05 16:47,200,中签后缴费,35000,,厦门马拉松赛,厦门马拉松赛
全程 / 半程 / 短距离,2025-09-24 10:00,官网/微信/小程序,,5000/10000/5000,,,,,,,,,湖南,A,,2025-10-30 17:00,,✔️,,取消,湖南省体育局 / 株洲市人民政府,,150/120/60,,20000,,,株洲马拉松
半程 / 短距离,2025-07-02 18:00,官网/微信/小程序 / 数字心动 / 润赛美佳 / 马拉马拉,,7000/5000,,未提及,自行评估,,gxinwenti@163.com,13021703779,山东国信文体科技股份有限公司,,山东,B,,2025-09-15 18:00,https://docimg8.docs.qq.com/image/AgAACG-qqCGKtp9-1nNLe66TyqEJs47f.png?w=1080&h=1949,❌,黄河三角洲农产品交易服务中心,取消,滨州市人民政府,,100/30,报名时缴费,12000,,滨州半程马拉松、山东国信文体,滨州半程马拉松
全程 / 半程 / 短距离,2024-10-31 10:00,数字心动,,4000/8000/8000,https://www.sichuanbojiesports.com,半程或以上,必须,,bojiesports@126.com,13529388388,四川博捷体育文化传播有限公司,,云南,A,无,2024-12-15 22:00,,❌,普洱大剧院,已结束,云南省体育局 / 普洱市人民政府,2025-01-12 14:33,150/120/60,报名时缴费,20000,,博捷体育、普洱思茅马拉松,普洱思茅马拉松
半程 / 10km / 5km / 短距离,2024-09-30 10:00,官网/微信/小程序,,1200/3000/1500/400,https://donate.unicef.org.hk/zh-hant/run24/,未提及,未提及,,run@unicef.org.hk,(852)28336139,,,香港,HK / AIMS,无,2024-11-29 23:59,,❌,香港迪士尼乐园度假区,已结束,聯合國兒童基金會香港委員會,2025-01-12 00:00,HK$600/550/500/400,报名时缴费,6100,,,聯合國兒童基金會慈善跑
全程 / 半程,2024-11-13 07:00,官网/微信/小程序,,400/600,https://avohk.org/index.php/china-coast/,未提及,未提及,,chinacoastmarathon@gmail.com,,,,香港,AIMS,无,2024-12-15 23:59,,❌,大网仔路,已结束,香港元老田徑會,2025-01-12 15:18,HK$580/580,报名时缴费,1000,,,中國沿岸馬拉松/中國沿岸半馬拉松
10km,,官网/微信/小程序,,,,,,,,,,,山东,A,,,,,,待确定,,,,,,,,中国田径协会10公里精英赛（济南站）暨济南10公里
半程,2024-07-25 14:00,官网/微信/小程序,,8000,https://www.hzmb-halfmarathon.com/,未提及,未提及,,hzmb-halfmarathon@hkaaa.com,(852)21772522,,2024-08-05 10:04,香港,HK / 金标 / AIMS,无,2024-08-01 18:00,,✔️,港珠澳大桥香港口岸,已结束,中国香港田径总会,2025-01-05 09:47,610(US$65),中签后缴费,8000,,,港珠澳大橋（香港段）半馬拉松
全程 / 半程 / 短距离,2024-12-18 10:00,官网/微信/小程序 / 数字心动 / 第一赛道 / 健步圈,,3000/3000/6000,,全程 / 半程或以上,必须,,WanfenglinMalasong@163.com,15338697179,,,贵州,B,无,2025-01-16 15:00,,❌,阳光谷旅游度假区,已结束,贵州省体育局 / 黔西南州人民政府,2025-02-09 13:42,150/120/39,报名时缴费,12000,,万峰林马拉松,万峰林马拉松
全程 / 半程 / 中距离 / 短距离,2024-08-20 16:00,官网/微信/小程序,,4730/9270/8000/3000,http://scbmarathon2024.com/index.php,未提及,未提及,,service@sportsnet.org.tw,(886)02-2585-5659,,,台湾,AIMS,"報名後-2024年11月8日 17:00	退款比例80%	申請即受理；
2024年11月8日 17:01-2024年12月30日 17:00 退款比例60%	申請即受理；
2024年12月30日 17:01-2025年1月13日 17:00 退款比例50%	僅限下列情況並檢附證明者得以申請1. 天然或人為災害2. 交通中斷3. 兵役或點閱、教育召集4. 傷病或妊娠5. 配偶或參與者一親等內親屬喪葬",2024-10-31 16:00,,❌,总统府第二局第五科图书馆,已结束,"""中華民國路跑協會""",2025-01-12 15:38,NT$1500/1300/850/650,报名时缴费,25000,,,臺北公益馬拉松
半程 / 短距离,2025-08-15 14:00,官网/微信/小程序 / 数字心动 / 第一赛道,,4500/2000,https://xingan.sport-china.cn,半程或以上,自行评估,,xingan@gustomail.cn,,安徽盛齐体育发展有限责任公司,,广西,A,报名结束前可退出,2025-10-10 17:00,,❌,灵渠博物院,取消,桂林市体育局 / 兴安县人民政府,,120/60,报名时缴费,6500,,兴安灵渠马拉松、第一赛道,兴安灵渠半程马拉松
全程 / 半程 / 短距离,2025-02-05 17:00,官网/微信/小程序 / 数字心动,,13000/16000/20000,,未提及,现场核验,,,,河南世纪中原体育文化有限公司,2025-02-26 16:28,河南,A / 标牌,无,2025-02-17 18:00,,✔️,郑开大道,取消,河南省体育局 / 郑州市人民政府 / 开封市人民政府,,170/150/60,报名时缴费,49000,,郑开马拉松,郑开马拉松赛
全程 / 半程 / 短距离,2025-09-02 15:00,官网/微信/小程序,,3000/13500/8500,https://www.tamls.cn,马拉松项目需半程以上完赛经历 / 10km及以上,未提及,,tamls2025@163.com,15689901187,青岛青马爱跑体育文化有限公司,2025-09-26 00:00,山东,A,报名时间内，所有报名者可申请取消报名并退款。,2025-09-20 17:00,,✔️,,取消,山东省体育局 / 泰安市人民政府,,150/150/80,报名时缴费,25000,,2025泰安马拉松、青马文体 ,泰安马拉松
半程 / 短距离,2025-09-05 10:00,官网/微信/小程序 / 数字心动,,8000/2000,,未提及,自行评估,,kuaimatiyu@163.com,0311-85870001,河北快马体育科技有限公司,2025-09-23 00:00,河北,B,,2025-09-15 17:00,,✔️,,取消,河北省红十字会三献工作事务中心 / 河北省红十字会备灾救灾救助中心 / 石家庄市红十字会 / 石家庄市鹿泉区人民政府,,120/30,报名时缴费,10000,,鹿泉半程马拉松,石家庄·鹿泉半程马拉松赛
全程 / 半程 / 10km / 短距离,2024-07-15 14:00,官网/微信/小程序 / 運動筆記,,?/3000/3000/?,https://irunner.biji.co/twnmarathon2025,未提及,未提及,,irunner@biji.co,(886)0910-581659,,,台湾,AIMS,无,2024-10-22 23:59,https://docimg7.docs.qq.com/image/AgAACG-qqCFrPuSz3zdLLJU3o7l_4BlZ.png?w=1000&h=707,❌,,已结束,台灣國際馬拉松交流協會 / 亞洲馬拉松大聯盟,2025-01-05 15:40,NT$1400/1200/1000/800,报名时缴费,,,,台南國際馬拉松
半程 / 10km / 短距离,2025-07-05 10:00,官网/微信/小程序 / 数字心动,,5000/3000/2000,,,,,,,,,安徽,A / WA,,2025-08-20 10:00,,❌,,取消,中国田径协会 / 安徽省体育局 / 宣城市人民政府,,100/80/40,,10000,,,宣城半程马拉松暨中国田径协会10公里精英赛（宣城站）
全程 / 半程 / 短距离,2024-11-16 10:00,官网/微信/小程序 / 数字心动,,4000/5000/3000,,半程或以上,未提及,,maoming_marathon@126.com,18813543284,广州珠江体育文化发展股份有限公司 / 广州乐跑客文化体育发展有限公司,2024-12-14 15:48,广东,B,无,2024-12-06 17:00,,✔️,中国第一滩旅游度假区,已结束,茂名市人民政府,2025-01-05 16:57,180/160/100,报名时缴费,12000,,茂名马拉松,茂名马拉松赛
,,官网/微信/小程序,,,,,,,,,,,江苏,,,,,,,待确定,,,,,,,,苏州太湖蓝女子半程马拉松
全程 / 半程 / 短距离,2025-08-25 10:00,官网/微信/小程序 / 数字心动 / 马拉马拉 / 最酷,,2000/3000/5000,,未提及,自行评估,,15662748418@163.com,15662748418,山东文旅传媒集团有限公司,,山东,A,,2025-09-15 17:00,,❌,,取消,东明县人民政府,,100/80/50,报名时缴费,10000,,速豹体育,菏泽东明马拉松
全程 / 半程 / 短距离,2025-09-29 10:00,官网/微信/小程序 / 数字心动,,4000/8000/8000,,未提及,自行评估,,,13548958510,湖南御峰体育文化集团有限公司,,湖南,A / 标牌,,2025-10-16 09:00,,❌,柳叶湖游客广场,取消,湖南省体育局 / 常德市人民政府,,150/120/80,报名时缴费,20000,,2025常德柳叶湖马拉松,常德柳叶湖马拉松
全程 / 半程 / 短距离,2024-10-17 10:00,官网/微信/小程序 / 数字心动,,1000/2000/2000,https://www.xuwenmarathon.com,半程或以上,未提及,,info@oceanwidesports.com,19903046020,广州宽洋体育产业有限公司,2024-12-06 15:47,广东,B,无,2024-11-29 16:00,,✔️,RCEP徐闻菠萝国际采购交易中心,已结束,徐闻县人民政府,2025-01-05 00:07,180/150/80,报名时缴费,5000,,宽洋体育、徐闻菠萝的海马拉松,徐闻马拉松
全程 / 半程 / 短距离,2025-08-13 10:00,官网/微信/小程序,,1500/6500/2000,,,,,,,青岛平头体育有限公司,2025-09-16 00:00,山东,A,,2025-09-05 17:00,,✔️,,取消,烟台市体育局 / 龙口市人民政府,,180/150/80,,10000,,,龙口马拉松
全程 / 半程 / 10km / 短距离,2025-09-01 10:00,官网/微信/小程序 / 数字心动,,5000/8000/3000/4000,,半程或以上,自行评估,,tongren@gustomail.cn,,,2025-10-20 00:00,贵州,A,,2025-10-15 17:00,,✔️,,取消,,,180/150/88/60,报名时缴费,20000,,梵净山马拉松,贵州铜仁·梵净山马拉松
全程 / 半程 / 10km,2024-08-21 10:00,官网/微信/小程序,,18000/24500/30900,https://www.hkmarathon.com,未提及,未提及,,hkmarathon@hkaaa.com,(852)25770800,,2024-09-04 17:27,香港,HK / 金标 / AIMS,,2024-08-30 19:00,,✔️,尖沙咀地铁站,已结束,中国香港田径总会,2025-02-09 17:36,US$90/85/70,中签后缴费,73400,,,香港馬拉松
半程 / 中距离 / 短距离,2025-09-26 09:18,官网/微信/小程序 / 数字心动,,6000/3000/6000,,未提及,自行评估,,tonglingmarathon@163.com,0562-5852589,,,安徽,A,,2025-10-14 12:00,,❌,,取消,,,120/80/50,报名时缴费,15000,,铜陵半程马拉松、铜陵马拉松,铜陵半程马拉松
,,,,,,,,,,,,,广东,,,,,,,待确定,,,,,,,,龙门半程马拉松赛
全程 / 半程 / 短距离,2025-08-05 17:00,官网/微信/小程序 / 数字心动 / 最酷,,3000/8000/4000,,未提及,自行评估,,,18569407629,,,湖南,A,10/2之前可以退出,2025-09-30 18:00,,❌,张家界市贺龙体育中心,取消,湖南省体育局 / 张家界市人民政府,,150/100/40,报名时缴费,15000,,湖南省田径协会,张家界马拉松
,,,,,,,,,,,,,江苏,精英,,,,,,待确定,,,,,,,,苏州环金鸡湖半程马拉松
,,官网/微信/小程序,,,,,,,,,,,辽宁,A,,,,,,待确定,,,,,10000,,,鞍山·千山半程马拉松
全程 / 半程 / 短距离,2025-08-25 10:00,官网/微信/小程序 / 高德地图 / 数字心动,,2000/5000/3000,http://haimenmarathon.umaysports.cn/,未提及,自行评估,,haimenmarathon@163.com,19905197127,,2025-10-10 00:00,江苏,A,,2025-09-30 18:00,,✔️,黄浦江路与太仓路交叉口,取消,,,150/120/80,报名时缴费,10000,,海门马拉松、有迈路跑,海门马拉松
,,官网/微信/小程序,,,,,,,,,,,河北,,,,,,,待确定,,,,,,,,康保马拉松
全程 / 半程 / 短距离,2024-12-28 10:00,官网/微信/小程序 / 数字心动 / 赛中赛,,5000/10000/5000,,马拉松项目需半程以上完赛经历,必须,,,,深圳中赛体育产业发展有限公司,2025-01-13 17:11,浙江,A,无,2025-01-07 18:00,,✔️,嘉兴大剧院,已结束,浙江省体育局 / 嘉兴市人民政府,2025-03-30 09:25,150/120/80,报名时缴费,20000,,嘉兴马拉松,嘉兴马拉松
全程 / 半程 / 短距离,2024-12-27 10:00,官网/微信/小程序,,25000/8000/2000,https://wuximarathon.com,未提及,未提及,,kefu@ihuipao.com,400-99-42195,无锡汇跑体育有限公司,2025-01-10 09:08,江苏,A / 金标 / AIMS,,2025-01-03 17:00,https://docimg4.docs.qq.com/image/AgAACG-qqCEXTUOefwlIAZQTYtt8HwWH.png?w=1080&h=1438,✔️,太湖西大道与隐秀路辅路交叉口,已结束,无锡市人民政府,2025-03-23 09:42,200/200/100,中签后缴费,35000,,汇跑赛事,无锡马拉松
全程 / 半程,2025-01-03 10:00,官网/微信/小程序,,15000/10000,https://www.suzhoucitymarathon.com,未提及,自行评估,"https://docimg1.docs.qq.com/image/AgAACG-qqCHiokL0mDRNgJMoghxYQ7Wa.jpeg?w=1280&h=759, https://docimg1.docs.qq.com/image/AgAACG-qqCGBJ7L7mZdDvZlgQfAk1f20.jpeg?w=1280&h=759",shanpao@xempower.com.cn,025-87775902,南京善跑体育科技有限公司,2025-01-22 23:11,江苏,A,抽签前可退，中签后不可退出,2025-01-12 17:00,https://docimg7.docs.qq.com/image/AgAACG-qqCHY6iol_LFB95UOqI4Cv0lJ.jpeg?w=1077&h=762,✔️,狮山文化广场,已结束,苏州市人民政府,2025-03-02 17:16,200/200,报名时缴费,25000,,苏州马拉松,苏州马拉松
全程 / 半程 / 10km / 短距离,2024-12-20 10:00,官网/微信/小程序 / 数字心动,,5000/5000/2000/4000,,未提及,未提及,,,,安徽波动马拉松赛事运营管理有限公司 / 黄山波动体育赛事运营管理有限公司,2025-01-13 18:55,安徽,A / WA,无,2025-01-05 22:00,,✔️,,已结束,中国田径协会 / 芜湖市人民政府,2025-03-30 15:40,,报名时缴费,16000,,航空芜马,芜湖马拉松暨中国田径协会10公里精英赛（芜湖站）
半程 / 短距离,2025-01-22 10:00,官网/微信/小程序,,6000/2000,,半程或以上,可用完赛证书,,,0577-86626628,,,浙江,A,无,2025-02-05 17:00,,❌,,已结束,温州市体育局 / 温州市龙湾区人民政府,2025-03-30 13:14,120/60,报名时缴费,8000,,龙湾马拉松,龙湾半程马拉松
全程 / 半程 / 短距离,2024-12-31 10:00,官网/微信/小程序 / 高德地图 / 数字心动 / 跑跑网(马拉松报名) / 马拉马拉 / 最酷,,5000/7000/8000,http://www.lsmarathon.org,未提及,必须,,lishuimarathon@163.com,15157818700,浙江飞翔体育文化有限公司,,浙江,A,,2025-01-14 17:00,,❌,处州公园,已结束,丽水市人民政府,2025-03-30 00:00,150/100/50,报名时缴费,20000,,丽水马拉松,丽水马拉松
全程 / 半程 / 短距离,2025-01-24 10:00,数字心动,,12000/18000/5000,http://www.siz-marathon.com,未提及,自行评估,,sizmls@yerensports.com,0311-87710266,河北野人体育文化发展有限公司,2025-02-19 13:01,河北,A / 标牌,无,2025-02-09 17:00,,✔️,解放广场,已结束,石家庄市人民政府,2025-03-30 16:48,150/120/20,报名时缴费,35000,,石家庄马拉松赛,石家庄马拉松
半程 / 短距离,2024-12-25 10:00,官网/微信/小程序 / 数字心动 / 马拉马拉 / 最酷 / 赛客 / 跑跑网(马拉松报名) / 我要赛 / 小艾爱跑,,8000/7000,,未提及,未提及,,zjslty@126.com,19979146070,浙江森狼体育发展有限公司,2025-01-25 17:51,江西,A,无,2025-01-15 23:59,,✔️,复兴大道辅路,已结束,南昌市体育局 / 南昌县人民政府,2025-03-09 09:21,100/50,报名时缴费,15000,,南昌象湖半程马拉松,南昌象湖半程马拉松
半程 / 短距离,2025-01-16 10:00,官网/微信/小程序 / 马拉马拉 / 最酷,,7000/8000,,半程或以上,可用完赛证书,,srmarathon@163.com,18720369011,江西奥立特体育文化发展有限公司,,江西,A,1.退费：完成缴费后24小时内的订单，申请退赛退费的将不收取任何费用，报名费将在申请后7个工作日内全额原路退回。2.改换项目：（1）需要更换项目的选手，需先完成退费操作后，可重新报名需改换的项目；（2）从短距离项目改长距离项目者，还须符合长距离项目参赛条件并通过审核后方能获得参赛资格。3.退改服务期限：在2月15日后，退费服务系统关闭，将不再受理任何退费申请；,2025-02-15 18:00,,❌,市民公园,已结束,上饶市人民政府,2025-03-23 11:03,100/50,报名时缴费,15000,,上饶马拉松,上饶半程马拉松赛
半程 / 短距离,2025-01-26 10:00,官网/微信/小程序,,7000/3000,https://http:..www.dream-marathon.com,半程或以上,可用完赛证书,,dream_marathon@163.com,13388436994,杭州立夏科技体育有限公司,,浙江,A,无,2025-02-28 17:00,,❌,杭州未来科技城学术交流中心,已结束,杭州市余杭区人民政府,2025-03-30 11:13,100/60,报名时缴费,10000,,杭州梦想小镇半程马拉松,杭州梦想小镇半程马拉松
半程,2025-02-20 10:00,官网/微信/小程序 / 数字心动 / 最酷 / 我要赛 / 跑跑网(马拉松报名) / 马拉马拉,,5000,https://www.world550.com,未提及,自行评估,,550huiyanbu@china550.org,17821357388,戈友文化传媒（上海）有限公司,,上海,A,无,2025-02-24 16:00,,❌,陈家镇自行车公园,已结束,上海市崇明区人民政府,2025-03-30 09:15,150,报名时缴费,5000,,550体育,上海长江半程马拉松赛 
全程 / 10km,2024-10-15 12:00,官网/微信/小程序,,6000/5000,https://wanjinshi-marathon.com.tw/,未提及,未提及,,wanjinshimarathon@gmail.com,(886)0958-725-204,動能策略行銷有限公司,2024-11-01 10:19,台湾,CT / 金标 / AIMS,2024年12月24日前可退60%报名费 ,2024-10-30 12:00,,✔️,,已结束,"新北市政府 / ""中華民國田徑協會""",2025-03-16 10:42,NT$1500/800,报名时缴费,11000,,,新北市万金石马拉松
全程 / 半程 / 短距离,2025-01-09 10:00,官网/微信/小程序,,3000/5000/10000,,未提及,自行评估,,qzty001@163.com,0777-3819766,广西盈动体育有限公司,2025-02-18 10:20,广西,B,无,2025-02-09 23:59,,✔️,和谐公园,已结束,广西壮族自治区体育局 / 钦州市人民政府,2025-03-16 10:19,180/160/60,报名时缴费,18000,,桂运动、钦州市文化广电体育和旅游局,钦州马拉松赛
半程 / 短距离,2025-01-16 10:00,官网/微信/小程序,,8000/7000,https://www.shangyu-marathon.com,,自行评估,,shangyumls@163.com,0575-82200455,广州博润体育科技有限公司,,浙江,A / 标牌,无,2025-02-16 17:00,,❌,上虞新体育中心,已结束,绍兴市上虞区人民政府,2025-03-30 00:00,100/40,报名时缴费,15000,,曹娥江半程马拉松赛,绍兴·上虞半程马拉松
半程 / 10km / 短距离,2024-10-21 12:00,官网/微信/小程序,,10000/9000/5000,,未提及,未提及,,,,,,台湾,CT / AIMS / WA,,2024-12-12 23:59,,❌,,已结束,,2025-03-02 15:41,NT$1000/80/500,报名时缴费,24000,,,臺南古都國際半程馬拉松
全程 / 半程 / 短距离,2025-01-09 10:00,官网/微信/小程序,,4000/8000/8000,,,,,ycmls520@163.com,025-87775902,南京善跑体育科技有限公司,2025-02-20 09:18,江苏,A / 标牌,出签前可退出,2025-02-09 18:00,https://docimg9.docs.qq.com/image/AgAACG-qqCGPY3C6FORLQqT4YicwD-0y.jpeg?w=1080&h=1527,✔️,盐城奥体中心,已结束,盐城市人民政府,2025-03-30 17:19,160/160/80,报名时缴费,20000,,盐城马拉松,盐城马拉松
半程 / 短距离,2025-02-06 10:00,官网/微信/小程序 / 数字心动,,7000/3000,http://zhongloumarathon.umaysports.cn,未提及,自行评估,,zhongloumarathon@163.com,19905197127,江苏有迈体育发展股份有限公司,2025-03-07 15:33,江苏,A,无,2025-03-02 18:00,,✔️,晋陵体育西林全民健身中心,已结束,常州市钟楼区人民政府 / 常州市体育局,2025-03-30 15:57,150/60,报名时缴费,10000,,钟楼半程马拉松、有迈路跑,常州钟楼半程马拉松
全程 / 半程 / 短距离,2025-01-02 16:18,官网/微信/小程序 / 数字心动 / 马拉马拉,,4000/8000/8000,https://www.jz-marathon.com,未提及,自行评估,,jingzhoumarathon@163.com,13260675696,广州博润体育科技有限公司,2025-03-07 00:00,湖北,标牌,无,2025-03-03 23:59,,✔️,,已结束,荆州市人民政府,2025-03-30 14:22,180/150/80,报名时缴费,20000,,荆州马拉松,荆州马拉松
半程 / 短距离,2025-01-19 10:00,官网/微信/小程序 / 数字心动 / 马拉马拉,,20000/10000,http://www.yzmls.com,未提及,自行评估,"https://docimg1.docs.qq.com/image/AgAACG-qqCHkO0LqKulL4bRvm0rz2Avg.png?w=1080&h=608, https://docimg9.docs.qq.com/image/AgAACG-qqCHbpnPD-4NA0r92qJWKO_cP.png?w=1080&h=608",yzmls@yzmls.com,18618329968,中奥路跑(北京)体育管理有限公司,2025-02-13 16:17,江苏,A / 金标,无,2025-01-25 10:00,,✔️,扬州市民中心广场,已结束,扬州市人民政府,2025-03-30 09:43,180/50,中签后缴费,30000,,扬州马拉松,扬州半程马拉松
半程 / 短距离,2025-01-15 10:00,官网/微信/小程序 / 数字心动,,5000/3000,https://hirunsport.com,半程或以上,可用完赛证书,,hirunkefu@163.com,18248484836,杭州嗨跑体育管理有限公司,,浙江,A,2025年1月22日（含）之前退出退还80%报名费，组委会将在收到退出申请后一周内办理退款，1月22日之后不可退出。,2025-01-22 18:00,,❌,乐清市体育中心,已结束,温州市体育局 / 乐清市人民政府,2025-03-23 09:56,120/60,报名时缴费,8000,,乐清半程马拉松,乐清半程马拉松
全程 / 短距离,2024-11-08 10:00,官网/微信/小程序,,25000/10000,https://www.cqmarathon.com,半程或以上,未提及,"https://docimg2.docs.qq.com/image/AgAACG-qqCFMPLrY9_lGfq93q747H62J.jpeg?w=1280&h=3188, https://docimg3.docs.qq.com/image/AgAACG-qqCFWEDJhtYNHQYof2QHBlHab.png?w=672&h=540",cqmarathon@163.com,,重庆重马体育发展有限公司,2024-12-05 10:27,重庆,A / 金标 / AIMS / CMM,无,2024-11-15 10:00,https://docimg1.docs.qq.com/image/AgAACG-qqCHnblzpM11Dv7PV81Y6B1JJ.jpeg?w=1280&h=906,✔️,海棠烟雨公园,已结束,重庆市体育局 / 重庆市南岸区人民政府 / 重庆市巴南区人民政府,2025-03-02 09:20,200/120,报名时缴费,35000,,重马体育,重庆马拉松
10km / 短距离,2025-02-08 09:00,官网/微信/小程序,,7000/3000,https://www.macao10k.com,未提及,未提及,,macao10k@sport.gov.cn,(853)28236363,,,澳门,MC / AIMS,限期付费更改项目，无退出机制,2025-03-01 00:00,,❌,西湾湖广场,已结束,澳门特别行政区体育局 / 金沙中国有限公司 / 澳门田径总会,2025-03-16 09:53,MOP200/70,报名时缴费,10000,,澳门体育,澳门国际十公里长跑赛
全程 / 半程 / 短距离,2024-12-31 10:00,官网/微信/小程序 / 第一赛道,,7000/8000/8000,http://www.qy-marathon.com/,半程或以上,现场核验,,qy@gustomail.cn,,广东新中体育集团有限公司,2025-02-12 09:52,广东,A,1.退赛退费：（1）已提交报名信息及支付的选手，在退改服务期限内，可在订单页面自行办理退费服务。（2）完成缴费后24小时内的报名订单，申请退赛退费的将不收取任何费用，报名费将在申请后1个工作日内全额原路退回。（3）完成缴费后超过24小时的报名订单，申请退赛退费的不论项目均需收取20元/次的服务费，扣除相应服务费后剩余费用在申请后1个工作日内原路退回。2.改换项目：（1）需要更换项目的选手，在退改服务截止前，可先进行退赛退费操作后，重新报名需改换的项目。（2）从短距离项目改长距离项目者，还须符合长距离项目参赛条件并通过审核后方能获得参赛资格。3.退改服务期限：2025年2月15日退费服务系统关闭，将不再受理任何退费申请。,2025-02-05 18:00,,✔️,清远体育馆,已结束,清远市人民政府 ,2025-03-16 09:50,180/160/100,报名时缴费,23000,,第一赛道、清远马拉松,清远马拉松赛
半程 / 短距离,2025-01-13 10:00,官网/微信/小程序,,4000/2000,http://daishanmarathon.com,未提及,未提及,,dshjmarathon@163.com,0580-4476012,北京中迹体育管理有限公司,,浙江,A,无,2025-01-15 17:00,https://docimg9.docs.qq.com/image/AgAACG-qqCGbfHC7hP1LIpEU_lZJ9kW_.jpeg?w=1280&h=1810,❌,岱山体育馆,已结束,岱山县人民政府,2025-03-30 09:29,150/60,报名时缴费,6000,,岱山海岬半程马拉松,岱山海岬半程马拉松
全程 / 半程 / 短距离,2024-12-30 10:00,官网/微信/小程序 / 数字心动,,3000/5000/7000,https://www.qujingluoping-marathon.saihuitong.com,马拉松项目需半程以上完赛经历,现场核验,,luoping_marathon@126.com,0871-65629970,,2025-02-01 10:12,云南,A,,2025-01-25 18:00,,✔️,罗平体育中心,已结束,云南省体育局 / 云南省文化和旅游局 / 云南省民族宗教事务委员会 / 曲靖市人民政府,2025-02-23 10:00,200/150/80,,15000,,2025曲靖罗平马拉松,曲靖罗平马拉松
半程 / 短距离,2025-01-08 10:00,官网/微信/小程序 / 润赛美佳 / 数字心动,,4000/6000,,未提及,未提及,,ztdjkgs@163.com,13399832830,成都中体大健康体育文化传播有限公司,,四川,A,无,2025-01-28 18:00,,❌,远洋广场,已结束,犍为县人民政府 / 四川省田径协会,2025-03-15 11:02,160/80,报名时缴费,10000,,中体大健康,乐山犍为茉莉之乡半程马拉松
全程 / 半程 / 短距离,2025-01-13 10:00,官网/微信/小程序 / 数字心动,,2000/5000/3000,,半程或以上 / 10km及以上,自行评估,,jiangyoumarathon@163.com,028-62077702,四川体产赛事管理有限公司,,四川,A,无,2025-02-13 17:00,,❌,江油市体育中心,已结束,江油市人民政府,2025-03-02 10:16,150/120/60,报名时缴费,10000,,江油太白杯马拉松,江油马拉松
全程 / 半程 / 短距离,2025-01-18 10:00,数字心动,,3000/7000/5000,,未提及,自行评估,,,15252484774,,2025-02-17 15:22,江苏,A / 标牌,,2025-02-06 23:59,,✔️,兰溪公园,已结束,南京市浦口区人民政府,2025-03-09 10:48,150/120/60,报名时缴费,15000,,文旅浦口,南京浦口马拉松
全程 / 半程 / 10km / 短距离,2025-01-15 10:00,汇跑参赛助手 / 数字心动,,1500/5000/1500/2000,,未提及,自行评估,,,19073195101,,,湖南,A,无,2025-03-14 17:00,,❌,武陵路与玉泉路交叉口,已结束,张家界市武陵源区人民政府 / 张家界武陵源风景名胜区和国家森林公园管理局,2025-03-30 09:59,150/120/80/60,报名时缴费,10000,,张家界武陵源马拉松,张家界武陵源马拉松
半程 / 短距离,2024-11-20 10:00,官网/微信/小程序 / 数字心动,,16000/6000,,未提及,未提及,,bojiesports@126.com,13529388388,四川博捷体育文化传播有限公司,2025-01-01 15:08,四川,A / 白金 / AIMS,无,2024-12-20 22:00,https://docimg1.docs.qq.com/image/AgAACG-qqCFDbkF7BIBKspQ-KYrU3uvS.jpeg?w=1080&h=1512,✔️,仁寿体育场,已结束,仁寿县人民政府,2025-02-23 15:07,180/80,中签后缴费,22000,,眉山仁寿半程马拉松,眉山仁寿半程马拉松
半程 / 短距离,2025-01-18 12:00,官网/微信/小程序 / 数字心动,,7000/5000,http://www.jslsmls.com,未提及,自行评估,,jslsmls@163.com,,江苏有迈体育发展股份有限公司,2025-02-16 15:28,江苏,A,,2025-02-10 18:00,,✔️,致远路与涌泉路交叉口,已结束,南京市溧水区人民政府,2025-03-02 17:16,120/60,,12000,,南京溧水半程马拉松,南京溧水半程马拉松
全程 / 半程 / 短距离,2024-12-31 10:00,官网/微信/小程序 / 马拉马拉 / 数字心动,,2000/3000/5000,https://www.ya-marathon.com,未提及,未提及,,yamarathon@163.com,13260676179,,,湖北,B,无,2025-02-21 17:00,,❌,湖北远安桃花岛生态公园,已结束,远安县人民政府,2025-03-16 09:14,150/120/50,报名时缴费,10000,,远安田野马拉松,远安马拉松
半程 / 短距离,2025-01-10 10:00,官网/微信/小程序 / 最酷 / 润赛美佳 / 跑跑网(马拉松报名),,5000/8000,https://www.lxmarathon.com,未提及,必须,,1512768748@qq.com,13858990321,浙江青鸟捷出体育科技有限公司,,浙江,B,无,2025-03-05 14:00,,❌,兰溪市府广场-府前广场,已结束,兰溪市人民政府 / 浙江省马拉松及路跑协会,2025-03-23 17:20,100/50,报名时缴费,13000,,兰溪文旅,浙江兰溪乡村半程马拉松赛
全程 / 半程 / 短距离,2025-01-27 16:00,官网/微信/小程序 / 数字心动 / 马拉马拉 / 跑跑网(马拉松报名),,3000/5000/7000,http://xiantao-marathon.com,未提及,自行评估,,marathonhubei@126.com,19720273211,,2025-03-04 13:42,湖北,A,无,2025-02-27 16:00,,✔️,荣怀学校,已结束,湖北省体育局 / 仙桃市人民政府,2025-03-30 14:36,180/120/80,报名时缴费,15000,,仙桃体育,仙桃马拉松
全程 / 半程 / 短距离,2024-12-23 10:00,官网/微信/小程序 / 第一赛道 / 数字心动,,4000/7000/4000,https://www.fenghuataohuamarathon.com,半程或以上 / 10km及以上,可用完赛证书,,fenghuamarqathon@luyuesport.com,13534392052,路越（上海）体育发展有限公司,,浙江,A,无,2025-02-28 18:00,,❌,奉化体育场,已结束,宁波市奉化区人民政府,2025-03-22 00:00,150/120/100,报名时缴费,15000,,奉化马拉松,奉化马拉松
半程 / 短距离,2024-12-16 16:00,官网/微信/小程序 / 数字心动,,8000/7000,https://www.sherowm.com,未提及,必须,,,13368251109,江北区文化旅游开发有限公司 / 开承体育文化产业（重庆）有限公司,2025-02-12 09:45,重庆,A,无,2025-01-15 23:59,,✔️,鎏嘉码头,已结束,重庆市江北区人民政府 / 重庆市妇女联合会 / 重庆广播电视集团（总台）,2025-03-23 09:46,168/98,报名时缴费,15000,,重庆女马,重庆女子半程马拉松
半程 / 短距离,2025-01-03 10:00,官网/微信/小程序 / 汇跑参赛助手,,5000/2000,https://yangshan.marathon.org.cn,未提及,自行评估,,kefu@hsqmjs.com,18921166253,无锡问源体育文化有限公司 / 成都双遗体育产业发展有限公司,2025-01-23 17:53,江苏,A,3月2日前可退出,2025-01-15 17:00,,✔️,,已结束,无锡市惠山区人民政府,2025-03-30 17:16,160/100,报名时缴费,7000,,,阳山半程马拉松
全程 / 半程 / 短距离,2024-12-05 12:00,官网/微信/小程序 / 最酷,,2000/4000/4000,,未提及,未提及,,,17316784625,重庆云动风行体育文化传播有限公司,,重庆,A,无,2025-01-23 23:59,https://docimg6.docs.qq.com/image/AgAACG-qqCFLD5fXuFdBN5m77vUYCyMo.png?w=1080&h=1064,❌,铜梁龙城天街,已结束,重庆市铜梁区人民政府,2025-02-23 10:21,150/120/60,报名时缴费,10000,,重庆铜梁龙马拉松,重庆铜梁马拉松
半程 / 短距离,2025-01-16 10:00,官网/微信/小程序,,3000/2000,,未提及,自行评估,,pysthmarathon@163.com,19079185632,江西汗青体育有限发展公司,,江西,B,无,2025-02-06 18:00,https://docimg6.docs.qq.com/image/AgAACG-qqCHPOjjTAwFHQoCjJno92ru8.jpeg?w=1280&h=905,❌,天子河公园,已结束,南昌高新技术产业开发区管委会 / 南昌市体育局 / 南昌市农业农村局 / 南昌市文化广电新闻出版旅游局,2025-03-16 15:28,100/50,报名时缴费,5000,,云动江西,南昌鄱阳湖半程马拉松
全程 / 半程 / 短距离,2024-12-27 10:00,官网/微信/小程序,,2000/4000/6000,,,,,,17316784625,重庆云动风行体育文化传播有限公司,,重庆,A,无,2025-02-25 23:59,https://docimg3.docs.qq.com/image/AgAACG-qqCFzj-UCxzVHfbVtksNVOu7V.png?w=955&h=1668,❌,三合湖湿地公园,已结束,垫江县人民政府,2025-03-23 21:20,150/120/60,报名时缴费,12000,,重庆垫江马拉松,重庆垫江马拉松
全程 / 半程 / 短距离,2024-12-26 10:00,官网/微信/小程序,,3000/7000/5000,https://www.sqmarathon.com,未提及,自行评估,,xq-marathon@xempower.com.cn,025-87775902,南京魔盒信息科技有限公司,2025-01-25 17:55,江苏,A,无,2025-01-15 18:00,,✔️,项王故里,已结束,宿迁市人民政府,2025-03-30 13:08,160/160/100,报名时缴费,15000,,宿迁城市马拉松,宿迁马拉松
全程 / 半程 / 中距离,2024-11-27 10:00,官网/微信/小程序 / 马拉马拉 / 数字心动,,15000/10000/15000,https://www.wuhanmarathon.org,未提及,未提及,,apply@wuhanmarathon.org,027-88712733,武汉体育发展投资有限公司 / 武汉汉马体育管理有限公司,2024-12-20 16:12,湖北,A / 金标 / CMM,无,2024-12-06 10:00,,✔️,沿江大道与三阳路交叉口,已结束,武汉市人民政府 / 湖北省体育局,2025-03-23 10:48,200/150/100,中签后缴费,40000,,武汉马拉松,武汉马拉松
全程 / 半程,2025-01-18 10:00,官网/微信/小程序 / 数字心动,,8000/12000,https://ningbomarathon.shuzixindong.com,未提及,自行评估,,competition@dafengsc.cn,19357652870,浙江大丰体育文化发展有限公司,2025-02-10 09:40,浙江,A,,2025-01-24 17:00,https://docimg4.docs.qq.com/image/AgAACG-qqCE0xIijTb9Nr6iKDnKU-i1O.png?w=1080&h=1657,✔️,阳光广场,已结束,浙江省体育局 / 宁波市人民政府,2025-03-23 18:10,180/150,中签后缴费,20000,,宁波马拉松,宁波马拉松
全程 / 半程 / 短距离,2025-01-25 10:00,数字心动,,2000/3000/7000,,未提及,自行评估,,,023-67302960,重庆千君万马体育发展有限公司 / 重庆炫豹体育文化产业有限公司,,重庆,A,无,2025-03-01 17:00,,❌,兴龙湖公园,已结束,中共重庆市永川区委 / 重庆市永川区人民政府,2025-03-16 09:29,180/150/60,报名时缴费,12000,,,永川马拉松
半程 / 中距离 / 短距离,2025-01-20 10:00,官网/微信/小程序 / 马拉马拉 / 润赛美佳 / 最酷 / 跑跑网(马拉松报名),,3000/1000/1000,,未提及,自行评估,,1423394986@qq.com,15871412919,武汉艾斯未来文化传媒有限公司 / 湖北省梁子湖文化体育发展有限公司,2025-03-05 13:41,湖北,B,有候补,2025-02-20 10:00,,✔️,梧桐湖码头,已结束,鄂州市梁子湖区人民政府 / 鄂州市文化和旅游局（体育局）,2025-03-30 17:41,100/40/20,中签后缴费,5000,,鄂州梁子湖半程马拉松,鄂州梁子湖半程马拉松
全程,2025-01-15 10:00,中国田径协会竞赛管理系统,,100,https://www.athletics.org.cn,达到马拉松二级运动员水平,未提及,,mls@athletics.org.cn,18057164230,华润文化体育发展有限公司,,广东,A,,2025-01-20 17:00,,❌,深圳湾体育中心,已结束,深圳市人民政府,2025-02-23 11:28,,,100,,,深港马拉松赛暨第十五届全国运动会田径（马拉松）测试赛
半程 / 中距离 / 短距离,2025-02-17 16:00,数字心动,,3000/2000/5000,,半程或以上,必须,,WanfenglinMalasong@163.com,15338697179,中体万向（北京）体育发展有限公司,,贵州,B,无,2025-03-05 17:13,,❌,阳光谷旅游度假区,已结束,黔西南州人民政府,2025-03-23 09:53,0/0/0,报名时缴费,10000,,万峰林马拉松,万峰林警察半程马拉松
半程 / 短距离,2024-12-23 10:00,官网/微信/小程序 / 数字心动 / 马拉马拉 / 润赛美佳 / 最酷 / 跑跑网(马拉松报名),,6000/4000,,未提及,自行评估,,1423394986@qq.com,17771860104,武汉空港国际文化教育有限公司 / 武汉艾斯未来文化传媒有限公司,2025-02-05 17:51,湖北,B,无,2025-01-13 23:59,,✔️,空港中心,已结束,武汉市黄陂区人民政府,2025-03-09 09:55,100/40,报名时缴费,10000,,,武汉空港国际商务新城半程马拉松
半程 / 短距离,2024-12-06 14:58,官网/微信/小程序,,8000/7000,http://www.cityrun.cc/front/marathon/detail/uid/15186/id/325.html,未提及,自行评估,,,13713809641,深圳市微马城市发展有限公司,,福建,B,无。经组委会确认获得参赛资格者，如无法参赛，物资包不予发放，报名费不予退还，组委会可给予保留下一届直接参赛资格，但须重新报名并缴纳报名费。如连续两年获得参赛资格，却均未到场参赛，则取消其随后一年的报名参赛资格。报名后由于不可抗因素（包括政策或天气变化）赛事取消无法参赛的，组委会可给予保留下一届直接免费参赛资格或申请退还报名费,2025-02-23 23:59,https://docimg3.docs.qq.com/image/AgAACG-qqCFpaCCfyiZOKbaGdfhoFsm7.png?w=1080&h=1225,❌,泉港锦绣广场,已结束,泉州市泉港区人民政府,2025-03-23 14:45,168/98,报名时缴费,15000,,泉港半程马拉松,泉港半程马拉松
半程 / 短距离,2024-12-24 20:00,官网/微信/小程序,,3000/2000,,未提及,自行评估,,mazumarathon@126.com,0591-38876306,福建省广播影视文化传媒有限公司,,福建,B,无,2025-02-28 20:00,,❌,莲池沙滩[公交站],已结束,湄洲岛国家旅游度假区管委会 / 莆田市体育局,2025-03-30 14:47,120/80,报名时缴费,5000,,妈祖女子马拉松,妈祖（湄洲岛）女子半程马拉松
全程 / 半程 / 短距离,2024-12-18 10:00,官网/微信/小程序 / 马拉马拉 / 数字心动 / 博润体育 / 智赛通 / 跑跑网(马拉松报名) / 最酷 / 赛客,,3000/5000/5000,,未提及,自行评估,,nhxxk_marathon@163.com,13260675696,南京极致体育发展有限公司,,浙江,A,无,2025-02-14 18:00,,❌,宁海西门城楼,已结束,宁海县人民政府 / 浙江省马拉松及路跑协会,2025-03-16 16:07,150/120/60,报名时缴费,13000,,宁海马拉松,宁海马拉松
半程 / 短距离,2024-12-01 19:00,官网/微信/小程序 / 马拉马拉,,,https://www.queenrun.cn,未提及,未提及,,suaosports@163.com,0512-65722565,江苏苏奥体育科技有限公司,2025-01-17 17:55,江苏,A / 精英,无,2025-01-03 17:00,,✔️,,已结束,无锡太湖国家旅游度假区管委会,2025-03-02 15:56,150/80,报名时缴费,,,QueenRun,无锡太湖女子半程马拉松
半程 / 短距离,2025-01-27 15:00,官网/微信/小程序 / 数字心动,,4500/4500,,未提及,现场核验,,zigongmarathon@scsig.com,13982042195,四川中奥致远体育文化传播有限公司,,四川,A,无,2025-02-28 17:00,,❌,青龙湖,已结束,自贡市大安区人民政府 / 自贡市人民政府 / 四川省田径协会,2025-03-09 10:09,120/60,报名时缴费,9000,,川体赛事,自贡半程马拉松
全程 / 半程 / 短距离,2025-01-06 10:00,官网/微信/小程序 / 最酷,,3000/10000/3000,,未提及,自行评估,,jiujiangmarathon@163.com,18066105306,江苏省体育竞赛有限公司,,江西,A,无,2025-02-10 10:00,,❌,,已结束,江西省体育局 / 九江市人民政府,2025-03-23 10:03,150/100/50,报名时缴费,16000,,九江马拉松,九江马拉松
半程 / 短距离,2025-02-20 15:00,官网/微信/小程序,,2000/5000,,未提及,未提及,,zjslty@126.com,18702590827,浙江森狼体育发展有限公司,,江西,A,无,2025-03-05 23:59,,❌,,已结束,修水县人民政府,2025-03-30 18:13,150/50,报名时缴费,7000,,修水马拉松,修水半程马拉松
半程 / 短距离,2025-01-17 10:00,官网/微信/小程序 / 第一赛道,,4000/3000,https://wuxuan.sport-china.cn,半程或以上,自行评估,,wuxuan@gustomail.cn,,广西新中体育有限责任公司,,广西,A,"1.退赛退费：（1）已提交报名信息及支付的选手，在退改服务期限内，可在订单页面自行办理退费服务。（2）完成缴费后24小时内的报名订单，申请退赛退费的将不收取任何费用，报名费将在申请后1个工作日内全额原路退回。（3）完成缴费后超过24小时的报名订单，申请退赛退费的不论项目均需收取20元/次的服务费，扣除相应服务费后剩余费用在申请后1个工作日内原路退回。
2.改换项目：（1）需要更换项目的选手，在退改服务截止前，可先进行退赛退费操作后，重新报名需改换的项目。（2）从短距离项目改长距离项目者，还须符合长距离项目参赛条件并通过审核后方能获得参赛资格。3.退改服务期限：2月16日退费服务系统关闭，将不再受理任何退费申请。4.由组委会审核报名资质不符合者，在报名截止前可以重新提交符合要求的资格证书，在报名截止后不能再重新提交。资格审核不通过的报名费将在报名截止后的7个工作日内全额原路退回。",2025-02-23 18:00,,❌,,已结束,来宾市人民政府,2025-03-09 10:48,120/60,报名时缴费,7000,,武宣半程马拉松,武宣半程马拉松
全程 / 半程 / 10km / 短距离,,官网/微信/小程序,,500/5000/4500/2000,https://www.taipeifreewaymarathon.com/,竞速菁英马拉松组需4小时内马拉松完赛成绩,未提及,,service@sportsnet.org.tw,(886)02-25855659,,,台湾,AIMS,有,2025-02-04 17:00,,❌,,已结束,"""中華民國路跑協會""",2025-03-09 15:41,NT$1300/1100/800/600,报名时缴费,12000,,,臺北國道馬拉松
全程 / 半程 / 短距离,2025-01-13 10:00,官网/微信/小程序,,5000/10000/15000,https://ntmls.irunner.mobi,未提及,自行评估,,nantongmalasong@163.com,15190878421,江苏铁人体育文化发展有限公司,2025-02-14 15:59,江苏,A,无,2025-02-12 00:00,,✔️,,已结束,南通市人民政府,2025-03-23 17:16,150/120/80,报名时缴费,30000,,南通马拉松,南通马拉松
半程,2025-01-20 10:00,官网/微信/小程序,,25000,https://www.nj-halfmarathon.com,未提及,自行评估,https://docimg5.docs.qq.com/image/AgAACG-qqCG1fr1o8PVLw4uAIDptOBhQ.jpeg?w=1080&h=776,nj-halfmarathon@xempower.com.cn,025-87775902,南京善跑体育科技有限公司,2025-02-18 10:19,江苏,A,有,2025-02-08 18:00,https://docimg5.docs.qq.com/image/AgAACG-qqCGv7cLZ9lFB96lwtL1TFRi4.jpeg?w=1080&h=1873,✔️,南京奥林匹克体育中心(东门),已结束,南京市人民政府,2025-03-16 13:48,200,中签后缴费,25000,,南京半程马拉松,南京半程马拉松
半程 / 短距离,2025-01-10 14:00,官网/微信/小程序 / 数字心动 / 马拉马拉 / 最酷 / 跑跑网(马拉松报名) / 赛客 / 智赛通 / 润赛美佳 / 马拉松报名网,,6000/2000,,半程或以上,自行评估,,cqcshmls@139.com,15814562376,重庆市长寿湖旅游景区管理股份有限公司,,重庆,A,无,2025-02-16 12:00,,❌,长寿湖广场,已结束,重庆市长寿区人民政府,2025-03-16 18:51,130/68,报名时缴费,8000,,长寿湖马拉松,重庆长寿湖半程马拉松
半程 / 短距离,2025-01-15 10:00,官网/微信/小程序 / 数字心动 / 马拉马拉 / 最酷,,8000/2000,https://www.qufumarathon.com,未提及,未提及,,,,,,山东,B,无,2025-03-15 18:00,https://docimg10.docs.qq.com/image/AgAACG-qqCFjhSVkPzVP2bOxEGDo2y78.jpeg?w=1080&h=893,❌,曲阜市孔子国际会展中心,已结束,济宁市体育局 / 曲阜市人民政府,2025-04-20 14:27,120/60,报名时缴费,10000,,圣城体育,曲阜半程马拉松
半程 / 短距离,2025-03-01 11:09,官网/微信/小程序 / 数字心动,,3000/7119,,半程或以上,自行评估,,qxnxfmls@163.com,17262350119,贵州钟山旅游产业发展有限责任公司,,贵州,B,无,2025-03-31 23:59,,❌,阳光谷旅游度假区,已结束,黔西南州人民政府,2025-04-20 10:44,88/8.8,报名时缴费,10119,,黔西南消防,万峰林半程马拉松
半程 / 短距离,2025-03-03 10:00,官网/微信/小程序,,7000/3000,http://www.xianmarathon.com,未提及,自行评估,,ximahuipao@163.com,400-1142195,西安西马汇跑赛事运营有限公司,2025-03-13 10:57,陕西,A,3月28日前可退出,2025-03-07 18:00,,✔️,池望广场,已结束,陕西省西咸新区开发建设管理委员会,2025-04-20 09:52,150/80,中签后缴费,10000,,,西咸新区半程马拉松赛
半程 / 短距离,2025-03-10 10:00,官网/微信/小程序,,3000/4000,,半程或以上,可用完赛证书,,,0710-8225818,浙江青鸟捷出体育科技有限公司,2025-03-29 11:07,湖北,A,无,2025-03-23 20:00,,✔️,翔鹤楼餐饮店,已结束,中共老河口市委 / 老河口市人民政府,2025-04-20 14:40,130/60,报名时缴费,7000,,老河口半程马拉松,老河口半程马拉松
全程 / 半程 / 短距离,2025-01-21 10:00,官网/微信/小程序 / 汇跑参赛助手,,3000/6000/3000,,未提及,必须,,,400-0022-330,宁波城市漫步文化传播有限公司,,浙江,A,1.2025年2月28日（含）之前提出退赛申请的，退还报名费；提交退赛申请的选手报名费将于赛事结束后10个工作日内安排专人退还选手报名时的支付账户；2025年2月28日之后提出退赛申请的，退还50%报名费。2.退赛服务系统将在报名截止10日后关闭，将不再受理任何退费申请，报名费不予退还。,2025-02-28 20:00,https://docimg5.docs.qq.com/image/AgAACG-qqCH-4tbklB5IIbtQxYipCt6B.png?w=1080&h=1527,❌,人民广场,已结束,象山县人民政府 / 浙江省马拉松及路跑协会,2025-04-13 09:37,150/120/80,报名时缴费,12000,,象山县马拉松,象山马拉松
半程 / 短距离,2025-01-09 10:00,数字心动,,6000/6000,,未提及,自行评估,,32332033@qq.com,18532699861,河北乐跑体育发展有限公司,,河北,A,无,2025-01-25 10:00,https://docimg10.docs.qq.com/image/AgAACG-qqCHTS-3d_uZIwLVkeeHt6ErH.jpeg?w=6805&h=7086,❌,开元寺塔广场,已结束,中共定州市委 / 定州市人民政府,2025-04-20 15:40,120/50,报名时缴费,12000,,,定州半程马拉松
全程 / 半程 / 10km / 短距离,2025-02-10 10:00,数字心动 / 马拉马拉 / 体坛赛事,,4000/10000/3000/3000,,未提及,自行评估,https://docimg2.docs.qq.com/image/AgAACG-qqCEaKXNjb1ZLy7WFK1Dm8IUI.png?w=1080&h=639,,19083398507,,,湖南,A / A,,2025-02-28 10:00,,❌,"""守护好一江碧水""首倡地展陈馆",已结束,湖南省体育局 / 岳阳市人民政府,2025-04-06 13:48,150/130/110/78,报名时缴费,20000,,岳阳马拉松,岳阳马拉松暨中国田径协会10公里精英赛（岳阳站）
全程 / 短距离,2025-03-01 10:00,官网/微信/小程序 / 数字心动,,15000,http://bjmcmarathon.chinaath.com,未提及,未提及,,bjmcm@beiao.com,010-69559928,北京北奥集团有限责任公司,2025-03-26 11:08,北京,A,,2025-03-16 18:00,,✔️,司空分署街,已结束,北京市通州区人民政府 / 北京国有资产经营有限责任公司,2025-04-19 09:11,180,报名时缴费,15000,,北京城市副中心马拉松,北京城市副中心马拉松
半程 / 短距离,2025-02-10 10:00,官网/微信/小程序 / 数字心动,,800/2200,https://kangxianmarathon.com,未提及,自行评估,,kxmarathon@163.com,0931-8100500,甘肃行者体育管理有限公司,,甘肃,A,无,2025-02-26 18:25,,❌,一带一路美丽乡村论坛会址,已结束,陇南市人民政府 / 康县人民政府,2025-04-20 17:18,100/60,报名时缴费,3000,,康县青龙山半程马拉松,康县青龙山半程马拉松
全程 / 半程 / 短距离,2025-03-07 10:00,官网/微信/小程序,,3000/5000/4000,,未提及,未提及,,,0351-6933111,华舰体育赛事发展（山西）有限公司,,山西,B,无,2025-03-22 23:59,,❌,晋城高平开元名都酒店,已结束,晋城市体育局 / 高平市人民政府,2025-05-02 00:00,120/100/50,报名时缴费,12000,,华舰赛事,高平马拉松赛
半程 / 短距离,2025-02-27 10:00,官网/微信/小程序 / 数字心动 / 马拉马拉 / 我要赛 / 最酷 / 跑跑网(马拉松报名),,10000/5000,http://www.hnxjty.cn/,未提及,未提及,,,0731-82566433,湖南博森体育管理有限公司,,湖南,A,无,2025-03-16 10:00,,❌,贺龙体育场-南广场,已结束,长沙市人民政府,2025-04-20 17:35,130/60,报名时缴费,15000,,湘江马拉松赛,湘江半程马拉松赛
全程 / 半程 / 短距离,2025-01-22 10:00,官网/微信/小程序 / 数字心动,,7000/6000/7000,https://huaian.marathon.org.cn,未提及,未提及,,kefu@ihuipao.com,400-99-42195,无锡汇跑体育有限公司,2025-02-13 11:09,江苏,A / 标牌,,2025-02-07 17:00,,✔️,翔宇大道与越秀路交叉口,已结束,淮安市人民政府,2025-04-13 00:00,160/160/100,中签后缴费,20000,,淮安马拉松、汇跑赛事,淮安马拉松
半程,2025-03-18 20:00,官网/微信/小程序 / 马拉马拉,,20000,http://beijing-halfmarathon.com,未提及,自行评估,,beijing-halfmarathon@brtv.org.cn,13161117089,,2025-03-31 10:45,北京,A / 标牌,无,2025-03-22 00:00,,✔️,天安门广场,已结束,北京市体育局,2025-04-20 10:44,120,中签后缴费,20000,,北京半程马拉松,北京半程马拉松
全程 / 半程 / 短距离,2025-02-12 10:00,官网/微信/小程序 / 数字心动,,3000/10000/5000,,未提及,自行评估,,2658719366@qq.com,0371-86667787,河南世纪中原体育文化有限公司,,河南,A,无,2025-03-10 10:00,,❌,,已结束,安阳市人民政府,2025-04-26 09:13,150/120/50,报名时缴费,18000,,安阳马拉松,安阳马拉松赛
半程 / 短距离,2025-03-06 10:00,官网/微信/小程序 / 数字心动,,2500/6500,,,自行评估,,,023-67302960,重庆炫豹体育文化产业有限公司,,重庆,A,无,2025-03-31 23:59,,❌,,已结束,中共奉节县委 / 奉节县人民政府,2025-04-13 14:02,150/60,报名时缴费,9000,,,奉节半程马拉松
全程 / 半程 / 短距离,2024-12-16 15:00,官网/微信/小程序 / 数字心动 / 马拉马拉,,9000/12000/4000,https://www.qd-mls.com,半程或以上 / 10km及以上,自行评估,,zixun@qd-mls.com,15689901187,青岛青马爱跑体育文化有限公司,2025-01-06 17:42,山东,A / 精英,1.预报名时间内，所有报名者可申请取消预报名并退款。2.中签报名者在2025年1月10日15:00至2025年2月19日12:00期间内可申请取消报名；2025年2月8日15:00前申请取消原报名项目报名费全额退还，此时间后申请取消报名退还原报名项目报名费的75%。3.2025年1月10日15:00至2025年2月19日12:00前，所有候补报名者可申请取消预报名并退款。4.其余时间内不可申请取消（预）报名。,2024-12-22 12:00,,✔️,青岛市人民政府,已结束,青岛市人民政府,2025-04-20 14:35,200/160/80,报名时缴费,25000,,青岛国际马拉松,青岛马拉松
全程 / 半程 / 短距离,2025-01-22 15:00,官网/微信/小程序 / 润赛美佳 / 数字心动,,4000/4000/7000,,未提及,自行评估,,hzhrmls@163.com,,菏泽华瑞国粮国际会展有限公司,,山东,A,无,2025-03-17 00:00,https://docimg1.docs.qq.com/image/AgAACG-qqCG4syfqdBdNPJ5fYFWSiavj.png?w=590&h=811,❌,菏泽大剧院,已结束,菏泽市人民政府,2025-04-26 16:43,120/100/60,报名时缴费,15000,,菏泽马拉松,菏泽马拉松
半程 / 短距离,2025-02-16 10:00,数字心动 / 马拉马拉 / 润赛美佳 / 最酷 / 跑跑网(马拉松报名),,7000/3000,,未提及,自行评估,,stcbanm2025@163.com,18920575313,北京初美体育文化发展有限公司,2025-03-12 10:59,天津,B,无,2025-02-28 20:00,,✔️,国家海洋博物馆南广场,已结束,天津市滨海新区人民政府 / 中新天津生态城管理委员会,2025-04-26 15:25,150/100,报名时缴费,10000,,生态城精彩赛事,中新天津生态城半程马拉松
半程,2025-03-03 14:00,官网/微信/小程序,,8000,https://www.sj-marathon.com,未提及,未提及,,sheshan-marathon@imohoo.com,025-87775902,南京魔盒信息科技有限公司,2025-03-24 11:06,上海,A,3.20前可退出报名，出签后伤病可退,2025-03-13 18:00,https://docimg2.docs.qq.com/image/AgAACG-qqCHSK43HZdNH4rxeo87eJDC3.jpeg?w=1080&h=1556,✔️,上海欢乐谷-东南门,已结束,上海市松江区人民政府,2025-04-13 09:15,200,报名时缴费,8000,,G60上海佘山半程马拉松,上海佘山半程马拉松
半程,2025-02-20 14:00,官网/微信/小程序 / 上马,,15000,https://www.shang-ma.com,未提及,未提及,,general@shmarathon.com,,上海东浩兰生赛事管理有限公司,2025-03-05 16:49,上海,A / 金标,无,2025-02-24 14:00,,✔️,东方明珠广播电视塔,已结束,上海市体育总会 / 上海市浦东新区人民政府 / 东浩兰生（集团）有限公司,2025-04-20 08:41,160,中签后缴费,15000,,上马,上海半程马拉松
全程 / 半程 / 短距离,2025-03-06 08:30,官网/微信/小程序,,3000/7000/8000,,,,,,,北京中迹体育管理有限公司,2025-03-13 09:07,河北,A,无,2025-03-10 18:00,,✔️,雄安城市计算(超算云)中心,已结束,雄安新区管委会,2025-04-20 14:26,150/100/50,报名时缴费,18000,,,雄安马拉松
半程 / 10km / 短距离,2024-10-21 17:00,官网/微信/小程序,,6000/5000/1500,https://www.womenruntpe.com/,未提及,未提及,,service@sportsnet.org.tw,(886)02-25855659,,,台湾,AIMS,有,2025-02-13 17:00,,❌,台北市政府,已结束,"""中華民國路跑協會""",2025-04-13 14:41,NT$1200/800/500,报名时缴费,12500,,,WOMEN RUN TPE
半程 / 短距离,2025-02-14 10:00,官网/微信/小程序 / 数字心动,,7000/3000,http://dayunhemarathon.umaysports.cn/,未提及,自行评估,,dayunhemarathon@163.com,19905197127,海南今燊体育文化发展有限公司 / 南京有迈体育发展有限公司,2025-03-28 17:26,江苏,A,无,2025-03-23 18:00,https://docimg6.docs.qq.com/image/AgAACG-qqCHm1qR82lpOOaywNf4PL3GJ.png?w=1280&h=1156,✔️,,已结束,常州市天宁区人民政府 / 常州市体育局,2025-04-20 17:23,150/60,报名时缴费,10000,,常州天宁大运河半程马拉松、有迈路跑,常州天宁大运河半程马拉松
全程 / 半程 / 短距离,2025-01-17 10:00,官网/微信/小程序 / 数字心动,,1500/3500/5000,,未提及,自行评估,,,18569989766,河南黄河体育文化有限公司,,河南,B,,2025-04-07 23:59,,❌,,已结束,兰考县人民政府,2025-04-20 09:59,140/120/60,报名时缴费,10000,,兰考沿黄马拉松赛,兰考沿黄马拉松赛
全程 / 半程 / 短距离,2025-02-14 09:00,官网/微信/小程序 / 我要赛,,1000/1500/2500,,未提及,未提及,,,,中奥致胜（北京）体育发展有限公司,,广西,A,,2025-03-03 23:59,https://docimg7.docs.qq.com/image/AgAACG-qqCHyihJLFqJAdqNqUKA_I-gR.png?w=1080&h=1167,❌,黄姚镇-东牌楼,已结束,贺州市人民政府,2025-04-13 10:16,160/120/80,报名时缴费,5000,,奥盈体育,黄姚古镇马拉松
半程 / 短距离,2025-01-24 10:00,官网/微信/小程序 / 数字心动,,5000/5000,,半程或以上,自行评估,,3354044034@qq.com,15686968938,,,广东,A,无,2025-02-10 23:59,,❌,连南瑶族自治县人民政府,已结束,连南瑶族自治县人民政府,2025-03-30 09:20,150/80,报名时缴费,10000,,,连南半程马拉松
全程 / 半程 / 短距离,2025-03-06 17:00,官网/微信/小程序,,2000/3000/5000,,未提及,未提及,,hbmalasong@163.com,16691918881,河南路跑文化传媒有限公司,,河南,A,,2025-04-05 23:59,,❌,,已结束,鹤壁市人民政府,2025-04-20 18:43,150/120/70,报名时缴费,10000,,鹤壁马拉松,鹤壁马拉松赛
半程 / 10km / 短距离,2025-03-03 11:30,数字心动 / 马拉马拉,,7000/3000/5000,,半程或以上,必须,,gxinwenti@163.com,13021703779,山东国信文体科技股份有限公司,,山东,A,无,2025-04-15 18:00,,❌,聊城市体育公园,已结束,聊城市人民政府,2025-05-01 00:00,120/100/50,报名时缴费,15000,,山东国信文体,聊城半程马拉松
半程 / 短距离,2025-03-05 10:00,官网/微信/小程序,,10000/2000,https://www.xlmarathon.com,未提及,自行评估,,xlmarathon@163.com,025-87775902,,2025-03-21 14:55,江苏,A / 精英,3月30日24点前可退,2025-03-12 18:00,,✔️,羊山公园,已结束,中国田径协会 / 南京市栖霞区人民政府 / 南京经济技术开发区管理委员会 / 南京市仙林大学城管理委员会,2025-04-13 08:58,200/80,中签后缴费,12000,,南京仙林半程马拉松,南京仙林半程马拉松
半程 / 短距离,2025-02-28 14:00,官网/微信/小程序,,12000/3000,,未提及,自行评估,,qlhmls@163.com,15753290516,阳光赛事运营（山东）有限公司 / 天津华宇慧晨文化传播有限公司,2025-03-14 15:14,天津,A,,2025-03-09 17:00,,✔️,麒麟广场,已结束,天津市宁河区人民政府,2025-04-20 10:35,120/60,报名时缴费,15000,,宁河七里海马拉松,天津·宁河七里海半程马拉松
半程 / 短距离,2025-01-25 10:00,官网/微信/小程序,,7000/5000,,未提及,自行评估,,3021829135@qq.com,15715745637,,,浙江,A / 标牌,,2025-03-12 12:00,,❌,,已结束,杭州市钱塘区人民政府,2025-04-13 10:45,160/80,报名时缴费,12000,,杭州钱塘女子半程马拉松,杭州钱塘女子半程马拉松
全程 / 半程,2025-01-01 10:00,官网/微信/小程序 / 数字心动 / 最酷,,1000/3200,,未提及,自行评估,,,18120777920,厦门工学院体育发展有限公司,2025-02-27 15:30,福建,B,,2025-02-15 23:59,,✔️,厦门工学院,已结束,福建德文教育投资集团有限公司 / 厦门工学院,2025-04-13 09:17,160/120,报名时缴费,4200,,,德文厦门工学院马拉松赛
半程 / 短距离,2025-01-11 10:00,官网/微信/小程序 / 马拉马拉 / 跑跑网(马拉松报名) / 我要赛 / 最酷,,12000/8000,,未提及,未提及,,,0510-86413280,浙江中迹体育发展有限公司,,江苏,A,无,2025-01-11 16:00,,❌,江阴体育中心,已结束,江阴市人民政府,2025-04-13 14:14,150/80,报名时缴费,20000,,江阴半程马拉松,江阴半程马拉松
半程,2025-02-18 10:30,数字心动 / 马拉马拉 / 最酷,,5000,,半程或以上,自行评估,,,010-68900260,北京华兴众泰体育科技有限责任公司,2025-03-13 14:54,北京,A,,2025-03-02 23:59,,✔️,,已结束,北京市体育局 / 北京市体育总会 / 北京市顺义区人民政府,2025-04-26 10:17,120,报名时缴费,5000,,北京顺义峪马,顺义后沙峪人才社区半程马拉松
10km / 短距离,2025-03-03 10:00,官网/微信/小程序 / 数字心动 / 马拉马拉,,2000/3000,http://10k.haidian-marathon.com,未提及,自行评估,,haidianmarathon@163.com,18511942195,北京中锐体育产业有限公司,2025-03-20 11:11,北京,A / WA,个人不可抗力原因可申请退赛,2025-03-09 18:00,,✔️,中关村展示中心会议中心,已结束,中国田径协会 / 北京市海淀区人民政府,2025-04-06 09:07,99/66,报名时缴费,5000,,海淀马拉松,中国田径协会10公里精英赛（北京·海淀站）
半程 / 短距离,2025-01-26 10:00,官网/微信/小程序 / 数字心动 / 第一赛道,,4000/6000,https://changyang.sport-china.cn,10km及以上,可用完赛证书,,changyangmarathon@126.com,19186256306,湖北体育产业集团长江赛事运营有限公司 / 路越（上海）体育发展有限公司,,湖北,A,3月31日前可退费,2025-03-31 18:00,,❌,土家源广场,已结束,湖北省体育局 / 宜昌市人民政府,2025-04-20 09:54,130/50,报名时缴费,10000,,长阳半程马拉松,湖北·长阳清江半程马拉松
半程 / 短距离,2025-02-10 10:00,官网/微信/小程序 / 数字心动 / 马拉马拉,,7000/3000,,未提及,必须,,info@beyondrunning.cn,400-100-8965,,,江西,A,无,2025-03-15 18:00,,❌,望湖亭,已结束,永修县人民政府,2025-04-13 10:49,100/50,报名时缴费,10000,,踏秀,江西永修半程马拉松赛
全程 / 半程,2024-12-30 10:00,官网/微信/小程序 / 数字心动,,10000/25000,https://chengdu.shuzixindong.com,,,,info@riseunion.com,400-84-42195,北京北奥集团有限责任公司 / 四川锐思联合体育文化发展有限公司,2025-02-21 10:05,四川,A,2025年3月6日前可退出,2025-02-08 22:00,,✔️,,已结束,成都市人民政府,2025-03-30 17:57,200/200,报名时缴费,35000,,成都世遗马拉松,成都世遗马拉松
全程 / 半程 / 短距离,2025-02-21 10:00,官网/微信/小程序,,1000/2000/3000,,未提及,自行评估,,jinanlupaowenhua@foxmail.com,0531-87942195,济南路跑文化传播有限公司,,山东,A,无,2025-03-24 17:00,,❌,潍坊市峡山区市民活动中心,已结束,潍坊市体育局 / 潍坊峡山生态经济开发区管理委员会,2025-04-20 14:42,150/100/50,报名时缴费,6000,,环峡山湖马拉松,环峡山湖马拉松
半程 / 中距离 / 短距离,2025-02-17 14:00,官网/微信/小程序 / 数字心动 / 第一赛道,,8000/5000/5000,http://half.yichangmarathon.com,半程或以上,可用完赛证书,,ychalfmarathon@163.com,15320659909,,2025-03-24 11:03,湖北,A,可改项目,2025-03-20 18:00,,✔️,,已结束,宜昌市人民政府,2025-04-13 11:20,130/90/70,报名时缴费,18000,,宜昌马拉松,宜昌半程马拉松
全程 / 半程 / 短距离,2025-02-27 10:00,官网/微信/小程序 / 数字心动,,3000/7000/10000,https://www.hb-shiyanmarathon.com,半程或以上,自行评估,,shiyanmarathon@126.com,15549942195,,2025-03-26 11:01,湖北,A,无,2025-03-18 17:00,,✔️,十堰市奥林匹克体育中心-广场,已结束,湖北省体育局 / 十堰市人民政府,2025-04-13 14:45,160/130/70,报名时缴费,20000,,十堰体育,十堰马拉松
半程 / 短距离,2025-03-26 15:00,官网/微信/小程序 / 数字心动,,4000/1000,,未提及,自行评估,,hexianmalasong@126.com,,亳州药都体育科技有限公司,,安徽,B,,2025-04-02 22:00,,❌,,已结束,和县人民政府 / 马鞍山市体育局,2025-04-20 00:00,100/50,报名时缴费,5000,,和县文旅,和县半程马拉松
全程 / 半程 / 中距离 / 短距离,2025-01-09 14:00,官网/微信/小程序 / 第一赛道,,7000/12000/6000/10000,https://liuzhou.gusto.cn/,半程或以上,自行评估,"https://docimg3.docs.qq.com/image/AgAACG-qqCEDnbhz0-5LMZvRcjTVGBXg.png?w=1080&h=1296, https://docimg10.docs.qq.com/image/AgAACG-qqCEuZM7xEuNJA6yeVne7C4A-.png?w=1080&h=1296, https://docimg10.docs.qq.com/image/AgAACG-qqCHMN-Lu3uRMgbnVmqXocCem.png?w=640&h=427",liuzhou@sport-china.cn,,广西新中体育有限责任公司,2025-02-14 17:56,广西,A,1.退赛退费：（1）已提交报名信息及支付的选手，在退改服务期限内，可在订单页面自行办理退费服务。（2）完成缴费后24小时内的报名订单，申请退赛退费的将不收取任何费用，报名费将在申请后1个工作日内全额原路退回。（3）完成缴费后超过24小时的报名订单，申请退赛退费的不论项目均需收取20元/次的服务费，扣除相应服务费后剩余费用在申请后1个工作日内原路退回。2.改换项目：（1）需要更换项目的选手，在退改服务截止前，可先进行退赛退费操作后，重新报名需改换的项目。（2）从短距离项目改长距离项目者，还须符合长距离项目参赛条件并通过审核后方能获得参赛资格。3.退改服务期限：2月9日退费服务系统关闭，将不再受理任何退费申请。4.由组委会审核报名资质不符合者，在报名截止前可以重新提交符合要求的资格证书，在报名截止后不能再重新提交，资格审核不通过的选手、不中签选手的报名费将在抽签结果公布后的7个工作日内全额原路退回。,2025-02-09 18:00,https://docimg5.docs.qq.com/image/AgAACG-qqCFct-3Pw9FApK2IdA0Kb1rF.png?w=1280&h=1697,✔️,柳江市民广场,已结束,广西壮族自治区体育局 / 柳州市人民政府 / 中国警察网,2025-03-30 17:42,180/150/80/70,报名时缴费,35000,,第一赛道、柳州马拉松,柳州马拉松
半程 / 短距离,2025-01-22 14:00,官网/微信/小程序 / 数字心动,,13000/2000,https://www.ratelsports.cn,半程或以上,自行评估,https://docimg6.docs.qq.com/image/AgAACG-qqCE2AC_NsWRGKYT1pDbtsSrr.jpeg?w=1280&h=1077,zdsc@sgugroup.com,18661635367,青岛中德体育文化传播有限公司 / 青岛平头体育有限公司,2025-02-26 11:09,山东,B,无,2025-02-14 17:00,https://docimg6.docs.qq.com/image/AgAACG-qqCHarHIR0WJDc6A9Q7bB9kko.jpeg?w=1280&h=1077,✔️,金沙滩啤酒城,已结束,青岛西海岸新区管委,2025-04-06 13:49,150/80,报名时缴费,15000,,中德文体、青岛西海岸半程马拉松,青岛西海岸半程马拉松
半程 / 10km / 短距离,2025-02-21 09:50,官网/微信/小程序 / 数字心动,,7000/3000/10000,,未提及,未提及,,wuzhoumalasong@163.com,18076642195,广州万达体育发展有限公司,,广西,A,无,2025-03-20 18:00,,❌,梧州市图书馆,已结束,广西壮族自治区体育局 / 梧州市人民政府,2025-04-13 10:50,120/80/50,报名时缴费,20000,,,梧州半程马拉松
全程 / 半程 / 10km / 短距离,2025-02-13 10:00,官网/微信/小程序 / 数字心动,,5000/7000/5000/5000,,未提及,自行评估,,mlsfuyang@163.com,,,2025-03-05 15:32,安徽,A / WA,无,2025-02-28 23:59,,✔️,,已结束,安徽省体育局 / 阜阳市人民政府,2025-04-20 14:19,150/120/100/80,报名时缴费,22000,,阜阳旅游,阜阳马拉松赛暨中国田径协会10公里精英赛（阜阳站）
半程,2025-03-05 10:00,马拉马拉 / 数字心动 / 京东,,12000,,未提及,自行评估,,etownmalasong@163.com,13521000745,,2025-03-17 15:34,北京,A,如同日中签北京地区其他赛事可保留名额至2026,2025-03-11 17:00,,✔️,南海子公园,已结束,北京市体育局 / 北京市经济和信息化局 / 北京经济技术开发区管委会,2025-04-19 15:30,120,中签后缴费,12000,,北京亦庄半程马拉松,北京亦庄半程马拉松
半程 / 短距离,2025-01-18 10:30,官网/微信/小程序,,4000/6000,,未提及,未提及,,,,重庆千君智行体育赛事策划有限公司 / 重庆千君万马体育发展有限公司,,重庆,A,无,2025-03-15 23:59,,❌,合川区人民政府,已结束,重庆市合川区人民政府,2025-03-30 16:11,150/100,报名时缴费,10000,,千君万马体育,合川半程马拉松
全程 / 半程 / 短距离,2025-02-08 15:00,官网/微信/小程序,,3000/6000/6000,,未提及,自行评估,,,0911-3752998,陕西体育集团西风烈赛事有限公司,2025-02-26 10:27,陕西,A,无,2025-02-21 23:59,,✔️,延安市人民公园,已结束,陕西省体育局 / 延安市人民政府,2025-04-20 10:05,150/100/50,报名时缴费,15000,,延安全民健身运动中心,延安新区马拉松赛
半程 / 短距离,2025-01-22 10:00,官网/微信/小程序 / 数字心动,,4800/1700,,未提及,自行评估,,,13309501470,悦动未来（宁夏）体育文化发展有限公司,,宁夏,B,无,2025-03-28 10:00,,❌,,已结束,宁夏回族自治区体育局 / 宁夏回族自治区文化和旅游厅 / 宁夏贺兰山东麓葡萄酒产业园区管理委员会,2025-04-13 09:41,140/80,报名时缴费,6500,,宁夏贺兰山路跑双季赛,宁夏贺兰山东麓葡萄酒产区半程马拉松路跑双季赛（花季赛）
半程 / 短距离,2025-03-14 12:00,官网/微信/小程序,,4500/5500,,半程或以上,自行评估,,,,广西达才体育健身有限公司 / 成都尚跑体育文化传播有限公司,,广西,B,3月31日前可退费,2025-03-31 18:00,,❌,,已结束,三江侗族自治县人民政府,2025-04-20 17:50,150/73,报名时缴费,10000,,三江马拉松,三江半程马拉松赛
半程 / 短距离,2025-03-18 10:00,数字心动,,4000/2000,,未提及,自行评估,,,,,,安徽,B,无,2025-03-25 22:00,,❌,,已结束,合肥市体育局 / 肥西县人民政府,2025-04-12 11:18,120/80,报名时缴费,6000,,波动体育,肥西紫蓬山半程马拉松
半程 / 短距离,2025-03-18 10:00,官网/微信/小程序,,6000/4000,https://www.fymls.com,半程或以上,可用完赛证书,,fuyangmarathon@163.com,0571-63348015,深圳市五环体育产业发展有限公司,2025-04-05 10:21,浙江,B,无,2025-03-30 18:00,,✔️,,已结束,杭州市富阳区人民政府,2025-04-20 14:29,120/60,报名时缴费,10000,,杭州富阳半程马拉松赛,杭州富阳半程马拉松
全程 / 半程 / 短距离,2025-01-14 10:00,官网/微信/小程序 / 数字心动 / 最酷,,4000/6000/8000,https://www.xianningmarathon.com,未提及,自行评估,,xianningmarathon@163.com,13044802661,广州博润体育科技有限公司,2025-03-10 15:00,湖北,A,无,2025-02-21 18:00,,✔️,咸宁人民广场,已结束,湖北省体育局 / 咸宁市人民政府,2025-04-13 13:21,180/150/80,报名时缴费,18000,,咸宁马拉松,咸宁马拉松
全程 / 半程 / 短距离,2025-01-21 14:30,官网/微信/小程序 / 数字心动,,2000/5000/5000,http://rongchengmls.iqilu.com,马拉松项目需半程以上完赛经历,自行评估,,rongchengmls@163.com,0531-66661234,山东广播电视台,,山东,A,无 ,2025-02-28 17:00,,❌,荣成市体育中心,已结束,威海市体育局 / 荣成市人民政府,2025-04-20 14:31,150/120/39,报名时缴费,12000,,荣成滨海马拉松,荣成马拉松
全程 / 半程 / 短距离,2025-01-10 10:00,官网/微信/小程序 / 数字心动 / 润赛美佳,,3000/7000/10000,http://www.wanzhoumls.com,未提及,必须,,ztdjkgs@163.com,18008053490,成都中体大健康体育文化传播有限公司,,重庆,A,无,2025-03-11 18:00,,❌,重庆万州体育中心,已结束,重庆市万州区人民政府,2025-03-30 15:29,160/120/70,报名时缴费,20000,,中体大健康,重庆万州环湖马拉松
全程 / 半程 / 短距离,2025-03-16 10:00,,,,,,,,,,南京善跑体育科技有限公司,2025-03-25 11:05,河北,A,,2025-03-20 17:00,,✔️,,已结束,保定市人民政府,2025-04-20 17:00,,,25000,,,保定马拉松
半程 / 短距离,2025-02-10 10:00,官网/微信/小程序 / 数字心动 / 马拉马拉 / 跑跑网(马拉松报名),,5000/5000,,未提及,未提及,,xxbcmls@139.com,15814562376,,,河南,A,无,2025-03-10 10:00,,❌,,已结束,信阳市教育体育局 / 新县人民政府,2025-04-13 14:48,130/60,报名时缴费,10000,,新县红旗飘扬半程马拉松,新县半程马拉松
全程 / 半程 / 短距离,2025-01-08 10:00,官网/微信/小程序,,8000/8000/4000,http://www.yangling-marathon.com,半程或以上,自行评估,,51130233@qq.com,029-87036066,,2025-01-18 11:35,陕西,A / 标牌,无,2025-01-12 18:00,,✔️,杨凌农业科技展览中心,已结束,陕西省体育局 / 陕西省文化和旅游厅 / 杨凌示范区管委会,2025-04-13 10:45,200/180/100,报名时缴费,20000,,杨凌农科城马拉松,杨凌农科城马拉松赛
全程 / 半程 / 短距离,2025-03-02 10:00,官网/微信/小程序 / 马拉马拉,,2000/3000/5000,,未提及,自行评估,,mqxjtjtyk@126.com,19213701499,,,河南,B,无,2025-04-05 23:59,,❌,,已结束,商丘市教育体育局 / 民权县人民政府,2025-04-20 18:43,140/120/50,报名时缴费,10000,,民权体育,民权马拉松
半程 / 短距离,2025-07-08 10:00,官网/微信/小程序,,2000/5000,https://www.tachengmarathon.com,10km及以上,必须,,tachengmarathon@163.com,18324410076,,,新疆,B,,2025-08-05 22:00,,❌,,已结束,塔城地区行政公署 / 新疆马拉松及路跑协会,2025-08-24 00:00,80/50,报名时缴费,7000,,塔城马拉松,塔城半程马拉松
全程 / 半程 / 短距离,2025-02-14 18:00,官网/微信/小程序,,1000/2500/1500,https://www.huajiansaishi.com,未提及,自行评估,,,0531-6933111,华舰体育赛事发展（山西）有限公司,,山西,B,无,2025-02-21 18:00,,❌,县委广场[公交站],已结束,稷山县人民政府,2025-05-11 00:00,100/80/50,报名时缴费,5000,,华舰赛事,稷山马拉松
全程 / 半程 / 中距离,2025-06-26 12:00,官网/微信/小程序,,2000/5000/3000,http://www.kangpingmarathon.luojiweiye.com/,半程或以上 / 未提及,自行评估,,kangpingmarathon@163.com,024-31326115,,2025-07-18 00:00,辽宁,B,无,2025-07-13 12:00,"https://docimg9.docs.qq.com/image/AgAACG-qqCF0mPqZK0dLvrYfiiG9jZWa.png?w=1080&h=948, https://docimg9.docs.qq.com/image/AgAACG-qqCHet9-6JMVL1rHWqNsapFQf.png?w=1080&h=948, https://docimg6.docs.qq.com/image/AgAACG-qqCET2le601BEBrYi5RUfQf6X.png?w=1080&h=948",✔️,卧龙湖生态区,已结束,沈阳市体育局 / 康平县人民政府,2025-08-31 00:00,150/120/80,报名时缴费,10000,,康平马拉松,沈阳·康平卧龙湖马拉松
全程 / 半程 / 短距离,2025-03-24 10:00,官网/微信/小程序,,1000/2000/2000,https://www.baoqingmarathon.com,半程或以上 / 10km及以上,未提及,,bqmls@cnsgsports.cn,18945189663,华体赛事（北京）体育管理有限公司,2025-05-01 14:55,黑龙江,B,,2025-04-28 20:00,,✔️,宝清县文化创意中心,已结束,中共宝清县委 / 宝清县人民政府,2025-05-25 00:00,120/60,报名时缴费,5000,,宝清马拉松,宝清马拉松
全程 / 半程 / 短距离,2025-06-24 10:00,官网/微信/小程序,,4000/6000/4000,http://urumqimarathon.xempower.cn,未提及,自行评估,,wlmqmarathon@163.com,025-87775902,南京善跑体育科技有限公司,2025-07-25 00:00,新疆,A,,2025-07-15 18:00,,✔️,新疆国际会展中心-南2门,已结束,新疆维吾尔区体育局 / 乌鲁木齐市人民政府,2025-08-31 17:18,150/120/80,报名时缴费,14000,,乌鲁木齐马拉松,乌鲁木齐马拉松
半程 / 短距离,2025-07-12 10:00,官网/微信/小程序 / 数字心动 / 马拉马拉 / 跑跑网(马拉松报名) / 最酷 / 润赛美佳 / 智赛通 / 马拉松报名网,,6000/3000,,未提及,自行评估,https://docimg9.docs.qq.com/image/AgAACG-qqCEs4PJ27ZtOSoARNzhzCMRS.png?w=958&h=655,,0951-5100000,北京耐吉文化传播有限公司,,宁夏,B,无,2025-07-31 10:00,"https://docimg5.docs.qq.com/image/AgAACG-qqCFmrqc4bFxKxZXebA-KqbiR.jpeg?w=1080&h=642, https://docimg2.docs.qq.com/image/AgAACG-qqCFBU94j8DROjpijcb3cMyl-.jpeg?w=1080&h=641",❌,市政广场,已结束,中共中卫市沙坡头区委员会 / 中卫市沙坡头区人民政府,2025-08-31 00:00,140/60,报名时缴费,9000,,中卫沙坡头区马拉松,宁夏沙坡头半程马拉松赛
半程 / 短距离,2025-06-24 14:00,官网/微信/小程序,,4000/6000,,未提及,自行评估,,wnmarathon@163.com,13535360830,,,贵州,A,,2025-07-28 17:00,,❌,乌撒广场,已结束,贵州省体育局 / 毕节市人民政府,2025-08-24 00:00,130/50,报名时缴费,10000,,"威宁半程马拉
松",威宁半程马拉松
10km / 短距离,2025-04-10 12:00,官网/微信/小程序,,1500/1500,https://m.irunner.mobi/mix-race-apply/?match_eng=67f622ee1a4d6#/grid,未提及,未提及,,178827103@qq.com,18058756033,浙江午马精英体育发展有限公司,,浙江,A / WA,无,2025-04-23 23:59,,❌,云澜湾温泉度假小镇,已结束,中国田径协会 / 嘉善县人民政府,2025-05-11 10:39,100/80,报名时缴费,3000,,午马体育,中国田径协会10公里精英赛 嘉善 · 大云站
半程 / 中距离 / 短距离,2025-07-17 10:00,官网/微信/小程序 / 第一赛道 / 马拉马拉 / 数字心动,,1000/1500/3000,https://www.badongmarathon.com,10km及以上,可用完赛证书,,badongmarathon@luyuesport.com,13701741466,路越（湖北）体育发展有限公司,,湖北,B,1. 已提交报名信息及支付的选手，在7月31日18:00前，可在订单页面自行办理退赛退费服务。2.完成缴费后24小时内的报名订单，申请退赛退费的将不 收取任何费用，报名费将在申请后1个工作日内全额原路退回。3.完成缴费后超过24小时的报名订单，申请退赛退费的不 论项目均需收取20 元/次的服务费，扣除相应服务费后剩余费用 在申请后1个工作日内原路退回。,2025-08-05 18:00,,❌,巴东县野三关镇人民政府,已结束,巴东县人民政府,2025-08-17 00:00,120/80/60,报名时缴费,5500,,巴东马拉松,巴东野三关半程马拉松
半程 / 短距离,2025-04-23 21:00,官网/微信/小程序,,3000/2000,,15km以上,未提及,,,18139233712,广州悦跑信息科技有限公司,,兵团,B,,2025-05-15 21:00,,❌,朱雀湖公园,已结束,新疆生产建设兵团第四师可克达拉市人民政府,2025-05-25 00:00,100/60,报名时缴费,5000,,可克达拉市城建杯马拉松,可克达拉半程马拉松
半程 / 短距离,2025-06-13 10:00,官网/微信/小程序 / 第一赛道,,3000/2000,,10km及以上,可用完赛证书,,397529747@qq.com,13700622001,路越（上海）体育发展有限公司,,云南,B,有,2025-07-20 18:00,,❌,鹤庆·新华银器小镇,已结束,鹤庆县人民政府,2025-08-10 14:29,150/77,报名时缴费,5000,,曲速体育、路越体育、第一赛道,鹤庆半程马拉松
全程 / 半程 / 短距离,2025-04-30 10:00,数字心动 / 马拉马拉 / 第一赛道,,2000/4000/6000,,半程或以上 / 10km及以上,可用完赛证书,,,18671861777,,,湖北,B,5月25日18：00可以退改,2025-06-10 18:00,,❌,楚蜀大道与大坝路交叉口,已结束,咸丰县人民政府,2025-06-29 11:06,150/120/60,报名时缴费,10000,,,咸丰马拉松
半程 / 中距离 / 短距离,2025-03-20 10:00,官网/微信/小程序 / 数字心动,,5000/3000/4000,https://www.sichuanbojiesports.com,未提及,必须,,,13529388388,四川博捷体育文化传播有限公司,2025-05-01 11:03,贵州,A / 精英,,2025-04-25 22:00,,✔️,,已结束,贵州省体育局 / 安顺市人民政府,2025-06-22 08:54,180/100/60,报名时缴费,12000,,黄果树半程马拉松,贵州·镇宁黄果树半程马拉松
全程 / 半程 / 短距离,2025-03-20 10:00,官网/微信/小程序 / 第一赛道,,2000/3000/5000,https://kuche.sport-china.cn,10km及以上,可用完赛证书,,kuchemarathon@luyuesport.com,13697293951,路越（湖北）体育发展有限公司,,新疆,B,4月15日18:00前可退出,2025-04-20 18:00,,❌,库车市政府便民办公大楼,已结束,库车市人民政府,2025-05-04 00:00,150/120/60,报名时缴费,10000,,路越体育,库车马拉松
半程 / 短距离,2025-04-12 11:06,官网/微信/小程序 / 数字心动,,4500/1500,,10km及以上,自行评估,,yudumalasong@126.com,,,2025-04-30 10:27,江西,B,无 ,2025-04-25 18:00,,✔️,中央红军长征出发地纪念园,已结束,于都县人民政府,2025-05-11 00:00,118/50,报名时缴费,6000,,于都马拉松,于都半程马拉松
全程 / 半程 / 短距离,2025-03-20 10:00,官网/微信/小程序 / 数字心动 / 马拉马拉,,4000/5000/3000,,半程或以上,自行评估,,miyunmarathon@126.com,010-53899656,北京中锐体育产业有限公司,2025-04-18 10:34,北京,A / 精英,,2025-03-31 15:00,,✔️,,已结束,北京市密云区人民政府,2025-05-25 08:55,200/160/100,报名时缴费,12000,,密云生态马拉松,密云马拉松
半程 / 短距离,2025-04-11 10:00,官网/微信/小程序 / 数字心动,,4500/1500,,未提及,必须,,shuangao@163.com,010-53383535,北京双奥体育文化产业集团有限公司,,北京,A,,2025-04-17 16:00,,❌,,已结束,北京市大兴区人民政府,2025-05-11 13:26,120/50,报名时缴费,6000,,首善之地魏善庄,北京大兴半程马拉松
半程,2025-04-26 09:00,官网/微信/小程序,,5000,https://www.hlsports.net/marathon,男子半程145全程340女子半程155全程400以内,必须,,WLHM@zjhlsports.cn,0571-87630508,浙江跑神体育文化策划有限公司 / 浙江黄龙体育发展有限公司,2025-05-04 11:28,浙江,A,,2025-04-29 09:00,https://docimg1.docs.qq.com/image/AgAACG-qqCF5DfbjXY1C25hYM17L50-Y.png?w=1080&h=1106,✔️,黄龙体育中心,已结束,西湖区人民政府 / 杭州西湖风景名胜区管理委员会 / 浙江省黄龙体育中心 / 浙江省马拉松及路跑协会,2025-05-25 00:00,150,报名时缴费,5000,,西湖半程马拉松,西湖半程马拉松
半程 / 短距离,2025-07-09 14:00,官网/微信/小程序 / 数字心动,,6000/2000,,未提及,自行评估,,15042061405@qq.com,15042061405,,2025-07-25 00:00,辽宁,A,,2025-07-20 17:00,,✔️,铁岭新区钻石广场,已结束,中共铁岭县委 / 铁岭县人民政府,2025-09-07 00:00,120/60,报名时缴费,8000,,铁岭莲花湿地半程马拉松,铁岭莲花湿地半程马拉松
半程 / 10km / 短距离,2025-03-10 14:00,官网/微信/小程序 / 第一赛道 / 数字心动,,4000/2000/4000,,半程或以上,自行评估,,kuitun@sport-china.cn,,广东新中体育集团有限公司,,新疆,A / A,4月10日18时前可退改,2025-04-10 18:00,,❌,,已结束,奎屯市人民政府 / 中国田径协会 / 第七师胡杨河市人民政府,2025-05-02 10:22,120/80/60,报名时缴费,10000,,奎屯马拉松、第一赛道,新疆奎屯兵地融合半程马拉松暨中国田径协会10公里精英赛（奎屯站）
全程 / 半程 / 短距离,2025-03-06 10:00,官网/微信/小程序,,20000/6000/14000,http://lzmarathon.com,未提及,必须,,,0931-8433220,北京中迹体育管理有限公司,2025-03-17 10:09,甘肃,A / 金标 / AIMS,有,2025-03-15 17:00,,✔️,奥体中路,已结束,甘肃省体育局 / 兰州市人民政府,2025-05-25 14:45,200/160/60,中签后缴费,40000,,兰州马拉松,兰州马拉松
全程 / 半程 / 短距离,2025-03-10 10:00,官网/微信/小程序,,12000/16000/5000,https://dlmls.org,未提及,自行评估,,dlmlsmarathon@163.com,0411-84802607,华润文化体育发展有限公司 / 南京善跑体育科技有限公司,2025-03-24 10:07,辽宁,A / 精英 / AIMS,3月31日24时前可以退出,2025-03-16 18:00,,✔️,港浦路与珠荷街交叉口,已结束,大连市人民政府,2025-05-11 10:31,180/150/80,中签后缴费,33000,,大连马拉松赛,大连马拉松
半程 / 短距离,2025-03-20 11:00,官网/微信/小程序,,2000/3000,,未提及,自行评估,,,18702590827,浙江森狼体育发展有限公司,,江西,A,无,2025-04-15 23:59,,❌,资溪面包广场,已结束,资溪县人民政府 / 抚州市教育体育局,2025-05-11 00:00,,报名时缴费,5000,,大觉山马拉松,大觉山半程马拉松
10km / 短距离,2025-04-09 10:00,官网/微信/小程序 / 数字心动,,3000/2000,,未提及,自行评估,,,,,,安徽,A / WA,,2025-04-23 10:00,,❌,靓淮河,已结束,中国田径协会 / 蚌埠市人民政府,2025-05-04 10:39,80/35,报名时缴费,5000,,蚌埠马拉松,中国田径协会10公里精英赛（蚌埠站）
半程 / 短距离,2025-04-18 15:00,官网/微信/小程序,,6000/6000,,未提及,自行评估,,278584864@q.com,024-31851890,,2025-04-29 11:14,辽宁,B,有退出和候补机制,2025-04-23 17:00,,✔️,北陵公园,已结束,中共沈阳市皇姑区委员会 / 沈阳市皇姑区人民政府,2025-05-31 00:00,120/60,报名时缴费,12000,,文创皇姑,沈阳皇姑半程马拉松
半程 / 短距离,2025-03-08 10:00,官网/微信/小程序,,10000/6000,https://www.sichuanbojiesports.com,,必须,,,13529388388,四川博捷体育文化传播有限公司,,云南,A,,2025-03-28 22:00,,❌,,已结束,云南省体育局 / 红河哈尼族彝族自治州人民政府,2025-05-18 00:00,150/60,,16000,,弥勒半程马拉松,弥勒半程马拉松
半程 / 短距离,2025-04-07 10:00,官网/微信/小程序,,10000/5000,,未提及,未提及,,relay@42195.com,028-83419663,,2025-04-30 09:43,青海,A,,2025-04-21 10:00,,✔️,青海体育中心,已结束,西宁市人民政府 / 西宁市城西区人民政府,2025-06-29 11:09,100/80,报名时缴费,15000,,2025年西宁半程马拉松,西宁半程马拉松
全程 / 半程 / 短距离,2025-02-14 13:14,官网/微信/小程序 / 数字心动,,3000/6000/3000,,未提及,未提及,,,,烟台落基体育有限公司,,山东,B,,2025-04-24 23:59,,❌,,已结束,烟台市体育局 / 海阳市人民政府,2025-05-25 00:00,179/149/79,报名时缴费,12000,,落基体育RockySports,海阳马拉松
半程 / 短距离,2025-06-30 09:00,官网/微信/小程序 / 数字心动,,9000/3000,,未提及,自行评估,,lhsmarathon@163.com,19905197127,常州有迈竞创体育文化有限公司,2025-08-01 00:00,吉林,B,,2025-07-27 18:00,,✔️,力旺·孔雀林,已结束,长春市体育局 / 长春莲花山生态旅游度假区管理委员会,2025-09-07 00:00,150/80,报名时缴费,12000,,长春莲花山度假区旅游局,长春莲花山半程马拉松
全程 / 半程,2025-07-10 10:00,官网/微信/小程序 / 马拉马拉,,8000/12000,https://www.symarathon.com,半程或以上,自行评估,,sy_marathon@163.com,15142042195,北京中锐体育产业有限公司,2025-07-30 00:00,辽宁,A / 精英,有退出和候补机制,2025-07-22 15:00,,✔️,,已结束,沈阳市人民政府,2025-09-14 16:26,180/150,报名时缴费,20000,,2025沈阳马拉松,沈阳马拉松
半程 / 短距离,2025-06-23 10:00,官网/微信/小程序 / 数字心动,,8000/4000,http://lanzhouxinqumarathon.com,未提及,自行评估,,xqbcmls@163.com,0931-8100500,,2025-07-15 00:00,甘肃,A,无,2025-06-27 18:00,,✔️,栖霞湖,已结束,兰州新区管理委员会,2025-08-24 00:00,100/60,报名时缴费,12000,,兰州新区半程马拉松,兰州新区半程马拉松
10km,2025-07-18 10:00,官网/微信/小程序 / 数字心动 / 马拉马拉 / 最酷,,5000,,未提及,自行评估,,,13161117089,北京京视体育发展有限责任公司,,北京,B,,2025-08-15 10:00,,✔️,十三陵水库,已结束,北京市昌平区人民政府 / 北京奥运城市发展促进会,2025-09-07 00:00,120,报名时缴费,5000,,北京奥运城市发展促进会,北京奥运城市体育文化节- RUN GIRLS女子跑昌平十三陵10公里
全程 / 半程 / 10km / 短距离,2025-03-03 09:00,官网/微信/小程序 / 数字心动 / 马拉马拉 / 马拉松报名网,,4000/8000/3000/5000,,未提及,自行评估,,,0851-28975933,贵州小马体育发展有限公司 / 济南路跑文化传播有限公司,,贵州,A,无,2025-04-15 17:00,,❌,遵义市奥林匹克体育中心,已结束,贵州省体育局 / 遵义市人民政府,2025-05-11 00:00,198/158/108/88,报名时缴费,20000,,遵义马拉松、贵州小马体育,遵义马拉松
半程 / 短距离,2025-05-09 10:00,官网/微信/小程序,,3000/2000,,未提及,自行评估,,baojimarathon@163.com,,威赢赛事运营有限公司,2025-05-23 14:44,陕西,A,,2025-05-14 12:00,,✔️,青莲山广场,已结束,宝鸡市体育局 / 麟游县人民政府,2025-06-29 10:30,120/60,中签后缴费,5000,,宝鸡马拉松,陕西宝鸡·麟游夏季半程马拉松
全程 / 半程 / 短距离,2025-03-27 17:18,官网/微信/小程序 / 数字心动,,7000/11000/10000,https://yinchuanmarathon.shuzixindong.com,未提及,未提及,,yinchuanmls@163.com,0951-6713026,,2025-04-22 17:08,宁夏,A,,2025-04-17 12:00,,✔️,,已结束,宁夏回族自治区体育局 / 银川市人民政府 / 宁夏贺兰山东麓葡萄酒产业园区管委会,2025-05-18 00:00,180/150/80,报名时缴费,28000,,银川马拉松,宁夏银川马拉松赛
全程 / 半程 / 短距离,2025-07-11 10:00,官网/微信/小程序 / 数字心动,,1100/1700/1700,https://tianshanmarathon@163.com,未提及,自行评估,,tianshanmarathon@163.com,0994-6955888,厦门文广体育有限公司,,新疆,A,,2025-07-30 23:59,,❌,,已结束,吉木萨尔县人民政府,2025-08-17 00:00,150/120/80,报名时缴费,4500,,吉木萨尔天山马拉松,吉木萨尔天山马拉松
10km,2025-04-01 10:00,官网/微信/小程序 / 数字心动 / 马拉马拉,,5000,,未提及,自行评估,,pbbj@baa.org.cn,18511081160,,2025-04-25 11:12,北京,A / WA,无,2025-04-10 18:00,,✔️,石龙路与金沙街交叉口,已结束,中国田径协会 / 北京市门头沟区人民政府,2025-05-18 10:39,100,报名时缴费,5000,,北京市田径运动协会、跑遍北京,中国田径协会10公里精英赛 （北京门头沟站）
半程 / 短距离,2025-04-10 10:00,官网/微信/小程序,,3000/3000,https://www.sichuanbojiesports.com,未提及,必须,,,13529388388,云南博捷体育赛事策划有限公司,,云南,B,,2025-05-09 20:00,,❌,太阳广场,已结束,普洱市教育体育局 / 中共墨江县委员会 / 墨江县人民政府,2025-06-22 10:05,120/60,报名时缴费,6000,,博捷体育,普洱墨江半程马拉松
全程 / 半程 / 10km / 短距离,2025-05-23 15:00,官网/微信/小程序,,8000/12000/2000/10000,http://liupanshui.sites.irunner.mobi/,未提及,自行评估,,gzlpsmb@163.com,0858-8242195,贵州钟山旅游产业发展有限责任公司,2025-06-10 00:00,贵州,A / 精英,,2025-06-05 18:00,https://docimg2.docs.qq.com/image/AgAACG-qqCGngdf2R_RGpZEt0UY-qvwn.png?w=1080&h=729,✔️,人民广场,已结束,贵州省体育局 / 六盘水市人民政府,2025-07-20 08:53,198/148/88/60,报名时缴费,32000,,凉都六盘水马拉松,六盘水马拉松
10km / 短距离,2025-06-16 10:00,数字心动,,5000/5000,,未提及,必须,,,13060487748,云南博捷体育赛事策划有限公司,,云南,A / WA,,2025-07-15 22:00,,❌,,已结束,中国田径协会 / 曲靖市人民政府 / 云南省体育局 / 云南省文化和旅游厅 / 云南省民族宗教事务委员会 / 云南省商务厅,2025-07-27 17:58,80/50,报名时缴费,10000,,,中国田径协会10公里精英赛（曲靖·麒麟）
半程 / 短距离,2025-02-20 12:00,官网/微信/小程序 / 数字心动 / 最酷,,3500/1500,,未提及,未提及,,liren18nzmls@sina.com,17615191214,王者传奇（北京）体育文化有限公司,,山东,B,无,2025-04-10 23:59,,❌,,已结束,威海市体育局 / 乳山市人民政府,2025-05-11 10:42,120/60,报名时缴费,5000,,,乳山半程马拉松
全程 / 半程 / 中距离 / 短距离,2025-02-14 10:00,官网/微信/小程序 / 数字心动,,2000/8000/6000/4000,,半程或以上,自行评估,,lmcdm2023@163.com,0871-65629970,云南行知探索体育文旅产业有限公司,2025-04-30 14:54,云南,A,无,2025-04-20 23:59,,✔️,全民健身中心,已结束,大理州人民政府 / 云南省体育局 / 云南省人民政府外事办公室,2025-05-18 09:41,200/150/80/60,报名时缴费,20000,,澜湄合作大理马拉松LMCDM,澜沧江-湄公河合作大理马拉松
全程 / 半程 / 短距离,2025-04-05 10:00,官网/微信/小程序,,1000/1500/2500,,未提及,自行评估,,lzstmarathon@163.com,0931-8100500,甘肃行者体育管理有限公司,,甘肃,A,无,2025-06-04 17:00,,❌,丹霞广场,已结束,临泽县人民政府,2025-06-29 00:00,120/100/60,报名时缴费,5000,,临泽生态马拉松,临泽马拉松
10km,2025-07-21 10:00,官网/微信/小程序 / 数字心动 / 马拉马拉 / 润赛美佳 / 智赛通 / 跑跑网(马拉松报名),,2000,https://jiamusimarathon.com,未提及,未提及,,jms210975@163.com,16534540672,,2025-08-20 00:00,黑龙江,A / WA,,2025-08-07 17:00,,✔️,佳木斯文体会展中心,已结束,中国田径协会 / 佳木斯市人民政府,2025-09-07 00:00,80,报名时缴费,2000,,佳木斯体育,中国田径协会10公里精英赛（佳木斯站）
全程 / 半程 / 短距离,2024-12-31 10:00,官网/微信/小程序 / 数字心动,,3000/5000/15000,https://www.longfengmarathon.com,全程 / 半程或以上,可用完赛证书,,longfengmls@126.com,19907155622,湖北互通有道体育科技有限公司,2025-03-18 16:56,湖北,A,无,2025-03-15 18:00,https://docimg6.docs.qq.com/image/AgAACG-qqCEtiUX3JqtDpou-Uqu_vx0E.png?w=1080&h=1509,✔️,来凤县文体局文化广场,已结束,来凤县人民政府 / 龙山县人民政府,2025-05-02 09:10,120/100/65,报名时缴费,23000,,湘鄂龙凤双城马拉松,湘鄂龙凤马拉松
半程 / 短距离,2025-04-28 18:00,数字心动 / 马拉马拉 / 润赛美佳 / 汇跑参赛助手 / 最酷 / 跑跑网(马拉松报名),,3500/2500,,未提及,必须,,prwmls@sina.cn,17615191214,王者传奇（北京）体育文化有限公司,,辽宁,A,,2025-05-30 10:00,,❌,和平公园,已结束,辽宁省妇女联合会 / 沈阳市妇女联合会 / 沈阳市体育局 / 沈阳市沈北新区人民政府,2025-06-15 17:40,120/60,报名时缴费,6000,,沈阳沈北蒲河女子半程马拉松,沈阳沈北蒲河女子半程马拉松
全程 / 半程 / 短距离,2025-03-20 15:00,官网/微信/小程序 / 数字心动,,10000/15000/10000,http://www.changchunmarathon.com,,,,ccmarathon@126.com,0431-88655081,厦门文广体育有限公司,2025-04-19 10:48,吉林,A / 标牌,,2025-04-15 18:00,,✔️,,已结束,长春市人民政府 / 吉林省体育局,2025-05-25 13:42,180/150/80,报名时缴费,35000,,长春马拉松,长春马拉松
全程 / 半程,2025-07-04 10:00,官网/微信/小程序 / 数字心动,,15000/20000,https://hrb-marathon.chinaath.com,半程或以上,必须,,hrbmlsbm@163.com,0451-51080606,哈尔滨会展博览有限公司,2025-07-20 00:00,黑龙江,A / 金标 / AIMS,无,2025-07-10 23:59,,✔️,音乐长廊,已结束,黑龙江省体育局 / 哈尔滨市人民政府,2025-08-31 09:44,200/150,中签后缴费,35000,,哈尔滨国际马拉松,哈尔滨马拉松
全程 / 半程 / 短距离,2025-04-17 10:00,官网/微信/小程序,,2000/3000/10000,https://ylhmls.xempower.cn,未提及,自行评估,,ylh-marathon@xempower.com.cn,025-87775902,南京魔盒信息科技有限公司,2025-05-04 15:38,新疆,A,,2025-04-30 18:00,,✔️,七彩广场,已结束,伊宁市人民政府,2025-05-18 11:17,150/120/50,报名时缴费,15000,,伊犁河马拉松,伊犁河马拉松
全程 / 半程 / 10km / 短距离,2025-04-29 14:00,官网/微信/小程序,,6000/12000/3000/14000,http://www.guiyangmarathon.com,半程或以上,自行评估,,guiyang@sport-china.cn,,广东新中体育集团有限公司,2025-05-15 10:43,贵州,A / 精英,（1）已提交报名信息及支付报名费的运动员，可在退费服务截止前，自行在报名系统操作申请退费。（2）抽签结果公布前，申请退赛退费的将不收取任何费用，报名费将在申请后2个工作日内全额原路退回。（3）抽签结果公布后，未中签或审核未通过运动员报名费将在2个工作日内全额原路退回。（4）抽签结果公布后，已中签运动员可在5月30日前在报名页面自行办理退赛退费，在服务截止前退出的退还70%报名费，办理退费后，系统将在2个工作日内将原路退款，5月31日之后不可再退出。,2025-05-12 16:00,,✔️,贵阳国际会议展览中心北广场,已结束,贵州省体育局 / 贵阳市人民政府,2025-06-15 08:55,200/180/100/80,报名时缴费,35000,,贵阳马拉松,贵阳马拉松
全程 / 半程 / 短距离,2025-05-09 10:00,官网/微信/小程序,,2000/5000/8000,https://chuxiongmarathon.chinaath.com,马拉松项目需半程以上完赛经历 / 10km及以上,自行评估,,cxmls@cnsgsports.cn,17787824975,华体赛事（北京）体育管理有限公司,2025-06-23 00:00,云南,A,,2025-06-08 18:00,,✔️,楚雄州文化活动中心,已结束,楚雄市人民政府,2025-07-13 15:58,180/150/80,报名时缴费,15000,,楚雄马拉松,楚雄马拉松
半程 / 短距离,2025-05-29 14:00,官网/微信/小程序 / 第一赛道 / 数字心动,,3500/2500,https://jinxiu.gusto.cn/,半程或以上,自行评估,,jxmarathon@sport-china.cn,,,,广西,B,"1.退赛退费：（1）已提交报名信息及支付的选手，在退改服务期限内，可在订单页面自行办理退费服务。（2）完成缴费后24小时内的报名订单，申请退赛退费的将不收取任何费用，报名费将在申请后1个工作日内全额原路退回。（3）完成缴费后超过24小时的报名订单，申请退赛退费的不论项目均需收取20元/次的服务费，扣除相应服务费后剩余费用在申请后1个工作日内原路退回。
2.改换项目：（1）需要更换项目的选手，在退改服务截止前，可先进行退赛退费操作后，重新报名需改换的项目。（2）从短距离项目改长距离项目者，还须符合长距离项目参赛条件并通过审核后方能获得参赛资格。
3.退改服务期限6月15日18:00退费服务系统关闭，将不再受理任何退费申请。",2025-06-13 10:00,,❌,,已结束,中共金秀瑶族自治县委员会 / 金秀瑶族自治县人民政府,2025-06-29 11:07,120/60,报名时缴费,6000,,金秀半程马拉松,金秀半程马拉松
全程 / 半程 / 短距离,2025-03-20 12:00,官网/微信/小程序 / 数字心动,,10000/10000/10000,http://jilinmarathon.com,未提及,自行评估,,jilinmarathon@126.com,19905197127,,2025-04-18 18:26,吉林,A / 金标,,2025-04-13 18:00,,✔️,,已结束,吉林市人民政府 / 吉林省体育局,2025-05-18 10:03,180/160/80,中签后缴费,30000,,吉林市马拉松,吉林市马拉松
全程 / 半程 / 短距离,2025-02-20 10:00,官网/微信/小程序 / 数字心动,,1200/2300/4500,https://www.jyggreatwallmls.com,未提及,自行评估,,jyggreatwallmls@163.com,0931-8100300,甘肃行者体育管理有限公司,,甘肃,A,无,2025-02-20 13:00,,❌,雄关广场,已结束,嘉峪关市人民政府,2025-06-15 13:29,120/100/60,报名时缴费,8000,,嘉峪关长城马拉松,嘉峪关长城马拉松
全程 / 半程 / 短距离,2025-02-28 10:00,官网/微信/小程序 / 数字心动,,7000/5000/5000,,未提及,自行评估,,,0335-8018279,河北野人体育文化发展有限公司,2025-03-20 16:24,河北,A,无,2025-03-09 17:00,,✔️,秦皇岛奥林匹克体育中心,已结束,秦皇岛市人民政府,2025-05-11 16:49,150/120/0,报名时缴费,17000,,秦皇岛马拉松,秦皇岛马拉松
半程 / 短距离,2025-04-01 10:00,官网/微信/小程序,,4000/2000,,未提及,自行评估,,,,华舰体育赛事发展（山西）有限公司,2025-04-09 15:42,山西,A,,2025-04-07 17:00,,✔️,,已结束,阳泉市体育局 / 平定县人民政府,2025-05-25 11:20,120/50,报名时缴费,6000,,,阳泉娘子关半程马拉松
半程 / 短距离,2025-06-20 10:00,官网/微信/小程序 / 数字心动,,2000/1000,http://linzhimarathon.umaysports.cn,亚高原或海拔1000米以上半程,必须,,linzhimarathon@163.com,19905197127,江苏有迈体育发展股份有限公司,2025-07-10 00:00,西藏,A,,2025-07-06 18:00,,✔️,,已结束,西藏自治区体育局 / 林芝市人民政府,2025-07-27 00:00,180/80,报名时缴费,3000,,有迈路跑,林芝半程马拉松
全程 / 半程 / 短距离,2025-02-08 10:00,官网/微信/小程序,,2000/3000/5000,,未提及,未提及,,2141436164@qq.com,,,,安徽,B,无,2025-03-31 23:59,,❌,,已结束,怀宁县人民政府 / 安庆市教育体育局,2025-05-11 10:41,100/80/30,报名时缴费,10000,,秀莓怀宁,怀宁马拉松
半程 / 短距离,2025-08-04 10:00,数字心动,,3000/7000,,未提及,自行评估,,,18004422098,,,吉林,B,,2025-08-14 17:00,,❌,,已结束,吉林省体育局 / 延边州人民政府,2025-09-07 00:00,120/60,报名时缴费,10000,,和龙半程马拉松、和龙半马,和龙半程马拉松
全程 / 半程 / 短距离,2024-08-24 19:00,官网/微信/小程序 / 马拉马拉,,,https://www.great-wall-marathon.com.cn,未提及,未提及,,info@great-wall-marathon.com.cn,010-63552521,,,天津,AIMS,无,2025-03-01 23:59,,❌,黄崖关长城风景区-正关广场,已结束,北京唯文恒石体育文化有限责任公司 / 丹麦Albatros Adventure Marathons,2025-05-17 09:58,2080,报名时缴费,2500,,GWM长马,黄崖关长城国际马拉松
全程 / 半程 / 短距离,2025-07-04 10:00,数字心动,,2000/3000/4000,,未提及,未提及,,,13875890767,,,湖南,A,9月20日前可退,2025-09-30 18:00,,❌,宁远印山公园,已结束,湖南省体育局 / 永州市人民政府,2025-10-19 00:00,150/100/40,报名时缴费,9000,,宁远九嶷山马拉松,宁远九嶷山马拉松
全程 / 半程 / 短距离,2025-07-25 10:00,官网/微信/小程序,,3000/7000/8000,http://www.rizhaomarathon.com,未提及,自行评估,,rizhaomarathon2025@163.com,0633-7676961,日照体育发展集团有限公司,,山东,B,,2025-08-15 16:00,,❌,人民广场,已结束,日照市人民政府,2025-10-26 00:00,150/120/80,报名时缴费,18000,,日照马拉松,日照马拉松
半程 / 短距离,2025-08-25 10:00,官网/微信/小程序,,7000/5000,https://www.xianghumarathon.com,半程或以上,可用完赛证书,,xianghumarathon@163.com,18922800274,深圳市五环体育产业发展有限公司,2025-09-15 00:00,浙江,A,,2025-08-31 23:59,,✔️,杭州湘湖景区,已结束,杭州市萧山区人民政府,2025-10-19 00:00,120/80,报名时缴费,12000,,杭州湘湖马拉松,杭州湘湖半程马拉松
全程 / 半程 / 短距离,2025-07-30 10:00,官网/微信/小程序 / 数字心动 / 马拉马拉 / 润赛美佳 / 最酷,,6000/12000/12000,https://inanmarathon.iqilu.comj,半程或以上,自行评估,,jinanmarathon@126.com,0531-66661234,山东广播电视台,2025-09-01 00:00,山东,A,无,2025-08-19 18:00,,✔️,大明湖风景名胜区,已结束,山东省体育局 / 济南市人民政府,2025-10-19 00:00,180/150/80,中签后缴费,30000,,济南马拉松,济南（泉城）马拉松
半程,2025-09-26 10:00,数字心动 / 马拉马拉,,9000,,未提及,自行评估,,fangshanhm@126.com,18518148086,,,北京,A,无,2025-10-09 18:00,https://docimg4.docs.qq.com/image/AgAACG-qqCHfaSQ2TxdG7a6YB0in7LgY.png?w=1080&h=1527,✔️,清苑北街,已结束,北京市体育局 / 北京市体育总会 / 北京市房山区人民政府,2025-10-26 00:00,120,报名时缴费,9000,,北京市田径运动协会,北京房山良乡大学城半程马拉松
全程 / 半程 / 短距离,2025-06-23 10:00,官网/微信/小程序 / 数字心动,,15000/18000/7000,http://tymarathon.cn,未提及,自行评估,,taimabaoming@163.com,18835194219,开承体育文化产业（重庆）有限公司,2025-07-22 00:00,山西,A / 金标,无,2025-07-15 23:59,,✔️,五一广场,已结束,山西省体育局 / 太原市人民政府,2025-09-21 09:45,180/150/80,报名时缴费,40000,,太原马拉松,"太原马拉松赛
"
全程 / 半程 / 短距离,2025-05-26 10:00,官网/微信/小程序,,10000/15000/10000,,未提及,必须,,,,,2025-06-10 11:08,山东,A / 金标 / AIMS,无,2025-06-03 17:00,,✔️,,已结束,山东省体育局 / 东营市人民政府,2025-10-19 00:00,150/120/80,中签后缴费,35000,,黄河口东营马拉松赛,黄河口（东营）马拉松
全程 / 半程 / 短距离,2025-07-09 09:00,官网/微信/小程序 / 数字心动,,2000/6000/2000,,未提及,未提及,,brsmarathon@163.com,13260675696,广州博润体育科技有限公司,2025-08-08 00:00,吉林,A,,2025-07-31 18:00,,✔️,查干湖景区南门游客中心,已结束,前郭尔罗斯蒙古族自治县人民政府 / 吉林查干湖旅游经济开发区管委会,2025-09-21 00:00,150/120/80,报名时缴费,10000,,查干湖马拉松,查干湖马拉松
半程 / 短距离,2025-07-15 10:00,数字心动,,12000/8000,,未提及,自行评估,,nxydwltiyu@163.com,,悦动未来（宁夏）体育文化发展有限公司,,宁夏,A,无,2025-08-22 23:59,,✔️,人民广场西街,已结束,中国职工国际旅行社总社 / 宁夏回族自治区总工会 / 宁夏回族自治区体育局 / 银川市人民政府,2025-09-27 00:00,100/50,报名时缴费,20000,,悦动体育运动汇,全国职工半程马拉松赛（银川站）
全程 / 半程 / 短距离,2025-07-10 10:00,官网/微信/小程序 / 第一赛道,,6000/14000/15000,https://linyi.sport-china.cn,全程 / 半程或以上,可用完赛证书,,linyi@gustomail.cn,13866060187,广西新中体育有限责任公司,2025-09-12 00:00,山东,A,8月31日18：00前可退改,2025-08-31 18:00,,✔️,五洲湖,已结束,临沂市人民政府,2025-10-26 00:00,150/120/60,报名时缴费,35000,,临沂体育、2025临沂马拉松、第一赛道,临沂马拉松
半程,2025-07-18 18:00,官网/微信/小程序 / 数字心动,,7000,http://lushanmarathon.umaysports.cn/,未提及,自行评估,,lushanmarathon@163.com,19905197127,庐山文化旅游投资控股集团,,江西,A,,2025-07-27 15:30,,❌,,已结束,九江市人民政府,2025-09-21 00:00,150,报名时缴费,7000,,庐山半程马拉松赛,庐山半程马拉松
半程 / 短距离,2025-07-20 10:00,官网/微信/小程序 / 高德地图,,4000/4000,,未提及,自行评估,,yidumarathon@163.com,027-59266510,南京极致体育发展有限公司,,湖北,B,,2025-09-22 17:00,,❌,宜都市体育场,已结束,宜都市人民政府,2025-10-19 00:00,130/60,报名时缴费,8000,,宜都半程马拉松,宜都半程马拉松
全程 / 半程 / 短距离,2025-07-31 10:00,官网/微信/小程序 / 数字心动 / 马拉马拉,,15000/16000/4000,https://www.marathonchangsha.com,未提及,自行评估,,csmarathon@126.com,400-8516-999,长沙体育产业经营有限公司,2025-08-27 00:00,湖南,A / 金标 / AIMS,,2025-08-06 17:00,,✔️,杜甫江阁,已结束,长沙市人民政府 / 湖南省体育局,2025-10-26 16:24,200/180/80,报名时缴费,35000,,长沙马拉松,长沙马拉松
半程 / 中距离 / 短距离,2025-08-18 10:00,官网/微信/小程序 / 数字心动,,2000/2000/3000,,未提及,未提及,,wangsifan@horisports.com,19399203619,深圳中赛体育产业发展有限公司,2025-09-29 00:00,兵团,A,,2025-09-19 20:00,,✔️,,已结束,新疆生产建设兵团第二师铁门关市,2025-10-19 00:00,100/60/50,报名时缴费,7000,,铁门关马拉松,铁门关半程马拉松
半程 / 短距离,2025-06-06 10:00,官网/微信/小程序 / 数字心动,,5000/5000,https://www.sichuanbojiesports.com,未提及,必须,,,13529388388,云南博捷体育赛事策划有限公司,2025-07-21 11:11,云南,A,,2025-07-10 22:00,,✔️,,已结束,云南省体育局 / 大理白族自治州人民政府,2025-09-21 11:07,150/60,报名时缴费,10000,,博捷体育,大理小河淌水半程马拉松
全程 / 半程 / 短距离,2025-08-07 10:00,官网/微信/小程序,,2000/4000/4000,,未提及,自行评估,,sh-marathon@xempower.com.cn,025-87775902,南京魔盒信息科技有限公司,2025-09-10 00:00,江苏,A,抽签前可退,2025-08-28 18:00,,✔️,泗洪城南公园停车点,已结束,泗洪县人民政府,2025-10-19 00:00,150/100/30,报名时缴费,10000,,泗洪马拉松,泗洪马拉松
全程 / 半程 / 短距离,2025-08-21 10:00,官网/微信/小程序 / 数字心动,,5000/9000/8000,https://www.xiangyang-marathon.com,未提及,自行评估,,xiangyangmls@163.com,19086319162,广州博润体育科技有限公司,2025-09-10 00:00,湖北,A,无,2025-09-05 18:00,,✔️,诸葛亮广场,已结束,湖北省体育局 / 襄阳市人民政府,2025-10-19 00:00,150/120/30,中签后缴费,22000,,襄阳马拉松,襄阳马拉松
半程 / 短距离,2025-07-23 10:00,官网/微信/小程序 / 数字心动,,8000/2000,,未提及,自行评估,,pingtoutiyu@126.com,4000-66-375,青岛平头体育有限公司,2025-08-12 00:00,山东,B,无,2025-08-08 17:00,,✔️,临朐县体育中心,已结束,临朐县人民政府,2025-10-03 00:00,100/50,报名时缴费,10000,,临朐马拉松暨警察马拉松,临朐半程马拉松
全程 / 半程 / 短距离,2025-07-10 10:00,官网/微信/小程序 / 第一赛道,,3000/5000/4000,https://suizhou.sport-china.cn,半程或以上,可用完赛证书,,suizhou@guatomail.cn,,广东新中体育集团有限公司,2025-08-29 00:00,湖北,A,8月17日前可以退,2025-08-10 18:00,,✔️,,已结束,湖北省体育局 / 随州市人民政府,2025-10-19 00:00,180/150/80,报名时缴费,12000,,随州马拉松、第一赛道,随州马拉松赛
10km / 短距离,2025-08-25 10:00,官网/微信/小程序 / 数字心动,,2000/3000,,未提及,自行评估,https://docimg6.docs.qq.com/image/AgAACG-qqCFQVqykjppF5JfQMiwg19Sw.png?w=912&h=830,aishanpao_run@sina.com,15625671019,广东先奥体育文化传播有限公司,,广东,A / WA,,2025-09-05 20:00,,❌,滨江公园,已结束,中国田径协会 / 揭西县人民政府,2025-10-19 00:00,80/50,报名时缴费,5000,,爱汕跑,中国田径协会10公里精英赛·揭西河婆站
半程 / 10km / 短距离,2025-05-20 11:00,官网/微信/小程序,,3500/5000/3500,https://lohasnet.tw/XinWuMarathon2025/,未提及,未提及,,lohasnet.tw@gmail.com,(886)05-551-0310,,,台湾,AIMS,有,2025-08-31 23:59,,❌,,已结束,桃園市政府,2025-09-28 00:00,NT$8500/600/400,报名时缴费,12000,,,新屋魚米之鄉馬拉松
全程,2025-08-08 10:00,官网/微信/小程序 / 数字心动 / 马拉马拉,,10000,https://www.haidian-marathon.com,半程或以上,自行评估,,haidianmarathon@163.com,18511942195,北京中锐体育产业有限公司,2025-09-07 00:00,北京,A,,2025-08-26 23:59,,✔️,中关村壹号,已结束,北京市体育局 / 北京市海淀区人民政府,2025-10-12 00:00,200,中签后缴费,10000,,海淀马拉松,海淀马拉松
全程 / 半程 / 短距离,2025-07-10 10:00,官网/微信/小程序,,3000/9000/4000,http://nxhhjamarathon.spoorts.cn,未提及,自行评估,,,400-111-1042,浙江中迹体育发展有限公司,,宁夏,A,无,2025-08-18 17:00,,❌,,已结束,宁夏回族自治区体育局 / 吴忠市人民政府,2025-09-21 00:00,160/130/60,报名时缴费,16000,,宁夏黄河金岸吴忠马拉松,宁夏黄河金岸（吴忠）马拉松
全程 / 半程 / 短距离,2025-07-10 15:00,官网/微信/小程序 / 数字心动,,3000/9000/8000,https://weifangmarathon.irunner.mobi,未提及,自行评估,,,,厦门文广体育有限公司,2025-08-06 00:00,山东,A,,2025-07-29 18:00,,✔️,,已结束,潍坊市人民政府,2025-10-19 15:50,180/150/80,报名时缴费,20000,,潍坊马拉松,潍坊马拉松
半程 / 短距离,2025-08-08 09:00,数字心动 / 赛客 / 马拉马拉 / 最酷 / 跑跑网(马拉松报名) / 润赛美佳,,5000/3000,,未提及,自行评估,,,16600484578,天津悦森体育文化发展有限公司,,天津,B,,2025-08-15 17:00,,❌,宝坻体育中心,已结束,天津市宝坻区人民政府,2025-10-01 00:00,120/60,报名时缴费,8000,,悦森文体,潮白湿地半程马拉松
半程 / 短距离,2025-06-18 10:00,官网/微信/小程序,,7000/3000,,未提及,必须,,,,北京初美体育文化发展有限公司,,天津,A,,2025-07-18 12:00,,❌,,已结束,天津市静海区人民政府,2025-09-21 10:41,150/80,,10000,,团泊湖马拉松官方号,天津团泊湖半程马拉松
半程 / 短距离,2025-08-18 10:00,官网/微信/小程序 / 数字心动,,8000/2000/2000,https://hirunsport.cn,未提及,可用完赛证书,,hirunkefu@163.com,18248484836,杭州嗨跑体育管理有限公司,2025-09-10 00:00,浙江,A,9月20日前可退出,2025-08-30 16:00,,✔️,临安人民广场,已结束,杭州市临安区人民政府,2025-10-19 00:00,150/100/80,报名时缴费,12000,,嗨跑体育,杭州临安半程马拉松
半程 / 短距离,2025-08-18 10:00,官网/微信/小程序,,2000/1000,https://fxmarathon.xempower.cn,未提及,自行评估,,fx-marathon@xempower.cn,025-87775902,南京冠奥宝德体育发展有限公司,2025-09-24 00:00,江苏,B,抽签前可退,2025-09-18 17:00,,✔️,果都大观园,已结束,丰县人民政府,2025-10-19 00:00,100/40,报名时缴费,3000,,丰县半程马拉松,丰县半程马拉松
全程 / 半程 / 短距离,2025-08-08 10:00,官网/微信/小程序,,2000/6000/4000,,未提及,必须,,,024-31326115,,2025-09-05 00:00,辽宁,A,,2025-08-31 12:00,,✔️,红海滩国家风景廊道,已结束,辽宁省体育局 / 盘锦市人民政府,2025-09-21 10:41,150/120/50,报名时缴费,12000,,盘锦红马,盘锦红海滩马拉松
半程 / 短距离,2025-06-25 10:00,官网/微信/小程序,,6000/4000,,未提及,必须,,jinanlupaowenhua@foxmail.com,0531-87942195,济南路跑文化传播有限公司,,山东,A,,2025-08-15 17:00,,❌,,已结束,威海市体育局 / 荣成市人民政府,2025-09-20 00:00,120/60,报名时缴费,10000,,荣成好运角半程马拉松,荣成好运角半程马拉松
全程 / 半程 / 短距离,2025-08-09 10:00,官网/微信/小程序 / 马拉马拉 / 数字心动,,18000/10000/5000,https://www.tianjin-marathon.com,未提及,自行评估,,oc@tianjin-marathon.com,13164230530,中奥路跑(北京)体育管理有限公司,2025-08-22 00:00,天津,A,9月10日10时至9月13日18时退出,2025-08-15 10:00,,✔️,,已结束,天津市人民政府,2025-10-26 00:00,200/150/100,中签后缴费,33000,,天津马拉松,天津马拉松
10km,2025-08-11 14:00,官网/微信/小程序,,3500,https://hkaaa.com/tc/comp_details.php?id=270,未提及,未提及,,events@hkaaa.com,,,,香港,HK / WA,,2025-09-12 14:00,,❌,,已结束,中国香港田径总会,2025-10-19 00:00,HK$350,报名时缴费,3500,,,香港十公里錦標賽
全程 / 半程 / 中距离 / 短距离,2025-06-18 10:00,官网/微信/小程序 / 数字心动,,2000/5000/4000/9000,https://www.tianmenmarathon.com,半程或以上,可用完赛证书,,hutongquanma@126.com,19907155922,湖北互通有道体育科技有限公司,2025-09-18 00:00,湖北,A,,2025-09-10 10:00,,✔️,陆羽广场,已结束,湖北省体育局 / 天门市人民政府,2025-10-12 17:54,150/120/80/60,报名时缴费,20000,,天门马拉松,天门马拉松
半程 / 短距离,2025-08-14 10:00,官网/微信/小程序 / 数字心动,,5000/3000,https://yanan-marathon.shuzixindong.com,未提及,自行评估,,ximahuipao@163.com,400-11-42195,西安西马汇跑赛事运营有限公司,2025-08-25 00:00,陕西,A,,2025-08-19 18:00,,✔️,延安革命纪念馆,已结束,陕西省体育局 / 延安市人民政府,2025-09-21 10:41,150/80,报名时缴费,8000,,西马汇跑,延安红色半程马拉松
半程 / 短距离,2025-08-21 10:00,官网/微信/小程序 / 数字心动,,7000/8000,,未提及,未提及,,,17316784625,重庆云动风行体育文化传播有限公司,,重庆,B,,2025-09-29 18:00,,❌,重庆龙兴足球场,已结束,重庆两江新区管理委员会,2025-10-18 00:00,150/80,报名时缴费,15000,,云动重庆,重庆两江摇滚半程马拉松
半程 / 短距离,2025-07-18 15:00,官网/微信/小程序 / 数字心动 / 跑跑网(马拉松报名) / 最酷 / 我要赛,,6000/4000,,未提及,自行评估,,,17316784625,重庆渝跑悦动体育发展有限公司,,四川,B,伤病可退,2025-08-15 17:00,,❌,长宁站,已结束,长宁县人民政府 / 宜宾市蜀南竹海兴文石海文化生态旅游示范区,2025-09-21 10:41,120/60,报名时缴费,10000,,,长宁·蜀南竹海半程马拉松
半程 / 中距离 / 短距离,2025-07-15 12:00,官网/微信/小程序,,3000/500/3500,,亚高原或高原半程马拉松或40公里以上越野赛或拉萨半马完赛,必须,,,18008053490,成都中体大健康体育文化传播有限公司,,西藏,A,,2025-08-10 17:00,,❌,,已结束,拉萨市人民政府 / 西藏自治区体育局,2025-09-21 00:00,150/100/60,报名时缴费,7000,,拉萨市体育局、中体大健康,拉萨半程马拉松
全程 / 半程 / 短距离,2025-07-05 11:00,官网/微信/小程序,,22000/12000/4000,https://xi-ma.com,未提及,自行评估,,ximahuipao@163.com,400-11-42195,西安西马汇跑赛事运营有限公司,2025-08-06 00:00,陕西,A / 标牌,有候补及退出机制,2025-07-27 18:00,,✔️,西安城墙-永宁门,已结束,陕西省体育局 / 西安市人民政府,2025-10-19 09:46,200/200/100,中签后缴费,40000,,西马汇跑,西安马拉松
全程 / 半程,2025-08-11 10:00,数字心动,,5000/10000,https://www.tangshan-marathon.com,未提及,自行评估,,tangshanmarathon@126.com,0315-2177100,唐山瑞跑体育文化传播有限公司,2025-08-28 00:00,河北,A,,2025-08-21 10:00,,✔️,,已结束,唐山市人民政府,2025-10-26 00:00,150/120,报名时缴费,15000,,唐山马拉松,唐山马拉松
半程 / 短距离,2025-07-21 10:00,官网/微信/小程序 / 跑跑网(马拉松报名),,5000/2000,,未提及,自行评估,,,13309501470,悦动未来（宁夏）体育文化发展有限公司,,宁夏,B,,2025-07-31 23:59,,❌,,已结束,宁夏回族自治区体育局 / 宁夏回族自治区文化和旅游厅 / 宁夏贺兰山东麓葡萄酒产业园区管理委员会 / 银川市西夏区人民政府,2025-09-14 00:00,140/80,报名时缴费,7000,,宁夏贺兰山路跑双季赛,宁夏贺兰山东麓葡萄酒产区半程马拉松路跑双季赛（金秋赛）
半程 / 短距离,2025-06-20 10:00,官网/微信/小程序,,3500/6500,https://jinchangmarathon.cn,未提及,自行评估,,,0935-8212360,甘肃行者体育管理有限公司,,甘肃,A / WA,无,2025-06-22 12:00,,❌,人民文化广场,已结束,中国田径协会 / 金昌市人民政府,2025-09-21 17:08,100/60,报名时缴费,10000,,金昌半程马拉松,金昌半程马拉松
全程 / 短距离,2025-07-27 10:00,官网/微信/小程序,,12000/8000,https://www.hengshuilakemarathon.com,未提及,自行评估,,hsmarathon@163.com,0318-8883194,北京中迹体育管理有限公司,2025-08-09 00:00,河北,A / AIMS / WA,有,2025-07-31 17:00,,✔️,衡水湖·马拉松广场,已结束,河北省体育局 / 衡水市人民政府,2025-09-21 14:05,150/50,报名时缴费,20000,,衡水湖马拉松赛,衡水湖马拉松
全程 / 半程 / 短距离,2025-07-03 10:00,官网/微信/小程序 / 智赛通,,5000/7000/8000,https://www.yulin-marathon.com,未提及,自行评估,,yulinmarathon@163.com,029-85361589,威赢赛事运营有限公司,2025-07-23 00:00,陕西,A,,2025-07-12 18:00,,✔️,,已结束,陕西省体育局 / 榆林市人民政府,2025-09-21 00:00,160/160/80,中签后缴费,20000,,榆林马拉松、威赢赛事,榆林马拉松
半程 / 短距离,2025-08-21 10:00,官网/微信/小程序 / 数字心动 / 第一赛道,,2500/500,,半程或以上,可用完赛证书,,naijirace@163.com,,北京耐吉文化传播有限公司,,河北,B,,2025-09-12 17:00,,❌,世界葡萄博览园-北门,已结束,北京市延庆区体育局 / 北京市延庆区张山营镇人民政府 / 北京八达岭文旅集团有限公司,2025-09-27 00:00,130/100,,3000,,,张山营阪泉半程马拉松
全程 / 半程 / 短距离,2025-08-12 10:00,官网/微信/小程序,,3000/10000/7000,,未提及,自行评估,,tz-marathon@xempower.com.cn,025-87775902,南京善跑体育科技有限公司,2025-09-15 00:00,江苏,B,9月10前可以退出,2025-08-31 18:00,,✔️,泰州体育公园-西门,已结束,泰州市人民政府,2025-10-19 00:00,150/100/60,报名时缴费,20000,,泰州马拉松,泰州马拉松
半程 / 短距离,2025-08-01 10:00,官网/微信/小程序,,4000/6000,,半程或以上,可用完赛证书,,kuerlemls@163.com,13076167389,南京极致体育发展有限公司,,新疆,A,,2025-09-10 18:00,,❌,鸿雁广场,已结束,巴州文化体育广播电视和旅游局 / 库尔勒市人民政府,2025-10-02 00:00,100/20,报名时缴费,10000,,库尔勒马拉松,库尔勒半程马拉松
半程 / 中距离 / 短距离,2025-09-12 10:00,官网/微信/小程序 / 数字心动,,8000/2000/2000,https://kmmarathon.saihuitong.com,未提及,现场核验,,kmmarathon@expewise.com,0871-65629970,云南行知探索体育文旅产业有限公司,2025-09-23 00:00,云南,A,,2025-09-21 18:00,,✔️,石林红杉湖温泉酒店,已结束,云南省体育局 / 昆明市人民政府,2025-10-12 00:00,150/100/50,报名时缴费,12000,,昆明高原半程马拉松赛,昆明半程马拉松
半程 / 短距离,2025-07-08 10:00,官网/微信/小程序,,12000/3000,,未提及,未提及,,tonglumls123@163.com,18058756033,浙江午马精英体育发展有限公司,2025-07-15 00:00,浙江,A,,2025-07-11 12:00,,✔️,桐庐中心广场,已结束,桐庐县人民政府,2025-10-26 00:00,150/60,中签后缴费,15000,,午马体育,桐庐半程马拉松
10km,2025-09-09 15:00,官网/微信/小程序 / 上马,,7000,https://www.shang-ma.com,未提及,自行评估,,general@shmarathon.com,400-101-5879,上海东浩兰生赛事管理有限公司,2025-09-19 00:00,上海,A / 金标,无,2025-09-12 17:00,,✔️,,已结束,上海市体育总会 / 上海市普陀区人民政府 / 东浩兰生（集团）有限公司,2025-10-26 08:40,100,中签后缴费,7000,,上马,上海10公里精英赛
全程 / 半程,2025-08-08 10:00,官网/微信/小程序 / 数字心动 / 马拉马拉,,5000/10000,https://www.huairougreatwallmarathon.com,未提及,自行评估,,pbbj@baa.org.cn,18511081160,,2025-08-25 00:00,北京,A,,2025-08-18 23:59,,✔️,北京雁栖湖国际会展中心,已结束,北京市怀柔区人民政府,2025-09-21 10:41,180/120,,15000,,怀柔长城马拉松,怀柔长城马拉松
半程,2025-08-15 10:00,官网/微信/小程序 / 数字心动,,15000,https://www.czxthmls.com,未提及,自行评估,,czxthmls@163.com,,江苏有迈体育发展股份有限公司,2025-09-12 00:00,江苏,A / 金标,报名成功后不可退出,2025-09-07 23:59,,✔️,中国花卉博览园-北门,已结束,中国田径协会 / 常州市武进区人民政府 / 常州市体育局,2025-10-26 00:00,160,中签后缴费,15000,,常州西太湖半程马拉松、有迈路跑,常州西太湖半程马拉松
全程 / 短距离,2025-05-20 10:19,官网/微信/小程序,,7000/13000/4000,,半程或以上 / 10km及以上,自行评估,,,15006555096,烟台永辉体育发展有限公司,2025-06-23 16:32,山东,A,无,2025-06-10 23:59,,✔️,烟台滨海广场,已结束,烟台市人民政府 / 烟台市体育局,2025-10-19 16:31,180/150/80,中签后缴费,24000,,永辉体育,烟台马拉松
半程 / 短距离,2025-07-01 09:00,官网/微信/小程序,,9000/900,,半程或以上,可用完赛证书,,,13006238000,,2025-08-25 00:00,江西,A,,2025-08-19 23:59,,✔️,龙虎山风景区-游客中心,已结束,鹰潭市体育局 / 鹰潭市龙虎山风景名胜区管理委员会 / 鹰潭市文化旅游投资发展集团有限公司,2025-10-08 00:00,160/110,报名时缴费,9900,,鹰潭马拉松,鹰潭龙虎山半程马拉松
全程 / 半程 / 短距离,2025-08-15 10:00,官网/微信/小程序,,1500/3500/5000,,未提及,自行评估,,,400-1111-042,浙江中迹体育发展有限公司,,新疆,A,,2025-10-05 23:59,,❌,龙潭公园,已结束,阿克苏市人民政府 / 杭州市援疆指挥部,2025-10-19 00:00,120/100/60,报名时缴费,10000,,阿克苏市马拉松,阿克苏市马拉松
全程 / 半程 / 短距离,2025-07-22 10:00,官网/微信/小程序 / 数字心动,,4000/10000/6000,https://sichuanbojiesports.com,未提及,必须,,,13529388388,四川博捷体育文化传播有限公司,2025-08-25 00:00,云南,A,,2025-08-15 22:00,,✔️,玉溪市聂耳文化广场-生态广场,已结束,云南省体育局 / 玉溪市人民政府,2025-10-03 00:00,200/150/60,报名时缴费,20000,,玉溪马拉松,玉溪马拉松
全程 / 半程 / 短距离,2025-07-22 10:00,官网/微信/小程序,,3000/5000/7000,https://klmymarathon.xempower.cn,未提及,自行评估,,klmymarathon@163.com,025-87775902,南京善跑体育科技有限公司,2025-09-15 00:00,新疆,A,,2025-08-31 17:00,,✔️,克拉玛依市体育馆,已结束,克拉玛依市人民政府,2025-10-06 00:00,150/120/80,报名时缴费,15000,,克拉玛依马拉松,克拉玛依马拉松
全程 / 半程 / 中距离 / 短距离,2025-05-20 13:14,官网/微信/小程序 / 数字心动,,3000/10000/3000/6000,,未提及,自行评估,,xinyumls@126.com,,安徽波动体育文化科技有限公司,2025-08-11 13:12,江西,A / 标牌,,2025-07-31 22:00,,✔️,新余市体育中心,已结束,江西省体育局 / 新余市人民政府,2025-10-26 09:00,120/100/60/50,报名时缴费,22000,,仙女湖马拉松,新余仙女湖马拉松
全程 / 半程,2025-07-18 10:00,官网/微信/小程序 / 数字心动 / 润赛美佳,,3000/6000,,未提及,必须,,,18008053490,成都中体大健康体育文化传播有限公司,,四川,A,,2025-08-10 18:00,,❌,三江路与学园街交叉口,已结束,宜宾市人民政府 / 四川省田径协会,2025-10-12 00:00,150/120/100/60,报名时缴费,9000,,宜宾长江马拉松,宜宾长江首城马拉松
半程 / 短距离,2025-08-06 12:00,官网/微信/小程序,,7000/3000,http://www.cityrun.cc/front/marathon/index/uid/15186.html,未提及,未提及,,,13713809641,深圳市微马城市发展有限公司,,福建,B,,2025-09-26 23:59,,❌,泰宁县人民政府,已结束,泰宁县人民政府,2025-10-26 00:00,128/88,报名时缴费,10000,,泰宁半程马拉松,泰宁半程马拉松
全程 / 半程 / 短距离,2025-08-15 10:00,官网/微信/小程序,,1000/2000/2000,,马拉松项目需半程以上完赛经历 / 10km及以上,自行评估,,,13071117160,中奥智胜（北京）体育发展有限公司,,河北,A,,2025-08-25 23:59,,❌,官厅水库国家湿地公园游客中心,已结束,怀来县人民政府,2025-09-21 00:00,160/120/100,,5000,,奥盈体育,官厅湖马拉松
半程,2025-08-13 10:00,官网/微信/小程序 / 汇跑参赛助手,,17000,https://lihu.marathon.org.cn,未提及,自行评估,,kefu@ihuipao.com,400-99-42195,无锡汇跑体育有限公司,2025-08-26 00:00,江苏,A / 标牌,有退出候补机制,2025-08-21 17:00,,✔️,太湖西大道与隐秀路交叉口,已结束,无锡市滨湖区人民政府,2025-11-02 09:04,160,中签后缴费,17000,,汇跑赛事,环蠡湖半程马拉松
全程 / 半程,2025-08-11 10:00,官网/微信/小程序,,4000/8000,https://https:/h't,未提及,自行评估,,tianmuhumarathon@xempower.com.cn,025-87775902,南京善跑体育科技有限公司,2025-09-19 00:00,江苏,A,无,2025-09-07 18:00,,✔️,燕湖公园,已结束,溧阳市人民政府 / 常州市体育局,2025-11-16 00:00,150/120,报名时缴费,12000,,天目湖马拉松,天目湖马拉松
半程,2025-06-18 15:00,官网/微信/小程序 / 数字心动,,8000,,未提及,自行评估,,,,,2025-07-31 00:00,安徽,A,,2025-07-18 15:00,,✔️,,已结束,安徽省体育局 / 马鞍山市人民政府,2025-11-02 10:03,100,报名时缴费,8000,,采石矶马拉松,马鞍山·采石矶半程马拉松
10km / 短距离,2025-09-08 14:00,官网/微信/小程序 / 数字心动,,7000/5000,,10km及以上,可用完赛证书,,china_beihai_10k@163.com,19162285560,,2025-10-01 00:00,广西,A / WA,,2025-10-15 18:00,,✔️,上海路旅游集散中心,已结束,中国田径协会 / 广西壮族自治区体育局 / 北海市人民政府,2025-10-26 00:00,100/60,报名时缴费,12000,,北海10K精英赛,中国田径协会10公里精英赛（北海站）
全程 / 半程,2025-06-10 10:00,官网/微信/小程序 / 数字心动,,4000/12000,,半程或以上,可用完赛证书,,,,浙江横店体育发展有限公司,,浙江,A,,2025-09-03 17:00,,❌,,已结束,东阳市人民政府 / 横店集团,2025-11-16 09:21,180/150,,16000,,,横店马拉松
全程 / 半程,2025-09-08 10:00,官网/微信/小程序 / 数字心动,,3000/6000,,未提及,自行评估,,chuzhoumls@163.com,,,,安徽,A,,2025-10-15 10:00,,❌,滁州奥体中心,已结束,安徽省体育局 / 滁州市人民政府,2025-11-16 10:06,150/120,报名时缴费,15000,,滁州马拉松,滁州马拉松
半程,2025-09-08 10:00,官网/微信/小程序 / 数字心动,,3000,https://www.world550.com,未提及,必须,,,17821357388,戈友文化传媒（上海）有限公司,,浙江,B,,2025-10-10 10:00,,❌,平湖农业经济开发区(广陈镇),已结束,平湖市人民政府 / 上海市金山区人民政府,2025-11-16 00:00,120,报名时缴费,3000,,550体育、平湖农开、廊下生活,平湖金山半程马拉松
10km / 短距离,2025-09-30 10:00,官网/微信/小程序 / 数字心动,,7000/2500,,未提及,自行评估,,xiamen10k@163.com,13338467323,,2025-10-29 00:00,福建,A / WA,,2025-10-24 12:00,,✔️,厦门国际博览中心,已结束,中国田径协会 / 厦门市体育局 / 厦门市翔安区人民政府,2025-11-22 00:00,100/80,报名时缴费,9500,,厦门翔安10K精英赛,"中国田径协会10公里精英赛（厦门·翔安站）
"
全程 / 半程,2025-08-26 15:00,官网/微信/小程序,,20000/12000,,马拉松项目需半程以上完赛经历,必须,,,,浙江黄龙体育发展有限公司 / 南京善跑体育科技有限公司,2025-09-15 00:00,浙江,A / 金标 / AIMS,,2025-09-01 17:00,,✔️,黄龙体育中心体育场,已结束,浙江省体育局 / 杭州市人民政府,2025-11-02 09:46,200/150,中签后缴费,32000,,杭州马拉松,杭州马拉松
半程,2025-08-08 10:00,官网/微信/小程序 / 汇跑参赛助手 / 数字心动,,7000,,未提及,自行评估,,1472901668@qq.com,18915389021,江阴市澄和体育产业发展有限公司,2025-09-05 00:00,江苏,A,,2025-08-28 15:00,,✔️,,已结束,江阴市人民政府,2025-11-09 00:00,120,,7000,,,江阴新桥镇半程马拉松
全程,2025-09-10 10:00,官网/微信/小程序 / 数字心动 / 马拉马拉,,32000,https://www.beijing-marathon.com,半程或以上,自行评估,,oc@beijing-marathon.com,010-67167482,,2025-10-09 00:00,北京,A / 金标 / AIMS / CMM,,2025-09-15 18:00,https://docimg10.docs.qq.com/image/AgAACG-qqCGotTuRR-5DKIsqZozGv4Ho.png?w=1080&h=1527,✔️,天安门广场-入口,已结束,中国田径协会 / 北京市体育局 / 中央广播电视总台,2025-11-02 00:00,200,中签后缴费,32000,,北京马拉松,北京马拉松
10km / 5km / 短距离,2025-07-29 10:00,官网/微信/小程序,,,https://www.hongkongdisneyland.com/zh-hk/hkdl/10k-weekend-2025/,未提及,未提及,,HKDL.10Kweekend@hongkongdisneyland.com,,,,香港,HK / WA,,2025-09-01 23:59,,❌,,已结束,香港国际主题乐园有限公司 / 香港迪士尼管理有限公司 / 中国香港田径总会,2025-11-02 00:00,HK$650/650/650,报名时缴费,20000,,香港迪士尼乐园度假区,香港迪士尼10公里
全程 / 半程,2025-09-08 10:00,官网/微信/小程序,,3000/8000,https://www.gaochunmarathon.com,未提及,自行评估,,gaomazwh@163.com,025-69777031,浙江中迹体育发展有限公司,2025-09-26 00:00,江苏,A / 标牌,,2025-09-20 17:00,,❌,丹阳湖南路,已结束,南京市高淳区人民政府,2025-11-02 09:04,160/130,中签后缴费,11000,,高淳马拉松,高淳马拉松
全程 / 半程,2025-08-10 10:00,官网/微信/小程序,,2000/5000,https://joysports2021@126.com,半程或以上,必须,,15003808400,,河南赛乐体育文化传播有限公司,,河南,B,,2025-10-10 17:00,,❌,,已结束,三门峡市人民政府,2025-11-16 23:58,150/120,报名时缴费,7000,,三门峡马拉松,三门峡马拉松
全程 / 半程,2025-08-12 10:00,官网/微信/小程序 / 第一赛道 / 数字心动,,4000/8000,https://chenzhou.sport-china.cn,半程或以上,自行评估,,chenzhoumls@gustomail.cn,,,2025-09-19 00:00,湖南,A,,2025-09-16 18:00,,✔️,五岭广场,已结束,湖南省体育局 / 郴州市人民政府,2025-11-09 00:00,160/130,报名时缴费,12000,,郴州马拉松,郴州马拉松
全程 / 半程,2025-08-13 10:00,官网/微信/小程序 / 数字心动,,10000/5000,,1.马拉松组：男子全程≤3:54:53，女子全程≤4:24:53； 2.半程马拉松组：男子全程≤4:30:00或男子半程≤2:05:00，女子全程≤5:00:00或半程≤2:20:00。,自行评估,,carmmarathon@163.com,19905197127,江苏有迈体育发展股份有限公司,2025-09-12 00:00,江苏,A,报名成功后不可退出,2025-09-07 23:59,,✔️,,已结束,中国田径协会 / 常州市人民政府,2025-11-23 00:00,200/160,中签后缴费,15000,,中国马拉松精英排名赛,中国马拉松精英排名赛暨长荡湖马拉松
全程 / 半程,2025-05-30 10:40,官网/微信/小程序 / 数字心动,,3000/7000,,未提及,自行评估,,chizhoumarathon@163.com,,池州山水体育文化发展有限公司,2025-07-15 10:54,安徽,A,,2025-06-30 22:40,,✔️,平天湖莲花台,已结束,安徽省体育局 / 池州市人民政府,2025-11-16 10:05,120/100,报名时缴费,16000,,池州马拉松,池州马拉松
半程,2025-08-08 10:00,官网/微信/小程序 / 数字心动,,3500,,未提及,自行评估,,yzgymls@163.com,17775390907,池州山水体育文化发展有限公司,2025-09-05 00:00,江苏,B,,2025-08-27 21:00,,✔️,净土寺塔广场,已结束,高邮市人民政府 / 扬州市体育局,2025-11-02 00:00,120,报名时缴费,3500,,高邮大运河马拉松,扬州高邮大运河半程马拉松赛
半程,2025-08-19 18:00,官网/微信/小程序 / 数字心动,,6000,,10km及以上,自行评估,,,,,2025-09-26 00:00,上海,B,,2025-09-19 12:00,,✔️,,已结束,上海市体育总会 / 上海市宝山区人民政府,2025-11-16 00:00,120,报名时缴费,6000,,宝山体育,上海长滩半程马拉松
全程 / 半程 / 中距离 / 短距离,2025-06-08 12:00,官网/微信/小程序 / 運動筆記,,2500/4000/3500/3500,https://irunner.biji.co/HSINCHUCITY2025,未提及,未提及,,irunner@biji.co,,,,台湾,AIMS,有,2025-08-31 23:59,,❌,,已结束,新竹市政府 / 永悅健康股份有限公司,2025-11-16 23:58,NT$1600/1350/1150/950,报名时缴费,13500,,,新竹城市馬拉松
半程,2025-10-12 10:08,数字心动 / 马拉马拉,,10000,,未提及,自行评估,,pingguhm@163.com,18500107695,,2025-10-31 00:00,北京,A,,2025-10-19 18:00,,✔️,,已结束,北京市平谷区人民政府,2025-11-16 23:58,120,报名时缴费,10000,,北京市田径运动协会,平谷桃花半程马拉松
10km / 短距离,2025-10-12 10:00,官网/微信/小程序 / 数字心动 / 跑跑网(马拉松报名),,3000/2000,,未提及,自行评估,,dtmarathon@163.com,0577-88868108,浙江青鸟捷出体育科技有限公司,,浙江,A / WA,无,2025-10-23 17:00,,❌,温州市洞头区政务服务中心,已结束,中国田径协会 / 温州市洞头区人民政府,2025-11-09 00:00,100/80,报名时缴费,5000,,温州马拉松,中国田径协会10公里精英赛（温州·洞头）
全程,2025-07-23 10:00,官网/微信/小程序 / 数字心动,,24000,https://nanjing.marathon.org.cn,未提及,自行评估,,kefu@ihuipao.com,400-99-42195,无锡汇跑体育有限公司,2025-08-18 00:00,江苏,A / 金标,有候补及退出机制,2025-08-11 17:00,https://docimg2.docs.qq.com/image/AgAACG-qqCGbhLPAOaFD_r7TOlqy9vwj.jpeg?w=1280&h=2357,✔️,南京奥林匹克体育中心,已结束,南京市人民政府,2025-11-16 23:58,200,中签后缴费,24000,,南京马拉松,南京马拉松
半程,2025-08-06 10:00,官网/微信/小程序,,7000,,未提及,自行评估,,liandaomarathon@126.com,15371011451,江苏飞睿体育文化发展有限公司,,江苏,B,,2025-09-29 17:00,,❌,,已结束,连云港市人民政府,2025-11-09 00:00,120,,7000,,,连云港·连岛半程马拉松赛
全程 / 超半马 / 中距离,2025-06-04 12:00,官网/微信/小程序 / 運動筆記,,4000/6000/6500,https://www.tianzhongmarathon.com,未提及,未提及,,520running@gmail.com,(886)04-8753520,彰化縣馬拉松路跑協會 / 彰化縣城鄉創意發展協會,,台湾,AIMS,,2025-06-14 23:59,,❌,,已结束,"彰化縣政府 / ""中華民國舒康樂活運動協會""",2025-11-08 14:41,NT$1750/1650/1450,报名时缴费,16500,,,台灣米倉田中馬拉松
全程 / 半程,2025-05-08 10:00,数字心动 / 润赛美佳,,6000/12000,,未提及,自行评估,,ztdjkgs@163.com,18008053490,成都中体大健康体育文化传播有限公司,,四川,A / 金标,身体原因可申请,2025-06-30 22:00,,❌,火把广场,已结束,凉山彝族自治州人民政府,2025-11-01 08:34,200/160,报名时缴费,18000,,西昌邛海湿地马拉松,西昌邛海湿地马拉松
全程 / 半程,2025-08-29 10:00,官网/微信/小程序 / 汇跑参赛助手,,7000/6000,,未提及,自行评估,,apply@wuhanmarathon.org,027-88712733,武汉汉马体育管理有限公司,2025-09-17 00:00,湖北,A,,2025-09-05 23:59,,✔️,华中科技大学,已结束,湖北省体育局 / 武汉东湖新技术开发区管委会,2025-11-16 23:58,150/100,中签后缴费,13000,,光谷马拉松,光谷马拉松
半程,2025-07-17 10:00,官网/微信/小程序,,15000,,10km及以上,自行评估,https://docimg2.docs.qq.com/image/AgAACG-qqCEPzBE3LwhLH7bsClXb3itl.jpeg?w=1280&h=1807,cqnbmarathon@163.com,(023)62898882,重庆重马体育发展有限公司,2025-08-04 00:00,重庆,A,,2025-07-25 16:45,,✔️,,已结束,重庆市南岸区人民政府,2025-11-02 00:00,200,报名时缴费,15000,,重庆长嘉汇半程马拉松,重庆（长嘉汇）半程马拉松
全程 / 超半马 / 短距离,2024-12-20 11:00,官网/微信/小程序 / 運動筆記,,1000/3000/1000,https://www.sunmoonlakemarathon.com,未提及,未提及,,sunmoonlakemarathon.service@gmail.com,(886)0986-257178,,,台湾,AIMS,,2025-05-28 17:00,,❌,日月潭,已结束,"""中華運動生活協會""",2025-10-26 15:05,NT$1700/1500/1200,报名时缴费,5000,,,日月潭環湖馬拉松
全程 / 半程 / 10km / 短距离,2025-05-08 17:00,官网/微信/小程序,,4000/8500/8500/3000,https://www.evaairrun.com/sc,未提及,未提及,,service@sportsnet.org.tw,(886)02-25855659,,,台湾,AIMS,有,2025-05-29 17:00,,❌,,已结束,"長榮航空 / ""中華民國路跑協會"" / ""中華民國文化休閒運動協會""",2025-10-26 14:36,NT$1800/1100/800/500,报名时缴费,24000,,长荣航空,長榮航空馬拉松 
全程 / 半程,2025-09-11 10:00,官网/微信/小程序 / 数字心动,,3000/9000,https://hz.xcmsports.com,未提及,自行评估,,huzhoumarathon@126.com,0572-2587703,厦门文广体育有限公司,2025-09-30 00:00,浙江,A,,2025-09-26 18:00,,✔️,湖州市奥体中心,已结束,湖州市人民政府,2025-11-09 00:00,180/160,报名时缴费,12000,,湖州马拉松,湖州马拉松
全程 / 半程,2025-08-05 10:00,官网/微信/小程序 / 数字心动,,4000/8000,,未提及,自行评估,,xgmarathon@163.com,13044802661,广州博润体育科技有限公司,2025-09-15 00:00,湖北,A,,2025-09-05 17:00,,✔️,孝感市文化中心,已结束,孝感市人民政府,2025-11-02 00:00,180/150,报名时缴费,20000,,孝感马拉松,孝感马拉松
半程,2025-08-01 15:00,官网/微信/小程序 / 第一赛道,,20000,https://nanchangganjiang.sport-china.cn,半程或以上,自行评估,,nanchangganjiang@gustomail@cn,,广东新中体育集团有限公司,,江西,A,有,2025-09-30 23:59,,❌,汇贤大道[地铁站],已结束,江西省体育局 / 南昌市人民政府 / 赣江新区管委会,2025-11-02 00:00,100,报名时缴费,20000,,南昌赣江半程马拉松,南昌赣江半程马拉松
全程 / 半程,2025-09-01 10:00,官网/微信/小程序,,12000/13000,http://www.zhengzhou42195.com,未提及,自行评估,,,0371-63381730,郑州郑马体育文化传播有限公司,2025-09-16 00:00,河南,A,,2025-09-11 17:00,,✔️,,已结束,郑州市人民政府,2025-11-16 00:00,200/200,中签后缴费,25000,,郑州马拉松,郑州马拉松
全程 / 半程,2025-09-08 10:00,官网/微信/小程序 / 数字心动,,3000/5000,,未提及,自行评估,,,4000661231,广西盈动体育有限公司,,广西,A,,2025-10-19 23:59,,❌,九牛爬坡,已结束,广西壮族自治区体育局 / 崇左市人民政府,2025-11-09 00:00,180/150,报名时缴费,8000,,桂运动、崇左马拉松,崇左马拉松
全程 / 半程,2025-04-15 10:00,官网/微信/小程序 / 马拉马拉,,25000/10000,http://chengdumarathon.cn/,未提及,自行评估,,cd_marathon@126.com,028-83419663,广州万达体育发展有限公司 / 成都传媒产业集团有限公司,2025-06-15 09:56,四川,A / 标牌 / AIMS,已报名跑者可点击报名详情页面的“退赛申请”按钮自行办理退款。2025年8月14日（含）之前退出退还80%报名费，2025年8月15日至2025年9月14日（含）之前退出退还60%报名费，组委会将在收到退出申请后一周内办理退款，9月15日（含）之后不可退出。,2025-05-15 22:00,,✔️,金沙遗址博物馆,已结束,中国田径协会 / 成都市人民政府,2025-10-26 17:25,200/200,报名时缴费,35000,,成都马拉松,成都马拉松
全程 / 半程,2025-06-05 14:00,官网/微信/小程序 / 第一赛道,,11000/12000,http://guilin-marathon.cn/,半程或以上,自行评估,,glmarathon@sport-china.cn,,广东新中体育集团有限公司,2025-09-23 16:07,广西,A / 精英,1.退费（1）已提交报名信息及支付报名费的运动员，可在退费服务截止前，自行在报名系统操作申请退费。（2）抽签结果公布前，申请退赛退费的将不收取任何费用，报名费将在申请后1个工作日内全额原路退回。（3）抽签结果公布后，未中签或审核未通过运动员报名费将在7个工作日内全额原路退回。（4）抽签结果公布后，已中签运动员可在9月25日18:00前在报名页面自行办理退赛退费，在服务截止前退出的退还80%报名费，办理退费后，系统将在2个工作日内将原路退款，9月25日18:00之后不可再退出。,2025-09-10 18:00,,✔️,,已结束,广西壮族自治区体育局 / 桂林市人民政府,2025-11-16 22:01,200/150,报名时缴费,23000,,桂林马拉松,桂林马拉松
半程,2025-07-22 10:00,官网/微信/小程序 / 数字心动,,10000,,半程或以上,可用完赛证书,,zjxsmls@163.com,027-59882567,南京极致体育发展有限公司,,浙江,A,无,2025-10-16 18:00,,❌,诸暨篮球中心,已结束,诸暨市人民政府,2025-11-16 00:00,120,报名时缴费,10000,,西施马拉松,诸暨西施半程马拉松
半程 / 短距离,2025-08-08 12:00,官网/微信/小程序 / 数字心动,,8000/4000,,未提及,65岁以上需要,,,17316784625,天津市飞赫体育文化传播有限公司,,重庆,A,,2025-09-28 17:00,,❌,锦绣广场,已结束,重庆市涪陵区人民政府,2025-10-26 00:00,150/60,报名时缴费,12000,,,重庆涪陵白鹤梁半程马拉松
半程,2025-09-16 10:00,官网/微信/小程序 / 数字心动,,4000,,未提及,自行评估,,paoshenchn@163.com,0571-87655950,浙江跑神体育文化策划有限公司,,上海,B,,2025-09-23 09:28,,❌,,已结束,上海市奉贤区体育局 / 上海市奉贤区文化和旅游局 / 上海市奉贤区海湾镇人民政府,2025-11-09 00:00,150,报名时缴费,4000,,跑神体育,奉贤海湾森林半程马拉松
全程 / 半程,2025-09-17 20:00,官网/微信/小程序,,1500/3500,,未提及,自行评估,,kashimarathon@163.com,0998-2666122,,,新疆,A,,2025-10-08 22:00,,❌,,已结束,喀什市人民政府 / 喀什地区体育局,2025-11-02 00:00,160/120,报名时缴费,5000,,喀什马拉松,喀什马拉松
半程,2025-10-01 10:00,官网/微信/小程序 / 第一赛道,,3500,http://luocheng.sport-china.cn,半程或以上,自行评估,,luocheng@gustomail.cn,,,,广西,A,,2025-10-31 23:59,,❌,罗城县民族文化广场,已结束,中共罗城仫佬族自治县委员会 / 罗城仫佬族自治县人民政府 / 河池市文化广电体育和旅游局,2025-11-09 00:00,120,报名时缴费,3500,,第一赛道、罗城半程马拉松,罗城半程马拉松
全程 / 半程,2025-07-16 10:00,官网/微信/小程序,,2000/5000,https://jiande.zjim.org,半程或以上,可用完赛证书,,hirunkefu@163.com,19558164512,杭州嗨跑体育管理有限公司,,浙江,A,无,2025-09-30 18:00,,❌,建德博物馆,已结束,建德市人民政府 / 浙江省马拉松及路跑协会,2025-11-16 00:00,150/150,报名时缴费,7000,,建德马拉松,建德马拉松
全程,2025-05-23 15:00,官网/微信/小程序,,12000,https://xishanmls.com,未提及,自行评估,,suaosports@163.com,0512-65722565,江苏苏奥体育科技有限公司,2025-07-07 00:00,江苏,A,中签后不可退出,2025-06-23 17:00,,✔️,,已结束,无锡市锡山区人民政府,2025-11-09 17:56,120,报名时缴费,12000,,锡山宛山湖马拉松,锡山宛山湖马拉松
全程 / 半程,2025-07-30 10:00,,,3000/7000,,,,,,,路越（上海）体育发展有限公司,2025-09-20 00:00,湖北,A / 精英,,2025-09-10 18:00,,✔️,,已结束,宜昌市人民政府,2025-11-02 08:52,160/130,,10000,,,宜昌马拉松
全程 / 半程,2025-08-08 14:00,官网/微信/小程序,,20000/12000,https://www.nanchangmarathon.cn,未提及,自行评估,,nanchang42195@163.com,0791-82760195,北京中迹体育管理有限公司,2025-08-30 00:00,江西,A / 精英,,2025-08-18 17:00,,✔️,八一广场,已结束,江西省体育局 / 南昌市人民政府,2025-11-09 14:42,200/150,中签后缴费,32000,,南昌马拉松,南昌马拉松
全程 / 半程,2025-08-22 10:00,官网/微信/小程序,,10000/15000,https://www.hefeimarathon.com,未提及,必须,https://docimg2.docs.qq.com/image/AgAACG-qqCG88ZpF3-9Gybnz6oPxZvcr.jpeg?w=2275&h=1279,,0551-62648635,,2025-09-09 00:00,安徽,A,,2025-09-05 17:30,,✔️,合肥骆岗公园,已结束,安徽省体育局 / 合肥市人民政府,2025-11-09 00:00,150/100,中签后缴费,25000,,合肥马拉松,合肥马拉松
全程 / 半程,2025-08-12 10:00,官网/微信/小程序 / 数字心动,,2500/5500,,未提及,自行评估,,bengbumls@163.com,,,,安徽,A,,2025-09-12 10:00,,❌,蚌埠市体育场(体育路店),已结束,安徽省体育局 / 蚌埠市人民政府,2025-11-02 00:00,150/100,,8000,,蚌埠马拉松,蚌埠马拉松
半程 / 短距离,2025-07-15 10:00,官网/微信/小程序,,7000/3000,,,自行评估,,shuangao66@163.com,010-53383535,北京双奥体育文化产业集团有限公司,,陕西,B,,2025-08-30 18:00,,❌,富昌大桥,已结束,渭南市体育局 / 富平县人民政府,2025-10-26 00:00,120/50,报名时缴费,10000,,富平半程马拉松,富平半程马拉松
半程,2025-07-02 10:00,官网/微信/小程序 / 数字心动 / 马拉马拉,,10000,,半程或以上,可用完赛证书,,,19907155622,湖北互通有道体育科技有限公司,2025-10-03 00:00,湖北,A,,2025-09-28 18:00,https://docimg3.docs.qq.com/image/AgAACG-qqCG2LcYBDiJMzpxJmrFDadtQ.png?w=830&h=1093,✔️,遗爱清风,已结束,黄冈市人民政府,2025-11-02 00:00,150,报名时缴费,10000,,黄冈马拉松,黄冈半程马拉松
全程 / 半程 / 短距离,2025-07-31 10:00,官网/微信/小程序 / 智赛通,,10000/14000/7000,https://www.baoji-marathon.com,未提及,自行评估,,baojimarathon@163.com,029-85361589,威赢赛事运营有限公司,2025-08-15 00:00,陕西,A,,2025-08-08 18:00,,✔️,宝鸡市行政中心广场,已结束,陕西省体育局 / 宝鸡市人民政府,2025-10-26 00:00,200/200/120,报名时缴费,31000,,宝鸡马拉松、威赢赛事,宝鸡马拉松
全程 / 半程,2025-09-26 10:00,官网/微信/小程序 / 第一赛道,,1000/2000,http://fuchuan.sport-china.cn,半程或以上,自行评估,,fuchuan@gustomail.cn,,广西新中体育有限责任公司,,广西,B,,2025-10-17 10:00,,❌,富川瑶族自治县民族体育中心,已结束,中共富川瑶族自治县委员会 / 富川瑶族自治县人民政府,2025-11-09 00:00,150/120,报名时缴费,3000,,富川马拉松,富川马拉松
半程 / 10km / 短距离,2025-08-05 10:00,官网/微信/小程序,,6000/3000/6000,,10km及以上,未提及,,,13071117160,中奥智胜（北京）体育发展有限公司,,广西,A,,2025-09-30 23:59,,❌,,已结束,广西壮族自治区体育局 / 贺州市人民政府,2025-10-26 00:00,120/100/80,报名时缴费,15000,,奥盈体育,贺州半程马拉松
全程 / 半程,2025-08-04 10:00,官网/微信/小程序 / 数字心动,,1500/2500,,未提及,自行评估,,,023-67302960,重庆炫豹体育文化产业有限公司,,重庆,B,,2025-10-15 18:00,,❌,元帅广场,已结束,重庆市江津区人民政府,2025-11-09 00:00,180/150,报名时缴费,4000,,炫豹体育,重庆江津东方爱情马拉松
全程 / 半程,2025-08-20 10:00,官网/微信/小程序 / 马拉马拉,,2000/6000,http://suininggyh-marathon.mararun.com,未提及,自行评估,,snmarathon@qq.com,18982518949,华体赛事（北京）体育管理有限公司,2025-10-16 00:00,四川,A,,2025-09-30 20:00,,✔️,,已结束,遂宁市人民政府 / 四川省田径协会,2025-11-09 00:00,180/150,报名时缴费,8000,,遂宁观音湖马拉松,遂宁观音湖马拉松
全程 / 半程,2025-07-21 10:00,官网/微信/小程序 / 跑跑网(马拉松报名) / 汇跑参赛助手,,3000/7000,https://guangan.marathon.org.cn,未提及,自行评估,,guanganmarathon@163.com,028-85282167,新华网四川有限公司,,四川,A / 标牌,,2025-10-15 23:59,,❌,,已结束,广安市人民政府,2025-11-16 00:00,200/180,报名时缴费,10000,,运动广安,广安马拉松
半程 / 短距离,2025-09-04 10:00,官网/微信/小程序 / 数字心动 / 马拉马拉 / 润赛美佳 / 最酷,,7000/3000,http://guanghan-marathon.com,未提及,现场核验,,info@guanghan-marathon.com,0838-5246921,四川体产赛事管理有限公司,2025-09-24 00:00,四川,A,,2025-09-17 12:00,,✔️,,已结束,德阳市人民政府 / 广汉市人民政府 / 德阳高新区管委会,2025-11-02 11:18,180/80,,10000,,广汉三星堆马拉松,德阳市广汉三星堆半程马拉松
全程 / 半程,2025-08-04 10:00,官网/微信/小程序 / 数字心动,,5000/10000,https://www.quzhoumarathon.cn,未提及,自行评估,,quzhoumarathon@163.com,15951842195,江苏铁人体育文化发展有限公司,2025-09-11 00:00,浙江,A,,2025-09-01 23:59,,✔️,,已结束,衢州市人民政府,2025-11-23 17:16,150/120,报名时缴费,15000,,衢马,衢州马拉松
全程 / 半程,2025-08-06 10:00,官网/微信/小程序 / 数字心动 / 马拉马拉 / 最酷 / 跑跑网(马拉松报名) / 润赛美佳,,3000/5000,,未提及,自行评估,,,19040679504,湖南加博体育文化传播有限公司,,湖南,A,,2025-09-30 17:00,,❌,益阳市市民文化中心,已结束,湖南省体育局 / 益阳市人民政府,2025-11-02 09:04,150/100,,8000,,益阳马拉松,益阳马拉松
全程 / 半程,2025-06-15 10:00,官网/微信/小程序 / 润赛美佳 / 第一赛道,,3000/10000,,半程或以上 / 10km及以上,可用完赛证书,,nanchongmarathon@163.com,19980816949,成都尚跑体育文化传播有限公司,,四川,A,10.2 12:00可退,2025-07-03 12:43,,❌,,已结束,南充市人民政府 / 四川省田径协会,2025-11-02 09:04,200/180,报名时缴费,13000,,尚跑赛事,南充嘉陵江马拉松
半程,2025-09-28 10:00,官网/微信/小程序,,20000,https://www.xiamenhuandongmarathon.com,未提及,未提及,,,0592-3660069,厦门体育产业集团赛事运营有限公司,2025-10-17 00:00,福建,A,无,2025-10-12 10:00,https://docimg9.docs.qq.com/image/AgAACG-qqCH-SUMaF31C4KuZPJmisVhV.jpeg?w=2481&h=3227,✔️,美峰体育公园,已结束,厦门市人民政府 / 厦门市同安区人民政府 / 厦门市翔安区人民政府,2025-12-21 00:00,180,报名时缴费,20000,,厦门环东半程马拉松赛,厦门环东半程马拉松赛
全程 / 半程,2025-08-30 10:00,官网/微信/小程序 / 第一赛道,,2000/5000,,半程或以上,自行评估,,gaoming@gustomail.cn,,路越（湖北）体育发展有限公司,,广东,B,,2025-10-23 18:00,,❌,,已结束,佛山市高明区人民政府,2025-11-23 00:00,188/168,报名时缴费,7000,,高明稻田马拉松,佛山高明稻田马拉松
全程 / 半程,2025-08-29 12:00,官网/微信/小程序,,2000/4000,,未提及,自行评估,,,17316784625,天津市飞赫体育文化传播有限公司,,重庆,A,,2025-11-15 18:00,,❌,,已结束,忠县人民政府,2025-11-30 22:06,150/120,报名时缴费,6000,,长江三峡马拉松,重庆忠县马拉松
半程,2025-09-28 10:00,官网/微信/小程序 / 数字心动,,15000,https://www.huangshimarathon.com,未提及,自行评估,,huangshimls@163.com,13260676179,广州博润体育科技有限公司,2025-11-10 00:00,湖北,A / 精英,,2025-10-28 18:00,,✔️,,已结束,黄石市人民政府,2025-12-14 00:00,160,中签后缴费,15000,,黄石半程马拉松,黄石半程马拉松
半程,2025-09-24 10:00,官网/微信/小程序 / 数字心动,,8000,https://www.sichuanbojiesports.com,未提及,必须,,,13529388388,云南博捷体育赛事策划有限公司,2025-11-20 00:00,云南,A,,2025-11-16 16:00,,✔️,抚澄大道,已结束,云南省体育局 / 玉溪市人民政府,2025-12-14 08:42,150,报名时缴费,8000,,博捷体育、玉溪马拉松,玉溪抚仙湖半程马拉松
半程,2025-09-17 14:00,官网/微信/小程序,,6000,,未提及,自行评估,,mls@126mls@126.com,15800259220,武汉锋尚体育发展有限公司,,广东,A,,2025-10-25 17:00,,❌,,已结束,新兴县人民政府,2025-11-30 22:06,138,报名时缴费,6000,,新兴马拉松,云浮新兴半程马拉松
全程 / 半程,2025-09-05 10:00,官网/微信/小程序,,5000/12000,https://www.wzim.org,未提及,自行评估,,wzim2021@163.com,0577-88868108,浙江青鸟捷出体育科技有限公司,2025-09-29 00:00,浙江,A,无,2025-09-20 18:00,,✔️,,已结束,温州市人民政府,2025-12-07 08:47,180/150,中签后缴费,17000,,温州马拉松,温州马拉松
全程 / 半程,2025-09-28 09:00,官网/微信/小程序,,2000/3000,,未提及,自行评估,,zjslty@126.com,18702590827,,,江西,B,,2025-10-31 18:00,,❌,宁都体育中心,已结束,中共宁都县委员会 / 宁都县人民政府,2025-11-23 00:00,150/120,报名时缴费,5000,,宁都红色马拉松,宁都县红色马拉松
全程 / 半程,2025-09-26 10:00,官网/微信/小程序,,3000/8000,,未提及,自行评估,,zhaoqingmls@126.com,18202007981,南京极致体育发展有限公司,2025-11-07 00:00,广东,A,,2025-10-26 16:00,,✔️,,已结束,肇庆市人民政府,2025-11-30 22:06,188/158,报名时缴费,11000,,肇庆马拉松,肇庆马拉松
全程 / 半程,2025-08-27 10:00,官网/微信/小程序 / 数字心动,,3000/15000,https://hirunsport.cn,未提及,自行评估,,hirunkefu@163.com,18248484836,杭州嗨跑体育管理有限公司,,浙江,A,有,2025-10-10 10:00,,❌,,已结束,淳安县人民政府 / 浙江省马拉松及路跑协会,2025-11-30 00:00,200/200,报名时缴费,13000,,嗨跑体育,千岛湖马拉松
全程 / 半程,2025-09-05 10:00,官网/微信/小程序 / 数字心动,,3000/5000,,未提及,自行评估,,jgsmls@126.com,0796-2180037,北京中锐体育产业有限公司,2025-10-10 00:00,江西,A,,2025-09-30 17:00,,✔️,井冈山市人民政府,已结束,江西省体育局 / 吉安市人民政府,2025-11-23 00:00,150/120,报名时缴费,10000,,井冈山马拉松,井冈山马拉松
全程 / 半程,2025-11-03 10:00,官网/微信/小程序,,2000/8000,,未提及,自行评估,,heyuanmls@163.com,18682137681,广州双鱼体育文化发展有限公司 / 广州悦跑信息科技有限公司,,广东,B,,2025-11-21 17:00,,❌,河源市体育馆,已结束,河源市人民政府,2025-12-21 00:00,180/150,报名时缴费,10000,,2025河源万绿湖马拉松,河源万绿湖马拉松
全程,2025-07-01 00:00,官网/微信/小程序,,23000,https://www.shang-ma.com,未提及,未提及,,general@shmarathon.com,400-101-5879,上海东浩兰生赛事管理有限公司,2025-08-25 00:00,上海,A / 白金 / AIMS / WMM-C,无,2025-07-31 23:59,,✔️,外滩金牛广场,已结束,上海市体育总会 / 上海市黄浦区人民政府 / 上海市静安区人民政府 / 上海市徐汇区人民政府 / 东浩兰生（集团）有限公司,2025-11-30 22:06,200,中签后缴费,23000,,上马,上海马拉松
半程,2025-10-17 17:00,官网/微信/小程序 / 数字心动,,18000,https://www.xmhaicangmarathon.com,未提及,自行评估,,haicangbm@163.com,0592-5372066,厦门文广体育有限公司,2025-11-03 00:00,福建,A / 标牌,,2025-10-30 18:00,,✔️,兴港路与角嵩路交叉口,已结束,厦门市人民政府 / 厦门市海沧区人民政府,2025-12-07 00:00,180,报名时缴费,18000,,厦门海沧半程马拉松,厦门海沧半程马拉松
全程 / 半程,2025-11-21 14:23,官网/微信/小程序 / 数字心动,,5000/5000,,未提及,自行评估,,gzqdnxlsmls@163.com,0855-8255564,,,贵州,A,,2025-11-28 21:00,,❌,,已结束,贵州省体育局 / 黔东南州人民政府,2025-12-14 08:42,180/150,报名时缴费,10000,,香炉山马拉松,贵州黔东南香炉山马拉松
全程 / 半程 / 中距离 / 短距离,2025-06-14 11:00,官网/微信/小程序,,1500/2000/2000/500,https://lohasnet.tw/Taichung-marathon2025/,未提及,未提及,,lohasnet.tw@gmail.com,(886)05-5510310,,,台湾,AIMS,有,2025-09-30 23:59,,❌,,已结束,臺中市政府運動局 / 社團法人臺中市繁榮葫蘆墩促進會 / 臺中市神岡區體育會 / 臺中市豐原區體育會,2025-11-23 00:00,NT$1050/900/800/700,报名时缴费,6000,,,臺中國際馬拉松
全程 / 半程,2025-09-25 10:00,官网/微信/小程序 / 数字心动,,3000/6000,,未提及,自行评估,,,17316784625,重庆云动风行体育文化传播有限公司,,重庆,A,,2025-10-30 23:59,,❌,,已结束,重庆市璧山区人民政府,2025-11-23 00:00,180/150,报名时缴费,9000,,云动重庆,重庆璧山马拉松
全程 / 半程,2025-09-28 13:28,官网/微信/小程序,,3000/5000,,未提及,必须,,jxwymarathon@163.com,19065808508,,,江西,A,,2025-11-03 18:00,,❌,,已结束,婺源县人民政府,2025-11-30 22:06,120/100,报名时缴费,8000,,婺源马拉松,婺源马拉松
全程 / 半程,2025-08-05 10:00,官网/微信/小程序 / 数字心动,,2000/4000,,未提及,未提及,,,,安徽睿驰体育文化有限公司,,安徽,A,,2025-09-30 18:00,,❌,乐动力淮南奥体中心,已结束,安徽省体育局 / 淮南市人民政府,2025-11-23 10:07,120/100,报名时缴费,6000,,淮南马拉松,淮南马拉松
全程 / 半程,2025-10-27 10:00,官网/微信/小程序 / 数字心动 / 职工之家,,4000/6000,,未提及,自行评估,,boaomls@163.com,15800259220,武汉锋尚体育发展有限公司,,海南,A,,2025-11-23 20:00,,❌,琼海市文化体育中心,已结束,琼海市人民政府 / 海南日报报业集团,2025-12-14 08:42,198/158,报名时缴费,10000,,琼海博鳌马拉松,琼海博鳌马拉松
半程,2025-09-04 14:00,官网/微信/小程序 / 第一赛道,,9000,http://humen.gusto.cn,半程或以上,自行评估,,humen@gustomail.cn,,广西新中体育有限责任公司,2025-10-30 00:00,广东,A,,2025-10-10 18:00,,✔️,,已结束,东莞市虎门镇人民政府,2025-11-23 00:00,150,报名时缴费,9000,,虎门半程马拉松,虎门半程马拉松
全程 / 半程,2025-10-30 10:00,官网/微信/小程序 / 数字心动 / 马拉马拉,,10000/16000,https://www.sco-marathon.com,未提及,自行评估,,scomarathon@vip.163.com,17869819191,云南上合文化体育有限公司,2025-11-15 00:00,云南,A / 金标,,2025-11-05 18:00,,✔️,云南海埂会堂,已结束,云南省体育局 / 云南省人民政府外事办公室 / 昆明市人民政府,2025-11-30 00:00,200/150,报名时缴费,26000,,上合马拉松系列赛,上合昆明马拉松
全程 / 半程,2025-10-05 14:00,官网/微信/小程序 / 第一赛道,,3500/6500,https://yulin.sport-china.cn,半程或以上,自行评估,,yulin@gustomail.cn,,北京耐吉文化传播有限公司,,广西,A,,2025-11-23 23:59,,❌,,已结束,广西壮族自治区体育局 / 玉林市人民政府,2025-12-14 08:42,180/150,报名时缴费,10000,,玉林马拉松、第一赛道,玉林马拉松
全程 / 半程,2025-08-23 11:00,官网/微信/小程序,,3000/8000,,未提及,自行评估,,xymls2024@126.com,0591-38876306,福建省广播影视文化传媒有限公司,2025-10-10 00:00,福建,A,,2025-09-23 17:00,,✔️,,已结束,莆田市人民政府,2025-11-30 22:06,160/130,中签后缴费,11000,,八闽名赛,仙游马拉松
全程 / 半程,2025-09-19 10:00,官网/微信/小程序 / 数字心动 / 第一赛道,,5000/10000,http://jiangmen.sport-china.cn,半程或以上,自行评估,,jiangmen@gustomail.cn,,路越（上海）体育发展有限公司,2025-11-20 00:00,广东,A,,2025-11-10 18:00,,✔️,五邑华侨广场,已结束,江门市人民政府,2025-12-21 00:00,180/180,报名时缴费,15000,,第一赛道、江门马拉松,江门马拉松赛
半程,2025-10-03 14:30,官网/微信/小程序,,300,https://hkaaa.com/tc/comp_details.php?id=273,未提及,未提及,,,,,,香港,HK / WA,有,2025-10-30 23:59,,❌,,已结束,中国香港田径总会,2025-12-21 00:00,HK$350,报名时缴费,3000,,,香港半馬拉松錦標賽
半程,2025-09-08 10:00,官网/微信/小程序 / 数字心动,,10000,,未提及,自行评估,,18926856719@163.com,18926856719,爱动时代体育文旅科技（广东）有限公司,2025-10-03 00:00,广东,A,,2025-09-23 16:00,,✔️,,已结束,东莞松山湖高新技术产业开发区管理委员会,2025-11-30 00:00,178,报名时缴费,10000,,,东莞松山湖科学城半程马拉松
半程,2025-11-04 10:00,官网/微信/小程序,,20000,https://www.szns-marathon.com,未提及,自行评估,,sznsmarathon@crland.com.cn,0755-86308879,华润文化体育发展有限公司,2025-11-18 00:00,广东,A / 精英,,2025-11-08 18:00,,✔️,,已结束,深圳市南山区人民政府,2025-12-14 08:42,198,中签后缴费,20000,,深圳南山半程马拉松,深圳南山半程马拉松
全程 / 半程,2025-09-30 10:00,官网/微信/小程序 / 马拉马拉 / 润赛美佳 / 最酷 / 赛客 / 马拉松报名网 / 跑跑网(马拉松报名),,4000/8000,,未提及,自行评估,,,029-85361589,威赢赛事运营有限公司,,福建,A,,2025-10-13 18:00,,❌,武夷广场,已结束,福建省体育局 / 南平市人民政府,2025-11-23 00:00,150/150,报名时缴费,12000,,2025武夷山马拉松,武夷山马拉松
全程 / 半程,2025-08-26 09:00,官网/微信/小程序,,1000/1000,https://www.ctrun.com.tw/Activity?EventMain_ID=263,未提及,未提及,,service@ctrun.com.tw,(886)05-236-5187,全統運動用品股份有限公司,,台湾,AIMS,,2025-10-14 23:59,,❌,,已结束,嘉義市政府,2025-11-30 00:00,NT$1480/1280,报名时缴费,2000,,,嘉義雙潭馬拉松菁英賽
全程 / 半程,2025-07-16 10:00,官网/微信/小程序 / 数字心动,,3000/5000,https://www.anhuijingti.saihuitong.com,未提及,自行评估,,jtty2015@163.com,0564-3265006,安徽竞体体育文化发展有限公司,2025-08-21 00:00,安徽,A,无,2025-08-16 17:00,,✔️,六安市体育中心,已结束,安徽省体育局 / 六安市人民政府,2025-11-30 00:00,120/100,报名时缴费,8000,,六安马拉松,六安马拉松
全程 / 半程,2025-08-28 20:00,官网/微信/小程序,,20000/15000,http://fuzhou-marathon.com,未提及,自行评估,,fuma20231217@126.com,0591-38875138,福建省广播影视文化传媒有限公司,2025-09-25 00:00,福建,A / 精英,,2025-09-06 17:00,,✔️,,已结束,福州市人民政府,2025-12-14 08:42,180/150,中签后缴费,35000,,福州马拉松,福州马拉松
半程,2025-09-25 10:30,官网/微信/小程序 / 数字心动,,12000,,未提及,未提及,,qjzxsports@163.com,,重庆千君万马体育发展有限公司,2025-10-31 00:00,重庆,A,,2025-10-17 17:00,,✔️,,已结束,重庆市巴南区人民政府,2025-12-21 00:00,150,报名时缴费,12000,,,重庆半程马拉松
半程,2025-09-22 10:00,官网/微信/小程序 / 数字心动 / 马拉马拉 / 润赛美佳 / 最酷 / 跑跑网(马拉松报名) / 智赛通,,6000,https://dongfang.jinshensports.com,未提及,自行评估,,dongfangmarathon@126.com,18876896392,海南今燊体育文化发展有限公司,2025-10-27 00:00,海南,A,,2025-10-10 17:00,,✔️,东方市文化广场-东门,已结束,东方市人民政府,2025-11-23 00:00,150,报名时缴费,6000,,海南东方半程马拉松,海南东方半程马拉松
全程 / 半程,2025-09-25 10:00,官网/微信/小程序 / 数字心动,,2000/6000,,,,,,,百视文体（北京）有限公司,,海南,A / 标牌,,2025-10-28 23:59,,❌,,已结束,儋州市人民政府,2025-12-21 08:59,180/160,,8000,,,海南儋州马拉松
半程,2025-09-26 10:00,官网/微信/小程序 / 第一赛道,,5000,https://yongding.sport-china.cn,半程或以上,自行评估,,yongding@gustomail.cn,,广州朗朗体育文化有限公司,,福建,A,,2025-11-07 18:00,,❌,,已结束,龙岩市永定区人民政府 / 龙岩市体育局,2025-11-23 00:00,138,报名时缴费,5000,,永定土楼马拉松,永定土楼半程马拉松
全程 / 半程,2025-06-15 10:00,官网/微信/小程序 / 数字心动,,5000/12000,http://www.sichuanbojiesports.com,未提及,现场核验,,,13529388388,四川博捷体育文化传播有限公司,2025-08-01 16:13,四川,A,,2025-07-20 22:00,,✔️,东坡城市湿地公园,已结束,四川省田径协会 / 眉山市人民政府,2025-11-23 00:00,200/180,中签后缴费,17000,,眉山东坡马拉松、博捷体育,眉山东坡马拉松
全程 / 半程,2025-08-29 15:00,数字心动,,5000/10000,,未提及,自行评估,,china_aseanmls@126.com,15807709227,,2025-10-15 00:00,广西,A / 精英,,2025-09-25 15:00,,✔️,北部湾海洋文化公园,已结束,广西壮族自治区体育局 / 防城港市人民政府,2025-11-23 20:52,180/150,报名时缴费,15000,,中国东盟马拉松,中国-东盟马拉松
全程 / 半程,2025-09-26 10:00,数字心动 / 马拉马拉 / 第一赛道,,5000/7000,https://www.jinjiang-marathon.com,半程或以上,可用完赛证书,,jjmarathon@126.com,13701741466,路越（上海）体育发展有限公司,2025-11-07 00:00,福建,标牌,,2025-10-31 18:00,,✔️,晋江体育中心,已结束,晋江市人民政府,2025-12-07 08:47,170/150,报名时缴费,12000,,晋江马拉松,晋江马拉松赛
半程,2025-09-22 10:00,官网/微信/小程序,,6000,https://chengmai.jinshensports.com,未提及,自行评估,,chengmaimarathon@126.com,13876011078,海南今燊体育文化发展有限公司,,海南,A,,2025-10-10 17:00,,❌,,已结束,澄迈县人民政府,2025-12-07 08:47,150,报名时缴费,6000,,澄迈半程马拉松,澄迈半程马拉松
全程,2025-09-23 10:00,官网/微信/小程序 / 数字心动 / 马拉马拉,,26000,http://www.guangzhou-marathon.com,半程或以上,自行评估,,oc@guangzhou-marathon.com,020-38797839,中奥路跑(北京)体育管理有限公司,2025-10-28 00:00,广东,A / 金标 / AIMS,无,2025-09-28 18:00,,✔️,广州天河体育中心,已结束,广州市人民政府,2025-12-21 23:58,160,中签后缴费,26000,,广州马拉松,广州马拉松
全程 / 半程,2025-09-29 10:00,官网/微信/小程序,,1500/4500,https://www.exprun.com,未提及,自行评估,,tcmarathon@expwise.com,0871-65629970,云南行知探索体育文旅产业有限公司,2025-11-06 00:00,云南,A,,2025-11-02 23:59,,✔️,,已结束,云南省体育局 / 保山市人民政府 / 腾冲市人民政府,2025-11-23 00:00,200/150,报名时缴费,6000,,腾冲马拉松,腾冲马拉松
全程 / 半程,2025-09-19 10:00,官网/微信/小程序 / 数字心动 / 润赛美佳,,3000/10000,,未提及,自行评估,,ztdjkgs@163.com,18008053490,成都中体大健康体育文化传播有限公司,2025-09-30 00:00,四川,A,,2025-09-26 17:00,,✔️,,已结束,四川省田径协会 / 乐山市人民政府,2025-12-14 00:00,200/160,中签后缴费,13000,,中体大健康,乐山双遗马拉松
全程 / 半程,2025-10-31 10:00,官网/微信/小程序 / 第一赛道 / 数字心动,,3000/8000,https://ningde.sport-china.cn,半程或以上 / 10km及以上,可用完赛证书,,lfhz@lffjhz.com,13534392052,,2025-11-24 00:00,福建,A,,2025-11-20 17:00,,✔️,,已结束,宁德市人民政府,2025-12-07 08:47,168/128,报名时缴费,11000,,宁德马拉松,宁德马拉松
全程 / 半程,2025-07-21 10:00,官网/微信/小程序 / 数字心动,,12000/24000,https://www.nanning-marathon.com,未提及,自行评估,,info@nanning-marathon.com,18076642195,广州万达体育发展有限公司,2025-09-10 00:00,广西,A / 精英,无,2025-08-26 12:00,,✔️,民族广场,已结束,广西壮族自治区体育局 / 南宁市人民政府,2025-12-07 08:47,120/100,报名时缴费,36000,,南宁马拉松,南宁马拉松
全程 / 半程,2025-08-22 20:00,官网/微信/小程序 / 数字心动,,5000/7000,,未提及,自行评估,,,17855917287,黄山波动体育赛事运营管理有限公司,2025-09-30 00:00,安徽,A,无,2025-09-20 18:00,,✔️,黄山浦溪河游客服务中心,已结束,安徽省体育局 / 黄山市人民政府,2025-11-30 00:00,200/200,报名时缴费,12000,,黄山马拉松赛,黄山马拉松
半程,2025-08-18 10:00,官网/微信/小程序 / 数字心动,,7000,https://www.tongxiang-marathon.cn,未提及,自行评估,,txbcmls@zhongsaisports.com,17722662515,深圳中赛体育产业发展有限公司,2025-09-28 00:00,浙江,A,,2025-09-19 18:00,,✔️,,已结束,桐乡市人民政府,2025-11-23 00:00,120,报名时缴费,7000,,桐乡半程马拉松,桐乡半程马拉松
全程 / 半程 / 中距离 / 短距离,2025-07-04 12:00,官网/微信/小程序,,500/1000/1500/800,https://www.zengwenmarathon.com/,未提及,未提及,,,(886)02-29516969,,,台湾,CT / AIMS / WA,有,2025-10-31 23:59,,❌,,已结束,"臺南市政府 / ""中華民國田徑協會""",2025-12-14 00:00,NT1000/800/700/500,报名时缴费,3800,,,曾文水库馬拉松
10km / 短距离,2025-10-27 10:00,官网/微信/小程序 / 数字心动 / 跑跑网(马拉松报名),,4000/4000,,未提及,自行评估,,17812173985@163.com,17812173985,,,海南,A / WA,,2025-11-20 10:00,,❌,,已结束,中国田径协会 / 东方市人民政府,2025-12-14 08:42,100/50,报名时缴费,8000,,今粲体育,中国田径协会10公里精英赛（海南东方站）
全程 / 半程,2025-09-28 10:00,官网/微信/小程序 / 数字心动 / 最酷,,1000/3000,,未提及,自行评估,,,023-67302960,重庆炫豹体育文化产业有限公司,,重庆,B,,2025-10-31 18:00,,❌,,已结束,重庆市开州区人民政府,2025-11-23 00:00,180/150,报名时缴费,4000,,,重庆开州汉丰湖马拉松
全程,2025-10-30 10:00,官网/微信/小程序 / 马拉马拉,,30000,http://shenzhenmarathon.org.cn,未提及,自行评估,,szmarathon@ssi.sihc.com.cn,0755-25157039,深圳市深投控体育赛事发展有限公司,2025-11-10 00:00,广东,A / 金标,,2025-11-02 17:00,,✔️,深圳市民中心,已结束,深圳市人民政府,2025-12-07 08:32,200,中签后缴费,30000,,深圳马拉松官方,深圳马拉松
全程 / 半程,2025-10-22 18:00,官网/微信/小程序 / 数字心动,,2000/3000,,未提及,自行评估,,gqcmarathon@163.com,19905197127,,2025-11-14 00:00,江西,A,,2025-11-10 18:00,,✔️,富华山景区,已结束,九江市人民政府,2025-11-30 22:06,150/100,报名时缴费,5000,,,共青城马拉松
全程 / 半程,2025-07-15 16:00,官网/微信/小程序,,9000/19000,https://www.taipeicitymarathon.com/,未提及,未提及,,service@sportsnet.org.tw,(886)02-25996716,,2025-07-30 00:00,台湾,CT / 金标 / AIMS,有,2025-07-28 17:00,,✔️,,已结束,"臺北市政府 / ""中華民國路跑協會"" / ""中華民國田徑協會""",2025-12-21 14:40,NT$2200/1600,中签后缴费,28000,,,臺北馬拉松
全程 / 半程,2025-08-28 10:00,官网/微信/小程序,,10000/12000,https://sxym.org.cn ,未提及,自行评估,,sxmarathon@163.com,0575-88588981,厦门文广体育有限公司,2025-09-18 00:00,浙江,A / 精英,,2025-09-07 17:00,https://docimg3.docs.qq.com/image/AgAACG-qqCG-5QWFYNVDKaL55EYIUEYf.png?w=1080&h=1585,✔️,,已结束,绍兴市人民政府,2025-11-23 08:49,180/160,中签后缴费,22000,,绍兴马拉松,绍兴马拉松
全程 / 半程,2025-10-28 10:00,官网/微信/小程序,,6000/12000,,未提及,自行评估,,,0797-8190013,北京中迹体育管理有限公司,2025-11-07 00:00,江西,A,,2025-11-03 17:00,,✔️,,已结束,赣州市人民政府,2025-12-07 00:00,180/150,中签后缴费,18000,,赣州马拉松,赣州马拉松
半程,2025-09-22 10:00,官网/微信/小程序,,10000,https://www.yiwumls.com,未提及,必须,,yiwumls@163.com,0579-81550003,浙江飞翔体育文化有限公司,,浙江,A / 精英,,2025-10-09 17:00,,❌,义乌市梅湖体育中心,已结束,义乌市人民政府,2025-11-23 00:00,150,报名时缴费,10000,,义乌半程马拉松,义乌半程马拉松
全程 / 半程,2025-11-01 10:00,官网/微信/小程序 / 第一赛道,,3000/5000,,半程或以上,自行评估,,hld@sport-china.cn,,广西新中体育有限责任公司,2025-12-05 00:00,广东,A,12月1日17:00前可退费,2025-12-01 17:00,,✔️,大角湾-螺州海滨公园,已结束,阳江市人民政府,2025-12-14 00:00,180/180,报名时缴费,8000,,阳江海陵岛马拉松,阳江海陵岛马拉松
10km,2025-09-23 10:00,官网/微信/小程序 / 数字心动,,10000,,未提及,未提及,,cmsports@163.com,,重庆重马体育发展有限公司,,重庆,A / WA,,2025-11-07 17:00,,❌,东原1891B馆,已结束,中国田径协会 / 重庆市体育局 / 重庆市南岸区人民政府,2025-11-29 00:00,120,报名时缴费,10000,,重庆重马体育,中国田径协会10公里精英赛（重庆站）暨重庆10公里挑战赛
全程 / 半程 / 短距离,2025-10-11 10:00,官网/微信/小程序,,1800/4800/5400,https://www.macaomarathon.com,未提及,未提及,,macaomarathon@sport.gov.mo,(853)28236363,,,澳门,MC / AIMS,,2025-10-12 23:59,,❌,奥林匹克体育中心,已结束,澳门特别行政区体育局 / 银河娱乐集团 / 澳门田径总会,2025-12-07 08:47,MOP400/400/70,报名时缴费,12000,,澳门体育,澳门国际马拉松
全程 / 半程,2025-10-30 14:00,官网/微信/小程序,,4000/12000,https://www.zhuhaimarathon.com,未提及,自行评估,,zhuhai-marathon@xempower.com.cn,025-87775902,珠海华发体育运营管理有限公司,2025-11-12 00:00,广东,B,,2025-11-05 18:00,,✔️,,已结束,珠海市人民政府,2025-12-07 08:47,200/200,报名时缴费,16000,,华发体育、善跑体育,珠海马拉松
全程 / 半程,2025-10-31 14:00,官网/微信/小程序 / 第一赛道,,3000/7000,http://hakka.sport-china.cn/,半程或以上,自行评估,,mz@sport-china.cn,,广西新中体育有限责任公司,2025-12-05 00:00,广东,A,,2025-11-28 18:00,,✔️,,已结束,梅州市人民政府,2025-12-28 00:00,180/180,报名时缴费,10000,,梅州马拉松赛,梅州马拉松赛
全程 / 半程,2025-11-05 14:00,官网/微信/小程序,,5000/8000,,,,,,,,2025-11-26 00:00,广东,A,,2025-11-16 17:30,,✔️,,已结束,惠州市人民政府,2025-12-28 00:00,188/168,,13000,,,惠州马拉松赛
全程 / 半程,2025-11-17 10:00,官网/微信/小程序,,4000/10000,,,自行评估,,ptmls2024@126.com,0591-38871809,福建省广播影视文化传媒有限公司,,福建,A,,2025-11-17 14:00,,❌,木兰溪治理展示馆,已结束,莆田市人民政府,2025-12-28 00:00,160/130,报名时缴费,14000,,莆田木兰溪马拉松,莆田马拉松
半程,2025-11-05 12:00,官网/微信/小程序 / 数字心动,,7000,,未提及,必须,,,18008053490,成都中体大健康体育文化传播有限公司,,四川,A,,2025-11-18 22:00,,❌,,已结束,四川省田径协会 / 雅安市人民政府 / 四川广播电视台,2025-12-28 00:00,180,报名时缴费,7000,,四川省田径协会、中体大健康,雅安雨城半程马拉松
全程 / 半程,2025-11-03 10:00,官网/微信/小程序 / 数字心动,,5000/9000,http://sanya-marathon.irunner.mobi,未提及,自行评估,,sanyamarathon@163.com,0571-26888999,橙狮体育有限公司 / 杭州嗨跑体育管理有限公司,,海南,A,,2025-11-28 23:59,,❌,,已结束,海南省旅游和文化广电体育厅 / 三亚市人民政府,2025-12-28 00:00,150/120,报名时缴费,14000,,2025海南三亚马拉松,海南（三亚）马拉松
全程 / 半程,2025-09-26 10:00,官网/微信/小程序 / 汇跑参赛助手,,4000/12000,https://www.hengqinmarathon.com,未提及,自行评估,,oc@hengqinmarathon.com,4009942195,珠海华发体育运营管理有限公司 / 南光文化创意产业有限公司,2025-10-31 00:00,广东,A,,2025-10-08 23:59,,✔️,,已结束,横琴粤澳深度合作区执行委员会,2025-12-28 00:00,200/200,报名时缴费,16000,,横琴马拉松,横琴马拉松
全程 / 半程,2025-11-23 14:00,官网/微信/小程序 / 第一赛道,,10000/10000,https://www.hp-marathon.com,半程或以上,自行评估,,huangpu@sport-china.cn,,,2025-12-03 00:00,广东,A,,2025-11-28 18:00,,✔️,,已结束,广州市黄埔区人民政府 / 广州开发区委员会,2025-12-28 00:00,200/200,报名时缴费,20000,,黄埔马拉松,黄埔马拉松
10km / 短距离,2025-10-22 10:00,官网/微信/小程序 / 数字心动,,7000/5000,,未提及,自行评估,,bojiesports@126.com,13529388388,四川博捷体育文化传播有限公司,2025-11-28 00:00,四川,A / WA,,2025-11-24 22:00,,✔️,眉山城市新中心体育公园,已结束,中国田径协会 / 眉山市人民政府,2025-12-28 00:00,100/80,报名时缴费,12000,,博捷体育,中国田径协会10公里精英赛总决赛（眉山）