官方邮箱,起点,运营单位,抽签,最后编辑人,状态,分项规模,赛事,最后编辑时间,创建人,完赛经历要求,报名费,体检报告,联系电话,省份,赛事等级,创建时间,报名渠道,比赛路线,主办单位,奖牌,官网,比赛日期,缴费时间,退出机制,比赛项目,出签日期,总规模,微信公众号,报名开启时间,报名截止时间
rockysports@163.com,招远市体育公园-北门,烟台落基体育有限公司,✔️,,取消,3000/7000/5000,招远黄金马拉松,,,马拉松项目需半程以上完赛经历 / 10km及以上,179/149/79,自行评估,17305356641,山东,B,,官网/微信/小程序,,烟台市体育局 / 招远市人民政府,,,,报名时缴费,,全程 / 半程 / 短距离,2025-06-05 00:00,15000,落基体育RockySports,2025-03-13 10:00,2025-06-01 23:59
RockySports@163.com,威·至海港湾,烟台落基体育有限公司 / 威海落基体育有限公司,❌,,取消,3000/10000/5000,威海马拉松,,,半程或以上,179/149/79,自行评估,18053505451,山东,B,,官网/微信/小程序,https://docimg5.docs.qq.com/image/AgAACG-qqCHcDhaIC7xGO7SZf8dY2IgP.jpeg?w=1280&h=1699,,,,,报名时缴费,,全程 / 半程 / 短距离,,18000,落基体育RockySports,2025-04-30 10:00,2025-10-10 12:00
haimenmarathon@163.com,黄浦江路与太仓路交叉口,,✔️,,取消,2000/5000/3000,海门马拉松,,,未提及,150/120/80,自行评估,19905197127,江苏,A,,官网/微信/小程序 / 高德地图 / 数字心动,,,,http://haimenmarathon.umaysports.cn/,,报名时缴费,,全程 / 半程 / 短距离,2025-10-10 00:00,10000,海门马拉松、有迈路跑,2025-08-25 10:00,2025-09-30 18:00
,,,,,待确定,10000/5000/5000,苏州太湖马拉松,,,,,,,江苏,精英,,,,,,,,,,,,20000,,,
zaozhuangmls@sport-china.cn,,广州朗朗体育文化有限公司,❌,,取消,6000/4000,枣庄半程马拉松,,,半程或以上,120/80,可用完赛证书,,山东,A,,官网/微信/小程序 / 数字心动 / 第一赛道,,枣庄市人民政府,,https://zaozhuang.gusto.cn,,报名时缴费,,半程 / 短距离,,10000,第一赛道、2025枣庄马拉松,2025-08-08 10:00,2025-09-30 10:00
service@sportsnet.org.tw,总统府第二局第五科图书馆,,❌,,已结束,4730/9270/8000/3000,臺北公益馬拉松,,,未提及,NT$1500/1300/850/650,未提及,(886)02-2585-5659,台湾,AIMS,,官网/微信/小程序,,"""中華民國路跑協會""",,http://scbmarathon2024.com/index.php,2025-01-12 15:38,报名时缴费,"報名後-2024年11月8日 17:00	退款比例80%	申請即受理；
2024年11月8日 17:01-2024年12月30日 17:00 退款比例60%	申請即受理；
2024年12月30日 17:01-2025年1月13日 17:00 退款比例50%	僅限下列情況並檢附證明者得以申請1. 天然或人為災害2. 交通中斷3. 兵役或點閱、教育召集4. 傷病或妊娠5. 配偶或參與者一親等內親屬喪葬",全程 / 半程 / 中距离 / 短距离,,25000,,2024-08-20 16:00,2024-10-31 16:00
,,,,,待确定,,中国田径协会10公里精英赛 昌江站,,,,,,,海南,A,,官网/微信/小程序,,,,,,,,,,,,,
,柳叶湖游客广场,湖南御峰体育文化集团有限公司,❌,,取消,4000/8000/8000,常德柳叶湖马拉松,,,未提及,150/120/80,自行评估,13548958510,湖南,A / 标牌,,官网/微信/小程序 / 数字心动,,湖南省体育局 / 常德市人民政府,,,,报名时缴费,,全程 / 半程 / 短距离,,20000,2025常德柳叶湖马拉松,2025-09-29 10:00,2025-10-16 09:00
tamls2025@163.com,,青岛青马爱跑体育文化有限公司,✔️,,取消,3000/13500/8500,泰安马拉松,,,马拉松项目需半程以上完赛经历 / 10km及以上,150/150/80,未提及,15689901187,山东,A,,官网/微信/小程序,,山东省体育局 / 泰安市人民政府,,https://www.tamls.cn,,报名时缴费,报名时间内，所有报名者可申请取消报名并退款。,全程 / 半程 / 短距离,2025-09-26 00:00,25000,2025泰安马拉松、青马文体 ,2025-09-02 15:00,2025-09-20 17:00
ysnzmarathon@163.com,,,❌,,取消,1500/1200/2500,铅山女子半程马拉松,,,未提及,100/60/30,必须,19065808508,江西,B,,官网/微信/小程序 / 数字心动,,铅山县人民政府,,,,报名时缴费,,半程 / 10km / 短距离,,5200,铅山女子马拉松,2025-08-23 10:00,2025-09-21 10:00
gxinwenti@163.com,黄河三角洲农产品交易服务中心,山东国信文体科技股份有限公司,❌,,取消,7000/5000,滨州半程马拉松,,,未提及,100/30,自行评估,13021703779,山东,B,,官网/微信/小程序 / 数字心动 / 润赛美佳 / 马拉马拉,https://docimg8.docs.qq.com/image/AgAACG-qqCGKtp9-1nNLe66TyqEJs47f.png?w=1080&h=1949,滨州市人民政府,,,,报名时缴费,,半程 / 短距离,,12000,滨州半程马拉松、山东国信文体,2025-07-02 18:00,2025-09-15 18:00
bojiesports@126.com,普洱大剧院,四川博捷体育文化传播有限公司,❌,,已结束,4000/8000/8000,普洱思茅马拉松,,,半程或以上,150/120/60,必须,13529388388,云南,A,,数字心动,,云南省体育局 / 普洱市人民政府,,https://www.sichuanbojiesports.com,2025-01-12 14:33,报名时缴费,无,全程 / 半程 / 短距离,,20000,博捷体育、普洱思茅马拉松,2024-10-31 10:00,2024-12-15 22:00
houjietw@126.com,厚街·名家居世博园,深圳市五环体育产业发展有限公司 / 东莞市厚街文化传媒有限公司,,,待确定,4500/3500,厚街半程马拉松,,,未提及,130/60,未提及,0769-85581066,广东,A,,官网/微信/小程序,https://docimg4.docs.qq.com/image/AgAACG-qqCEJe3SC10ZHvbqBCe3sZ0jB.png?w=1080&h=1203,东莞市厚街镇人民政府,,http://www.hjmarathon.com,,报名时缴费,无,半程 / 短距离,,8000,厚街半程马拉松,,
zjgbcmls@163.com,世纪广场,江苏省体育竞赛有限公司 / 张家港市体育文化有限公司,✔️,,取消,10000/6000,张家港半程马拉松,,,,150/100,,0512-58689909,江苏,A,,官网/微信/小程序,https://docimg4.docs.qq.com/image/AgAACG-qqCEDJUvnFWpLOaXhNRe0eCf7.jpeg?w=1280&h=1810,张家港市人民政府,,,,报名时缴费,,半程 / 短距离,2025-03-07 15:34,16000,五彩沙洲,2025-01-13 10:00,2025-02-28 17:00
tongren@gustomail.cn,,,✔️,,取消,5000/8000/3000/4000,贵州铜仁·梵净山马拉松,,,半程或以上,180/150/88/60,自行评估,,贵州,A,,官网/微信/小程序 / 数字心动,,,,,,报名时缴费,,全程 / 半程 / 10km / 短距离,2025-10-20 00:00,20000,梵净山马拉松,2025-09-01 10:00,2025-10-15 17:00
stjsoc@163.com,徐州市体育中心(湖北路店),江苏省体育竞赛有限公司,✔️,,取消,7000/5000/13000,徐州马拉松,,,未提及,180/160/80,自行评估,18151697518,江苏,A,,官网/微信/小程序 / 数字心动,,徐州市人民政府,,,,中签后缴费,,全程 / 半程 / 短距离,2025-09-19 00:00,25000,徐州马拉松,2025-08-22 10:00,2025-09-12 17:00
,,,,,待确定,,龙门半程马拉松赛,,,,,,,广东,,,,,,,,,,,,,,,,
chengxueliang@wzcqsports.cn,,王者传奇（北京）体育文化有限公司,❌,,取消,2000/1000,中国田径协会10公里精英赛（晋中站）,,,未提及,80/50,自行评估,13311560282,山西,A / WA,,官网/微信/小程序 / 数字心动 / 马拉马拉 / 润赛美佳 / 最酷,,中国田径协会 / 晋中市人民政府,,,,报名时缴费,,10km / 短距离,,3000,中国10公里精英赛,2025-09-11 10:00,2025-10-03 17:00
,,,✔️,,取消,5000/10000/5000,株洲马拉松,,,,150/120/60,,,湖南,A,,官网/微信/小程序,,湖南省体育局 / 株洲市人民政府,,,,,,全程 / 半程 / 短距离,,20000,,2025-09-24 10:00,2025-10-30 17:00
15662748418@163.com,,山东文旅传媒集团有限公司,❌,,取消,2000/3000/5000,菏泽东明马拉松,,,未提及,100/80/50,自行评估,15662748418,山东,A,,官网/微信/小程序 / 数字心动 / 马拉马拉 / 最酷,,东明县人民政府,,,,报名时缴费,,全程 / 半程 / 短距离,,10000,速豹体育,2025-08-25 10:00,2025-09-15 17:00
,,,,,待确定,,康保马拉松,,,,,,,河北,,,官网/微信/小程序,,,,,,,,,,,,,
,,海南今燊体育文化发展有限公司,,,待确定,,广元半程马拉松,,,,,,,四川,A,,官网/微信/小程序,,广元市人民政府 / 四川省田径协会,,,,,,,,10000,,,
,,陕西康奥文化体育发展有限公司,✔️,,取消,,泾阳郑国渠半程马拉松赛,,,,,,,陕西,A,,官网/微信/小程序,,咸阳市体育局 / 中共泾阳县委 / 泾阳县人民政府,,,,,,半程 / 短距离,2025-09-21 00:00,10000,,2025-09-10 10:00,2025-09-17 19:00
hengyangmarathon@163.com,衡阳市体育中心体育场,湖南大众体育文化发展有限公司,❌,,取消,6000/10000/6000,衡阳马拉松,,,未提及,169/149/89,自行评估,0731-88092991,湖南,A,,官网/微信/小程序 / 数字心动 / 马拉马拉,,湖南省体育局 / 衡阳市人民政府,,,,报名时缴费,报名截止前可退改,全程 / 半程 / 短距离,,26000,衡阳马拉松,2025-09-19 10:00,2025-09-23 10:00
,,青岛平头体育有限公司,✔️,,取消,1500/6500/2000,龙口马拉松,,,,180/150/80,,,山东,A,,官网/微信/小程序,,烟台市体育局 / 龙口市人民政府,,,,,,全程 / 半程 / 短距离,2025-09-16 00:00,10000,,2025-08-13 10:00,2025-09-05 17:00
chinacoastmarathon@gmail.com,大网仔路,,❌,,已结束,400/600,中國沿岸馬拉松/中國沿岸半馬拉松,,,未提及,HK$580/580,未提及,,香港,AIMS,,官网/微信/小程序,,香港元老田徑會,,https://avohk.org/index.php/china-coast/,2025-01-12 15:18,报名时缴费,无,全程 / 半程,,1000,,2024-11-13 07:00,2024-12-15 23:59
nnwomanmarathon@163.com,南宁博物馆,广西盈动体育有限公司,❌,,取消,5000/3000/8000,南宁女子半程马拉松,,,,160/100/60,自行评估,07773819766,广西,B,,官网/微信/小程序 / 润赛美佳 / 马拉松报名网 / 马拉马拉 / 最酷 / 第一赛道 / 跑跑网(马拉松报名),,南宁市体育局 / 南宁市良庆区人民政府 / 广西社会体育运动发展中心 / 南宁市妇女联合会,,,,报名时缴费,有,半程 / 中距离 / 短距离,,16000,南宁女子半程马拉松,2025-01-24 10:00,2025-02-24 23:59
service@sportsnet.org.tw,金门县服务中心,,❌,,已结束,2000/3300/3500/7000,金門馬拉松,,,未提及,NT$1000/900/800/200,未提及,,福建,AIMS,,官网/微信/小程序,"https://docimg7.docs.qq.com/image/AgAACG-qqCEXF85-0KtPPZTkrGxQsFgb.png?w=6966&h=5008, https://docimg6.docs.qq.com/image/AgAACG-qqCGJbHy5w51AxKxK3aCXMWhm.png?w=6966&h=5008",金門縣政府,,https://www.sportsnet.org.tw/20250119_web/,2025-01-19 15:20,报名时缴费,已完成報名繳費者，如因故要取消報名，請於2024年10月30日(三)17:00前於本會上班時間（週一至週五，上午08:30至12:00；下午13:30至17:30） 提出申請，並於10月30日(三)17:00前提交退費申請書。退回金額為原繳總金額80%。如逾時申請則無論任何理由將不再受理退費事宜。,全程 / 半程 / 10km / 短距离,,15800,,2024-06-28 15:00,2024-10-25 17:00
jtmsmls@163.com,,,✔️,,取消,3000/2000/5000,金坛茅山半程马拉松,,,未提及,150/90/60,自行评估,,江苏,A,,官网/微信/小程序 / 数字心动,,常州市金坛区人民政府 / 常州市体育局,,https://www.jtmsmls.com,,报名时缴费,无,半程 / 中距离 / 短距离,,10000,金坛茅山半程马拉松、有迈路跑,2025-03-02 16:00,2025-03-23 16:00
irunner@biji.co,,,❌,,已结束,?/3000/3000/?,台南國際馬拉松,,,未提及,NT$1400/1200/1000/800,未提及,(886)0910-581659,台湾,AIMS,,官网/微信/小程序 / 運動筆記,https://docimg7.docs.qq.com/image/AgAACG-qqCFrPuSz3zdLLJU3o7l_4BlZ.png?w=1000&h=707,台灣國際馬拉松交流協會 / 亞洲馬拉松大聯盟,,https://irunner.biji.co/twnmarathon2025,2025-01-05 15:40,报名时缴费,无,全程 / 半程 / 10km / 短距离,,,,2024-07-15 14:00,2024-10-22 23:59
,,,,,待确定,2000/5000/3000,慈溪马拉松,,,,,,,浙江,A,,官网/微信/小程序,,浙江省马拉松及路跑协会 / 慈溪市人民政府,,,,,,全程 / 半程 / 短距离,,10000,,,
shuangao66@163.com,滑县滑园风景区,北京双奥体育文化产业集团有限公司,❌,,取消,2000/4000/4000,滑县马拉松,,,半程或以上,150/120/50,自行评估,010-53383535,河南,B,,官网/微信/小程序 / 数字心动,,滑县人民政府,,,,报名时缴费,无,全程 / 半程 / 短距离,,10000,滑县马拉松,2025-02-05 10:00,2025-03-15 18:00
bijikhmservice@gmail.com,高雄国家体育场,H2U運動筆記,❌,,已结束,5000/8000/7000,高雄馬拉松,,,未提及,"NT$1,500/1300/500",未提及,(886)0972896489,台湾,CT / AIMS / WA,,官网/微信/小程序 / 運動筆記,,高雄市政府運動發展局,,https://www.khm.com.tw,2025-01-12 15:24,报名时缴费,无,全程 / 半程 / 短距离,,20000,,2024-08-27 12:00,2024-10-30 23:59
,,深圳市微马城市发展有限公司,❌,,取消,8000/4000,榕江半程马拉松,,,,158/88,,0755-29558176,贵州,A,,,,榕江县人民政府,,,,,,半程 / 短距离,,12000,,2025-08-21 10:00,
WanfenglinMalasong@163.com,阳光谷旅游度假区,,❌,,已结束,3000/3000/6000,万峰林马拉松,,,全程 / 半程或以上,150/120/39,必须,15338697179,贵州,B,,官网/微信/小程序 / 数字心动 / 第一赛道 / 健步圈,,贵州省体育局 / 黔西南州人民政府,,,2025-02-09 13:42,报名时缴费,无,全程 / 半程 / 短距离,,12000,万峰林马拉松,2024-12-18 10:00,2025-01-16 15:00
,,,,,待确定,,鞍山·千山半程马拉松,,,,,,,辽宁,A,,官网/微信/小程序,,,,,,,,,,10000,,,
maoming_marathon@126.com,中国第一滩旅游度假区,广州珠江体育文化发展股份有限公司 / 广州乐跑客文化体育发展有限公司,✔️,,已结束,4000/5000/3000,茂名马拉松赛,,,半程或以上,180/160/100,未提及,18813543284,广东,B,,官网/微信/小程序 / 数字心动,,茂名市人民政府,,,2025-01-05 16:57,报名时缴费,无,全程 / 半程 / 短距离,2024-12-14 15:48,12000,茂名马拉松,2024-11-16 10:00,2024-12-06 17:00
hkmarathon@hkaaa.com,尖沙咀地铁站,,✔️,,已结束,18000/24500/30900,香港馬拉松,,,未提及,US$90/85/70,未提及,(852)25770800,香港,HK / 金标 / AIMS,,官网/微信/小程序,,中国香港田径总会,,https://www.hkmarathon.com,2025-02-09 17:36,中签后缴费,,全程 / 半程 / 10km,2024-09-04 17:27,73400,,2024-08-21 10:00,2024-08-30 19:00
,,,,,待确定,,常州经开区半程马拉松,,,,,,,江苏,,,,,,,,,,,,,,,,
,,,,,待确定,,中国田径协会10公里精英赛（济南站）暨济南10公里,,,,,,,山东,A,,官网/微信/小程序,,,,,,,,10km,,,,,
ronggui@gustomail.cn,广东省佛山市顺德区茶基大街海骏达广场,广东新中体育集团有限公司,✔️,,已结束,5000/6000/4000,顺德容桂环岛马拉松,,,半程或以上,200/180/90,未提及,18024900392,广东,A,,官网/微信/小程序 / 第一赛道 / 数字心动,,佛山市顺德区人民政府,,http://rg-marathon.com,2025-01-05 13:28,报名时缴费,1.退赛退费：（1）已提交报名信息及支付的选手，在退改服务期限内，可在订单页面自行办理退费服务。（2）完成缴费后24小时内的报名订单，申请退赛退费的将不收取任何费用，报名费将在申请后1个工作日内全额原路退回。（3）完成缴费后超过24小时的报名订单，申请退赛退费的不论项目均需收取20元/次的服务费，扣除相应服务费后剩余费用在申请后1个工作日内原路退回。2.改换项目：（1）需要更换项目的选手，在报名截止前，可先进行退赛退费操作后，重新报名需改换的项目。（2）从短距离项目改长距离项目者，还须符合长距离项目参赛条件并通过审核后方能获得参赛资格。3.退改服务期限：报名截止后不再受理改换项目申请，12月1日退费服务系统关闭，将不再受理任何退费申请。,全程 / 半程 / 短距离,2024-12-10 15:05,15000,顺德容桂马拉松、第一赛道,2024-10-22 14:00,2024-11-20 18:00
,,,❌,,取消,3000/4000/5000,亳州马拉松,,,,,,,安徽,A / 标牌,,,,安徽省体育局 / 亳州市人民政府,,,,,,全程 / 半程 / 短距离,,12000,,2025-09-09 10:00,2025-10-09 23:59
tonglingmarathon@163.com,,,❌,,取消,6000/3000/6000,铜陵半程马拉松,,,未提及,120/80/50,自行评估,0562-5852589,安徽,A,,官网/微信/小程序 / 数字心动,,,,,,报名时缴费,,半程 / 中距离 / 短距离,,15000,铜陵半程马拉松、铜陵马拉松,2025-09-26 09:18,2025-10-14 12:00
,,,,,待确定,,新疆焉耆半程马拉松暨中国田径协会10公里精英赛（焉耆站）,,,,,,,新疆,A,,官网/微信/小程序,,,,,,,,,,,,,
,,,,,待确定,,苏州环金鸡湖半程马拉松,,,,,,,江苏,精英,,,,,,,,,,,,,,,
,郑开大道,河南世纪中原体育文化有限公司,✔️,,取消,13000/16000/20000,郑开马拉松赛,,,未提及,170/150/60,现场核验,,河南,A / 标牌,,官网/微信/小程序 / 数字心动,,河南省体育局 / 郑州市人民政府 / 开封市人民政府,,,,报名时缴费,无,全程 / 半程 / 短距离,2025-02-26 16:28,49000,郑开马拉松,2025-02-05 17:00,2025-02-17 18:00
bmc@xmim.org,厦门国际会议展览中心,厦门文广体育有限公司,✔️,,已结束,35000,厦门马拉松赛,,,未提及,200,未提及,0592-5372205,福建,A / 白金 / AIMS,,官网/微信/小程序 / 数字心动,,厦门市人民政府,"https://docimg3.docs.qq.com/image/AgAACG-qqCHD3e5ipMFG_oNA9MjeVv52.jpeg?w=1242&h=2688, https://docimg3.docs.qq.com/image/AgAACG-qqCFeMnfPuvlN372oXfQ6Ecsn.png?w=924&h=658",https://www.xmim.org,2025-01-05 16:47,中签后缴费,无,全程,2024-10-21 15:25,35000,厦门马拉松赛,2024-09-25 10:00,2024-10-15 18:00
,,,,,待确定,,苏州太湖蓝女子半程马拉松,,,,,,,江苏,,,官网/微信/小程序,,,,,,,,,,,,,
,,,❌,,取消,5000/3000/2000,宣城半程马拉松暨中国田径协会10公里精英赛（宣城站）,,,,100/80/40,,,安徽,A / WA,,官网/微信/小程序 / 数字心动,,中国田径协会 / 安徽省体育局 / 宣城市人民政府,,,,,,半程 / 10km / 短距离,,10000,,2025-07-05 10:00,2025-08-20 10:00
run@unicef.org.hk,香港迪士尼乐园度假区,,❌,,已结束,1200/3000/1500/400,聯合國兒童基金會慈善跑,,,未提及,HK$600/550/500/400,未提及,(852)28336139,香港,HK / AIMS,,官网/微信/小程序,,聯合國兒童基金會香港委員會,,https://donate.unicef.org.hk/zh-hant/run24/,2025-01-12 00:00,报名时缴费,无,半程 / 10km / 5km / 短距离,,6100,,2024-09-30 10:00,2024-11-29 23:59
xingan@gustomail.cn,灵渠博物院,安徽盛齐体育发展有限责任公司,❌,,取消,4500/2000,兴安灵渠半程马拉松,,,半程或以上,120/60,自行评估,,广西,A,,官网/微信/小程序 / 数字心动 / 第一赛道,,桂林市体育局 / 兴安县人民政府,,https://xingan.sport-china.cn,,报名时缴费,报名结束前可退出,半程 / 短距离,,6500,兴安灵渠马拉松、第一赛道,2025-08-15 14:00,2025-10-10 17:00
dezhou-marathon@163.com,德州市体育公园,北京中锐体育产业有限公司,✔️,,取消,5000/8000/7000,德州马拉松,,,未提及,180/150/70,自行评估,17862601988,山东,A,,官网/微信/小程序 / 数字心动 / 马拉马拉 / 润赛美佳 / 最酷 / 跑跑网(马拉松报名),,山东省体育局 / 德州市人民政府,,https://www.dezhoumarathon.com,,报名时缴费,,全程 / 半程 / 短距离,,20000,德州马拉松,2025-09-24 10:00,2025-10-07 17:00
kuaimatiyu@163.com,,河北快马体育科技有限公司,✔️,,取消,8000/2000,石家庄·鹿泉半程马拉松赛,,,未提及,120/30,自行评估,0311-85870001,河北,B,,官网/微信/小程序 / 数字心动,,河北省红十字会三献工作事务中心 / 河北省红十字会备灾救灾救助中心 / 石家庄市红十字会 / 石家庄市鹿泉区人民政府,,,,报名时缴费,,半程 / 短距离,2025-09-23 00:00,10000,鹿泉半程马拉松,2025-09-05 10:00,2025-09-15 17:00
hzmb-halfmarathon@hkaaa.com,港珠澳大桥香港口岸,,✔️,,已结束,8000,港珠澳大橋（香港段）半馬拉松,,,未提及,610(US$65),未提及,(852)21772522,香港,HK / 金标 / AIMS,,官网/微信/小程序,,中国香港田径总会,,https://www.hzmb-halfmarathon.com/,2025-01-05 09:47,中签后缴费,无,半程,2024-08-05 10:04,8000,,2024-07-25 14:00,2024-08-01 18:00
linfenbanma@163.com,九州公园-九州广场,山西隆景体育有限公司,✔️,,取消,12000/6000,临汾半程马拉松,,,未提及,150/100,自行评估,4008014600,山西,A,,官网/微信/小程序,,临汾市人民政府,,,,报名时缴费,,半程 / 短距离,2025-08-22 00:00,18000,隆景体育,2025-07-07 15:00,2025-08-15 17:00
info@runthetrack.com,上海国际赛车场,北京中锐体育产业有限公司,❌,,已结束,6000/6000,蒸蒸日上迎新跑,,,未提及,269/150,未提及,,上海,A,,官网/微信/小程序 / 数字心动,,上海市嘉定区人民政府 / 上海久事体育产业发展（集团）有限公司 / 上海报业集团,,https://www.runthetrack.com,2025-01-01 17:41,报名时缴费,无,半程 / 短距离,,12000,蒸蒸日上,2024-11-14 10:00,2024-11-29 23:59
,张家界市贺龙体育中心,,❌,,取消,3000/8000/4000,张家界马拉松,,,未提及,150/100/40,自行评估,18569407629,湖南,A,,官网/微信/小程序 / 数字心动 / 最酷,,湖南省体育局 / 张家界市人民政府,,,,报名时缴费,10/2之前可以退出,全程 / 半程 / 短距离,,15000,湖南省田径协会,2025-08-05 17:00,2025-09-30 18:00
,滨湖大道,华舰体育赛事发展（山西）有限公司,✔️,,取消,2000/4000/4000,长治马拉松,,,未提及,150/120/80,自行评估,13393411261,山西,B,,官网/微信/小程序,https://docimg1.docs.qq.com/image/AgAACG-qqCHpFrE8BQ9AOJHEQVQ4_ZMv.jpeg?w=1280&h=1756,长治市人民政府,,,,报名时缴费,,全程 / 半程 / 短距离,2025-09-05 00:00,10000,华舰赛事,2025-08-13 10:00,2025-08-31 23:59
,,,,,待确定,,舟山群岛半程马拉松,,,,,,,浙江,标牌,,,,,,,,,,,,,,,
,增城广场,广州博润体育科技有限公司,❌,,已结束,15000/5000,粤港澳大湾区女子半程马拉松,,,未提及,188/68,未提及,13535360830,广东,B,,官网/微信/小程序 / 数字心动 / 马拉马拉,,广州市增城区人民政府,,,2025-01-01 09:30,报名时缴费,因个人原因放弃比赛的，2024年12月15日及之前可以全额退还报名费,半程 / 短距离,,20000,粤港澳大湾区女子半程马拉松、博润体育,2024-11-12 10:00,2024-12-06 22:00
info@oceanwidesports.com,RCEP徐闻菠萝国际采购交易中心,广州宽洋体育产业有限公司,✔️,,已结束,1000/2000/2000,徐闻马拉松,,,半程或以上,180/150/80,未提及,19903046020,广东,B,,官网/微信/小程序 / 数字心动,,徐闻县人民政府,,https://www.xuwenmarathon.com,2025-01-05 00:07,报名时缴费,无,全程 / 半程 / 短距离,2024-12-06 15:47,5000,宽洋体育、徐闻菠萝的海马拉松,2024-10-17 10:00,2024-11-29 16:00
jslsmls@163.com,致远路与涌泉路交叉口,江苏有迈体育发展股份有限公司,✔️,,已结束,7000/5000,南京溧水半程马拉松,,,未提及,120/60,自行评估,,江苏,A,,官网/微信/小程序 / 数字心动,,南京市溧水区人民政府,,http://www.jslsmls.com,2025-03-02 17:16,,,半程 / 短距离,2025-02-16 15:28,12000,南京溧水半程马拉松,2025-01-18 12:00,2025-02-10 18:00
,,,❌,,已结束,10000/9000/5000,臺南古都國際半程馬拉松,,,未提及,NT$1000/80/500,未提及,,台湾,CT / AIMS / WA,,官网/微信/小程序,,,,,2025-03-02 15:41,报名时缴费,,半程 / 10km / 短距离,,24000,,2024-10-21 12:00,2024-12-12 23:59
qy@gustomail.cn,清远体育馆,广东新中体育集团有限公司,✔️,,已结束,7000/8000/8000,清远马拉松赛,,,半程或以上,180/160/100,现场核验,,广东,A,,官网/微信/小程序 / 第一赛道,,清远市人民政府 ,,http://www.qy-marathon.com/,2025-03-16 09:50,报名时缴费,1.退赛退费：（1）已提交报名信息及支付的选手，在退改服务期限内，可在订单页面自行办理退费服务。（2）完成缴费后24小时内的报名订单，申请退赛退费的将不收取任何费用，报名费将在申请后1个工作日内全额原路退回。（3）完成缴费后超过24小时的报名订单，申请退赛退费的不论项目均需收取20元/次的服务费，扣除相应服务费后剩余费用在申请后1个工作日内原路退回。2.改换项目：（1）需要更换项目的选手，在退改服务截止前，可先进行退赛退费操作后，重新报名需改换的项目。（2）从短距离项目改长距离项目者，还须符合长距离项目参赛条件并通过审核后方能获得参赛资格。3.退改服务期限：2025年2月15日退费服务系统关闭，将不再受理任何退费申请。,全程 / 半程 / 短距离,2025-02-12 09:52,23000,第一赛道、清远马拉松,2024-12-31 10:00,2025-02-05 18:00
marathonhubei@126.com,荣怀学校,,✔️,,已结束,3000/5000/7000,仙桃马拉松,,,未提及,180/120/80,自行评估,19720273211,湖北,A,,官网/微信/小程序 / 数字心动 / 马拉马拉 / 跑跑网(马拉松报名),,湖北省体育局 / 仙桃市人民政府,,http://xiantao-marathon.com,2025-03-30 14:36,报名时缴费,无,全程 / 半程 / 短距离,2025-03-04 13:42,15000,仙桃体育,2025-01-27 16:00,2025-02-27 16:00
apply@wuhanmarathon.org,沿江大道与三阳路交叉口,武汉体育发展投资有限公司 / 武汉汉马体育管理有限公司,✔️,,已结束,15000/10000/15000,武汉马拉松,,,未提及,200/150/100,未提及,027-88712733,湖北,A / 金标 / CMM,,官网/微信/小程序 / 马拉马拉 / 数字心动,,武汉市人民政府 / 湖北省体育局,,https://www.wuhanmarathon.org,2025-03-23 10:48,中签后缴费,无,全程 / 半程 / 中距离,2024-12-20 16:12,40000,武汉马拉松,2024-11-27 10:00,2024-12-06 10:00
kefu@ihuipao.com,太湖西大道与隐秀路辅路交叉口,无锡汇跑体育有限公司,✔️,,已结束,25000/8000/2000,无锡马拉松,,,未提及,200/200/100,未提及,400-99-42195,江苏,A / 金标 / AIMS,,官网/微信/小程序,https://docimg4.docs.qq.com/image/AgAACG-qqCEXTUOefwlIAZQTYtt8HwWH.png?w=1080&h=1438,无锡市人民政府,,https://wuximarathon.com,2025-03-23 09:42,中签后缴费,,全程 / 半程 / 短距离,2025-01-10 09:08,35000,汇跑赛事,2024-12-27 10:00,2025-01-03 17:00
1512768748@qq.com,兰溪市府广场-府前广场,浙江青鸟捷出体育科技有限公司,❌,,已结束,5000/8000,浙江兰溪乡村半程马拉松赛,,,未提及,100/50,必须,13858990321,浙江,B,,官网/微信/小程序 / 最酷 / 润赛美佳 / 跑跑网(马拉松报名),,兰溪市人民政府 / 浙江省马拉松及路跑协会,,https://www.lxmarathon.com,2025-03-23 17:20,报名时缴费,无,半程 / 短距离,,13000,兰溪文旅,2025-01-10 10:00,2025-03-05 14:00
service@sportsnet.org.tw,,,❌,,已结束,500/5000/4500/2000,臺北國道馬拉松,,,竞速菁英马拉松组需4小时内马拉松完赛成绩,NT$1300/1100/800/600,未提及,(886)02-25855659,台湾,AIMS,,官网/微信/小程序,,"""中華民國路跑協會""",,https://www.taipeifreewaymarathon.com/,2025-03-09 15:41,报名时缴费,有,全程 / 半程 / 10km / 短距离,,12000,,,2025-02-04 17:00
550huiyanbu@china550.org,陈家镇自行车公园,戈友文化传媒（上海）有限公司,❌,,已结束,5000,上海长江半程马拉松赛 ,,,未提及,150,自行评估,17821357388,上海,A,,官网/微信/小程序 / 数字心动 / 最酷 / 我要赛 / 跑跑网(马拉松报名) / 马拉马拉,,上海市崇明区人民政府,,https://www.world550.com,2025-03-30 09:15,报名时缴费,无,半程,,5000,550体育,2025-02-20 10:00,2025-02-24 16:00
WanfenglinMalasong@163.com,阳光谷旅游度假区,中体万向（北京）体育发展有限公司,❌,,已结束,3000/2000/5000,万峰林警察半程马拉松,,,半程或以上,0/0/0,必须,15338697179,贵州,B,,数字心动,,黔西南州人民政府,,,2025-03-23 09:53,报名时缴费,无,半程 / 中距离 / 短距离,,10000,万峰林马拉松,2025-02-17 16:00,2025-03-05 17:13
,泉港锦绣广场,深圳市微马城市发展有限公司,❌,,已结束,8000/7000,泉港半程马拉松,,,未提及,168/98,自行评估,13713809641,福建,B,,官网/微信/小程序,https://docimg3.docs.qq.com/image/AgAACG-qqCFpaCCfyiZOKbaGdfhoFsm7.png?w=1080&h=1225,泉州市泉港区人民政府,,http://www.cityrun.cc/front/marathon/detail/uid/15186/id/325.html,2025-03-23 14:45,报名时缴费,无。经组委会确认获得参赛资格者，如无法参赛，物资包不予发放，报名费不予退还，组委会可给予保留下一届直接参赛资格，但须重新报名并缴纳报名费。如连续两年获得参赛资格，却均未到场参赛，则取消其随后一年的报名参赛资格。报名后由于不可抗因素（包括政策或天气变化）赛事取消无法参赛的，组委会可给予保留下一届直接免费参赛资格或申请退还报名费,半程 / 短距离,,15000,泉港半程马拉松,2024-12-06 14:58,2025-02-23 23:59
dream_marathon@163.com,杭州未来科技城学术交流中心,杭州立夏科技体育有限公司,❌,,已结束,7000/3000,杭州梦想小镇半程马拉松,,,半程或以上,100/60,可用完赛证书,13388436994,浙江,A,,官网/微信/小程序,,杭州市余杭区人民政府,,https://http:..www.dream-marathon.com,2025-03-30 11:13,报名时缴费,无,半程 / 短距离,,10000,杭州梦想小镇半程马拉松,2025-01-26 10:00,2025-02-28 17:00
,兰溪公园,,✔️,,已结束,3000/7000/5000,南京浦口马拉松,,,未提及,150/120/60,自行评估,15252484774,江苏,A / 标牌,,数字心动,,南京市浦口区人民政府,,,2025-03-09 10:48,报名时缴费,,全程 / 半程 / 短距离,2025-02-17 15:22,15000,文旅浦口,2025-01-18 10:00,2025-02-06 23:59
ycmls520@163.com,盐城奥体中心,南京善跑体育科技有限公司,✔️,,已结束,4000/8000/8000,盐城马拉松,,,,160/160/80,,025-87775902,江苏,A / 标牌,,官网/微信/小程序,https://docimg9.docs.qq.com/image/AgAACG-qqCGPY3C6FORLQqT4YicwD-0y.jpeg?w=1080&h=1527,盐城市人民政府,,,2025-03-30 17:19,报名时缴费,出签前可退出,全程 / 半程 / 短距离,2025-02-20 09:18,20000,盐城马拉松,2025-01-09 10:00,2025-02-09 18:00
fenghuamarqathon@luyuesport.com,奉化体育场,路越（上海）体育发展有限公司,❌,,已结束,4000/7000/4000,奉化马拉松,,,半程或以上 / 10km及以上,150/120/100,可用完赛证书,13534392052,浙江,A,,官网/微信/小程序 / 第一赛道 / 数字心动,,宁波市奉化区人民政府,,https://www.fenghuataohuamarathon.com,2025-03-22 00:00,报名时缴费,无,全程 / 半程 / 短距离,,15000,奉化马拉松,2024-12-23 10:00,2025-02-28 18:00
jingzhoumarathon@163.com,,广州博润体育科技有限公司,✔️,,已结束,4000/8000/8000,荆州马拉松,,,未提及,180/150/80,自行评估,13260675696,湖北,标牌,,官网/微信/小程序 / 数字心动 / 马拉马拉,,荆州市人民政府,,https://www.jz-marathon.com,2025-03-30 14:22,报名时缴费,无,全程 / 半程 / 短距离,2025-03-07 00:00,20000,荆州马拉松,2025-01-02 16:18,2025-03-03 23:59
,,,❌,,已结束,6000/2000,龙湾半程马拉松,,,半程或以上,120/60,可用完赛证书,0577-86626628,浙江,A,,官网/微信/小程序,,温州市体育局 / 温州市龙湾区人民政府,,,2025-03-30 13:14,报名时缴费,无,半程 / 短距离,,8000,龙湾马拉松,2025-01-22 10:00,2025-02-05 17:00
nj-halfmarathon@xempower.com.cn,南京奥林匹克体育中心(东门),南京善跑体育科技有限公司,✔️,,已结束,25000,南京半程马拉松,,,未提及,200,自行评估,025-87775902,江苏,A,,官网/微信/小程序,https://docimg5.docs.qq.com/image/AgAACG-qqCGv7cLZ9lFB96lwtL1TFRi4.jpeg?w=1080&h=1873,南京市人民政府,https://docimg5.docs.qq.com/image/AgAACG-qqCG1fr1o8PVLw4uAIDptOBhQ.jpeg?w=1080&h=776,https://www.nj-halfmarathon.com,2025-03-16 13:48,中签后缴费,有,半程,2025-02-18 10:19,25000,南京半程马拉松,2025-01-20 10:00,2025-02-08 18:00
cqmarathon@163.com,海棠烟雨公园,重庆重马体育发展有限公司,✔️,,已结束,25000/10000,重庆马拉松,,,半程或以上,200/120,未提及,,重庆,A / 金标 / AIMS / CMM,,官网/微信/小程序,https://docimg1.docs.qq.com/image/AgAACG-qqCHnblzpM11Dv7PV81Y6B1JJ.jpeg?w=1280&h=906,重庆市体育局 / 重庆市南岸区人民政府 / 重庆市巴南区人民政府,"https://docimg2.docs.qq.com/image/AgAACG-qqCFMPLrY9_lGfq93q747H62J.jpeg?w=1280&h=3188, https://docimg3.docs.qq.com/image/AgAACG-qqCFWEDJhtYNHQYof2QHBlHab.png?w=672&h=540",https://www.cqmarathon.com,2025-03-02 09:20,报名时缴费,无,全程 / 短距离,2024-12-05 10:27,35000,重马体育,2024-11-08 10:00,2024-11-15 10:00
,,安徽波动马拉松赛事运营管理有限公司 / 黄山波动体育赛事运营管理有限公司,✔️,,已结束,5000/5000/2000/4000,芜湖马拉松暨中国田径协会10公里精英赛（芜湖站）,,,未提及,,未提及,,安徽,A / WA,,官网/微信/小程序 / 数字心动,,中国田径协会 / 芜湖市人民政府,,,2025-03-30 15:40,报名时缴费,无,全程 / 半程 / 10km / 短距离,2025-01-13 18:55,16000,航空芜马,2024-12-20 10:00,2025-01-05 22:00
,兴龙湖公园,重庆千君万马体育发展有限公司 / 重庆炫豹体育文化产业有限公司,❌,,已结束,2000/3000/7000,永川马拉松,,,未提及,180/150/60,自行评估,023-67302960,重庆,A,,数字心动,,中共重庆市永川区委 / 重庆市永川区人民政府,,,2025-03-16 09:29,报名时缴费,无,全程 / 半程 / 短距离,,12000,,2025-01-25 10:00,2025-03-01 17:00
zigongmarathon@scsig.com,青龙湖,四川中奥致远体育文化传播有限公司,❌,,已结束,4500/4500,自贡半程马拉松,,,未提及,120/60,现场核验,13982042195,四川,A,,官网/微信/小程序 / 数字心动,,自贡市大安区人民政府 / 自贡市人民政府 / 四川省田径协会,,,2025-03-09 10:09,报名时缴费,无,半程 / 短距离,,9000,川体赛事,2025-01-27 15:00,2025-02-28 17:00
shanpao@xempower.com.cn,狮山文化广场,南京善跑体育科技有限公司,✔️,,已结束,15000/10000,苏州马拉松,,,未提及,200/200,自行评估,025-87775902,江苏,A,,官网/微信/小程序,https://docimg7.docs.qq.com/image/AgAACG-qqCHY6iol_LFB95UOqI4Cv0lJ.jpeg?w=1077&h=762,苏州市人民政府,"https://docimg1.docs.qq.com/image/AgAACG-qqCHiokL0mDRNgJMoghxYQ7Wa.jpeg?w=1280&h=759, https://docimg1.docs.qq.com/image/AgAACG-qqCGBJ7L7mZdDvZlgQfAk1f20.jpeg?w=1280&h=759",https://www.suzhoucitymarathon.com,2025-03-02 17:16,报名时缴费,抽签前可退，中签后不可退出,全程 / 半程,2025-01-22 23:11,25000,苏州马拉松,2025-01-03 10:00,2025-01-12 17:00
hirunkefu@163.com,乐清市体育中心,杭州嗨跑体育管理有限公司,❌,,已结束,5000/3000,乐清半程马拉松,,,半程或以上,120/60,可用完赛证书,18248484836,浙江,A,,官网/微信/小程序 / 数字心动,,温州市体育局 / 乐清市人民政府,,https://hirunsport.com,2025-03-23 09:56,报名时缴费,2025年1月22日（含）之前退出退还80%报名费，组委会将在收到退出申请后一周内办理退款，1月22日之后不可退出。,半程 / 短距离,,8000,乐清半程马拉松,2025-01-15 10:00,2025-01-22 18:00
1423394986@qq.com,梧桐湖码头,武汉艾斯未来文化传媒有限公司 / 湖北省梁子湖文化体育发展有限公司,✔️,,已结束,3000/1000/1000,鄂州梁子湖半程马拉松,,,未提及,100/40/20,自行评估,15871412919,湖北,B,,官网/微信/小程序 / 马拉马拉 / 润赛美佳 / 最酷 / 跑跑网(马拉松报名),,鄂州市梁子湖区人民政府 / 鄂州市文化和旅游局（体育局）,,,2025-03-30 17:41,中签后缴费,有候补,半程 / 中距离 / 短距离,2025-03-05 13:41,5000,鄂州梁子湖半程马拉松,2025-01-20 10:00,2025-02-20 10:00
luoping_marathon@126.com,罗平体育中心,,✔️,,已结束,3000/5000/7000,曲靖罗平马拉松,,,马拉松项目需半程以上完赛经历,200/150/80,现场核验,0871-65629970,云南,A,,官网/微信/小程序 / 数字心动,,云南省体育局 / 云南省文化和旅游局 / 云南省民族宗教事务委员会 / 曲靖市人民政府,,https://www.qujingluoping-marathon.saihuitong.com,2025-02-23 10:00,,,全程 / 半程 / 短距离,2025-02-01 10:12,15000,2025曲靖罗平马拉松,2024-12-30 10:00,2025-01-25 18:00
mls@athletics.org.cn,深圳湾体育中心,华润文化体育发展有限公司,❌,,已结束,100,深港马拉松赛暨第十五届全国运动会田径（马拉松）测试赛,,,达到马拉松二级运动员水平,,未提及,18057164230,广东,A,,中国田径协会竞赛管理系统,,深圳市人民政府,,https://www.athletics.org.cn,2025-02-23 11:28,,,全程,,100,,2025-01-15 10:00,2025-01-20 17:00
bojiesports@126.com,仁寿体育场,四川博捷体育文化传播有限公司,✔️,,已结束,16000/6000,眉山仁寿半程马拉松,,,未提及,180/80,未提及,13529388388,四川,A / 白金 / AIMS,,官网/微信/小程序 / 数字心动,https://docimg1.docs.qq.com/image/AgAACG-qqCFDbkF7BIBKspQ-KYrU3uvS.jpeg?w=1080&h=1512,仁寿县人民政府,,,2025-02-23 15:07,中签后缴费,无,半程 / 短距离,2025-01-01 15:08,22000,眉山仁寿半程马拉松,2024-11-20 10:00,2024-12-20 22:00
qzty001@163.com,和谐公园,广西盈动体育有限公司,✔️,,已结束,3000/5000/10000,钦州马拉松赛,,,未提及,180/160/60,自行评估,0777-3819766,广西,B,,官网/微信/小程序,,广西壮族自治区体育局 / 钦州市人民政府,,,2025-03-16 10:19,报名时缴费,无,全程 / 半程 / 短距离,2025-02-18 10:20,18000,桂运动、钦州市文化广电体育和旅游局,2025-01-09 10:00,2025-02-09 23:59
,嘉兴大剧院,深圳中赛体育产业发展有限公司,✔️,,已结束,5000/10000/5000,嘉兴马拉松,,,马拉松项目需半程以上完赛经历,150/120/80,必须,,浙江,A,,官网/微信/小程序 / 数字心动 / 赛中赛,,浙江省体育局 / 嘉兴市人民政府,,,2025-03-30 09:25,报名时缴费,无,全程 / 半程 / 短距离,2025-01-13 17:11,20000,嘉兴马拉松,2024-12-28 10:00,2025-01-07 18:00
competition@dafengsc.cn,阳光广场,浙江大丰体育文化发展有限公司,✔️,,已结束,8000/12000,宁波马拉松,,,未提及,180/150,自行评估,19357652870,浙江,A,,官网/微信/小程序 / 数字心动,https://docimg4.docs.qq.com/image/AgAACG-qqCE0xIijTb9Nr6iKDnKU-i1O.png?w=1080&h=1657,浙江省体育局 / 宁波市人民政府,,https://ningbomarathon.shuzixindong.com,2025-03-23 18:10,中签后缴费,,全程 / 半程,2025-02-10 09:40,20000,宁波马拉松,2025-01-18 10:00,2025-01-24 17:00
yamarathon@163.com,湖北远安桃花岛生态公园,,❌,,已结束,2000/3000/5000,远安马拉松,,,未提及,150/120/50,未提及,13260676179,湖北,B,,官网/微信/小程序 / 马拉马拉 / 数字心动,,远安县人民政府,,https://www.ya-marathon.com,2025-03-16 09:14,报名时缴费,无,全程 / 半程 / 短距离,,10000,远安田野马拉松,2024-12-31 10:00,2025-02-21 17:00
wanjinshimarathon@gmail.com,,動能策略行銷有限公司,✔️,,已结束,6000/5000,新北市万金石马拉松,,,未提及,NT$1500/800,未提及,(886)0958-725-204,台湾,CT / 金标 / AIMS,,官网/微信/小程序,,"新北市政府 / ""中華民國田徑協會""",,https://wanjinshi-marathon.com.tw/,2025-03-16 10:42,报名时缴费,2024年12月24日前可退60%报名费 ,全程 / 10km,2024-11-01 10:19,11000,,2024-10-15 12:00,2024-10-30 12:00
zhongloumarathon@163.com,晋陵体育西林全民健身中心,江苏有迈体育发展股份有限公司,✔️,,已结束,7000/3000,常州钟楼半程马拉松,,,未提及,150/60,自行评估,19905197127,江苏,A,,官网/微信/小程序 / 数字心动,,常州市钟楼区人民政府 / 常州市体育局,,http://zhongloumarathon.umaysports.cn,2025-03-30 15:57,报名时缴费,无,半程 / 短距离,2025-03-07 15:33,10000,钟楼半程马拉松、有迈路跑,2025-02-06 10:00,2025-03-02 18:00
lishuimarathon@163.com,处州公园,浙江飞翔体育文化有限公司,❌,,已结束,5000/7000/8000,丽水马拉松,,,未提及,150/100/50,必须,15157818700,浙江,A,,官网/微信/小程序 / 高德地图 / 数字心动 / 跑跑网(马拉松报名) / 马拉马拉 / 最酷,,丽水市人民政府,,http://www.lsmarathon.org,2025-03-30 00:00,报名时缴费,,全程 / 半程 / 短距离,,20000,丽水马拉松,2024-12-31 10:00,2025-01-14 17:00
kefu@hsqmjs.com,,无锡问源体育文化有限公司 / 成都双遗体育产业发展有限公司,✔️,,已结束,5000/2000,阳山半程马拉松,,,未提及,160/100,自行评估,18921166253,江苏,A,,官网/微信/小程序 / 汇跑参赛助手,,无锡市惠山区人民政府,,https://yangshan.marathon.org.cn,2025-03-30 17:16,报名时缴费,3月2日前可退出,半程 / 短距离,2025-01-23 17:53,7000,,2025-01-03 10:00,2025-01-15 17:00
jiangyoumarathon@163.com,江油市体育中心,四川体产赛事管理有限公司,❌,,已结束,2000/5000/3000,江油马拉松,,,半程或以上 / 10km及以上,150/120/60,自行评估,028-62077702,四川,A,,官网/微信/小程序 / 数字心动,,江油市人民政府,,,2025-03-02 10:16,报名时缴费,无,全程 / 半程 / 短距离,,10000,江油太白杯马拉松,2025-01-13 10:00,2025-02-13 17:00
,鎏嘉码头,江北区文化旅游开发有限公司 / 开承体育文化产业（重庆）有限公司,✔️,,已结束,8000/7000,重庆女子半程马拉松,,,未提及,168/98,必须,13368251109,重庆,A,,官网/微信/小程序 / 数字心动,,重庆市江北区人民政府 / 重庆市妇女联合会 / 重庆广播电视集团（总台）,,https://www.sherowm.com,2025-03-23 09:46,报名时缴费,无,半程 / 短距离,2025-02-12 09:45,15000,重庆女马,2024-12-16 16:00,2025-01-15 23:59
ztdjkgs@163.com,远洋广场,成都中体大健康体育文化传播有限公司,❌,,已结束,4000/6000,乐山犍为茉莉之乡半程马拉松,,,未提及,160/80,未提及,13399832830,四川,A,,官网/微信/小程序 / 润赛美佳 / 数字心动,,犍为县人民政府 / 四川省田径协会,,,2025-03-15 11:02,报名时缴费,无,半程 / 短距离,,10000,中体大健康,2025-01-08 10:00,2025-01-28 18:00
zjslty@126.com,,浙江森狼体育发展有限公司,❌,,已结束,2000/5000,修水半程马拉松,,,未提及,150/50,未提及,18702590827,江西,A,,官网/微信/小程序,,修水县人民政府,,,2025-03-30 18:13,报名时缴费,无,半程 / 短距离,,7000,修水马拉松,2025-02-20 15:00,2025-03-05 23:59
zjslty@126.com,复兴大道辅路,浙江森狼体育发展有限公司,✔️,,已结束,8000/7000,南昌象湖半程马拉松,,,未提及,100/50,未提及,19979146070,江西,A,,官网/微信/小程序 / 数字心动 / 马拉马拉 / 最酷 / 赛客 / 跑跑网(马拉松报名) / 我要赛 / 小艾爱跑,,南昌市体育局 / 南昌县人民政府,,,2025-03-09 09:21,报名时缴费,无,半程 / 短距离,2025-01-25 17:51,15000,南昌象湖半程马拉松,2024-12-25 10:00,2025-01-15 23:59
mazumarathon@126.com,莲池沙滩[公交站],福建省广播影视文化传媒有限公司,❌,,已结束,3000/2000,妈祖（湄洲岛）女子半程马拉松,,,未提及,120/80,自行评估,0591-38876306,福建,B,,官网/微信/小程序,,湄洲岛国家旅游度假区管委会 / 莆田市体育局,,,2025-03-30 14:47,报名时缴费,无,半程 / 短距离,,5000,妈祖女子马拉松,2024-12-24 20:00,2025-02-28 20:00
xq-marathon@xempower.com.cn,项王故里,南京魔盒信息科技有限公司,✔️,,已结束,3000/7000/5000,宿迁马拉松,,,未提及,160/160/100,自行评估,025-87775902,江苏,A,,官网/微信/小程序,,宿迁市人民政府,,https://www.sqmarathon.com,2025-03-30 13:08,报名时缴费,无,全程 / 半程 / 短距离,2025-01-25 17:55,15000,宿迁城市马拉松,2024-12-26 10:00,2025-01-15 18:00
nhxxk_marathon@163.com,宁海西门城楼,南京极致体育发展有限公司,❌,,已结束,3000/5000/5000,宁海马拉松,,,未提及,150/120/60,自行评估,13260675696,浙江,A,,官网/微信/小程序 / 马拉马拉 / 数字心动 / 博润体育 / 智赛通 / 跑跑网(马拉松报名) / 最酷 / 赛客,,宁海县人民政府 / 浙江省马拉松及路跑协会,,,2025-03-16 16:07,报名时缴费,无,全程 / 半程 / 短距离,,13000,宁海马拉松,2024-12-18 10:00,2025-02-14 18:00
suaosports@163.com,,江苏苏奥体育科技有限公司,✔️,,已结束,,无锡太湖女子半程马拉松,,,未提及,150/80,未提及,0512-65722565,江苏,A / 精英,,官网/微信/小程序 / 马拉马拉,,无锡太湖国家旅游度假区管委会,,https://www.queenrun.cn,2025-03-02 15:56,报名时缴费,无,半程 / 短距离,2025-01-17 17:55,,QueenRun,2024-12-01 19:00,2025-01-03 17:00
cqcshmls@139.com,长寿湖广场,重庆市长寿湖旅游景区管理股份有限公司,❌,,已结束,6000/2000,重庆长寿湖半程马拉松,,,半程或以上,130/68,自行评估,15814562376,重庆,A,,官网/微信/小程序 / 数字心动 / 马拉马拉 / 最酷 / 跑跑网(马拉松报名) / 赛客 / 智赛通 / 润赛美佳 / 马拉松报名网,,重庆市长寿区人民政府,,,2025-03-16 18:51,报名时缴费,无,半程 / 短距离,,8000,长寿湖马拉松,2025-01-10 14:00,2025-02-16 12:00
,三合湖湿地公园,重庆云动风行体育文化传播有限公司,❌,,已结束,2000/4000/6000,重庆垫江马拉松,,,,150/120/60,,17316784625,重庆,A,,官网/微信/小程序,https://docimg3.docs.qq.com/image/AgAACG-qqCFzj-UCxzVHfbVtksNVOu7V.png?w=955&h=1668,垫江县人民政府,,,2025-03-23 21:20,报名时缴费,无,全程 / 半程 / 短距离,,12000,重庆垫江马拉松,2024-12-27 10:00,2025-02-25 23:59
,武陵路与玉泉路交叉口,,❌,,已结束,1500/5000/1500/2000,张家界武陵源马拉松,,,未提及,150/120/80/60,自行评估,19073195101,湖南,A,,汇跑参赛助手 / 数字心动,,张家界市武陵源区人民政府 / 张家界武陵源风景名胜区和国家森林公园管理局,,,2025-03-30 09:59,报名时缴费,无,全程 / 半程 / 10km / 短距离,,10000,张家界武陵源马拉松,2025-01-15 10:00,2025-03-14 17:00
jiujiangmarathon@163.com,,江苏省体育竞赛有限公司,❌,,已结束,3000/10000/3000,九江马拉松,,,未提及,150/100/50,自行评估,18066105306,江西,A,,官网/微信/小程序 / 最酷,,江西省体育局 / 九江市人民政府,,,2025-03-23 10:03,报名时缴费,无,全程 / 半程 / 短距离,,16000,九江马拉松,2025-01-06 10:00,2025-02-10 10:00
,铜梁龙城天街,重庆云动风行体育文化传播有限公司,❌,,已结束,2000/4000/4000,重庆铜梁马拉松,,,未提及,150/120/60,未提及,17316784625,重庆,A,,官网/微信/小程序 / 最酷,https://docimg6.docs.qq.com/image/AgAACG-qqCFLD5fXuFdBN5m77vUYCyMo.png?w=1080&h=1064,重庆市铜梁区人民政府,,,2025-02-23 10:21,报名时缴费,无,全程 / 半程 / 短距离,,10000,重庆铜梁龙马拉松,2024-12-05 12:00,2025-01-23 23:59
macao10k@sport.gov.cn,西湾湖广场,,❌,,已结束,7000/3000,澳门国际十公里长跑赛,,,未提及,MOP200/70,未提及,(853)28236363,澳门,MC / AIMS,,官网/微信/小程序,,澳门特别行政区体育局 / 金沙中国有限公司 / 澳门田径总会,,https://www.macao10k.com,2025-03-16 09:53,报名时缴费,限期付费更改项目，无退出机制,10km / 短距离,,10000,澳门体育,2025-02-08 09:00,2025-03-01 00:00
shangyumls@163.com,上虞新体育中心,广州博润体育科技有限公司,❌,,已结束,8000/7000,绍兴·上虞半程马拉松,,,,100/40,自行评估,0575-82200455,浙江,A / 标牌,,官网/微信/小程序,,绍兴市上虞区人民政府,,https://www.shangyu-marathon.com,2025-03-30 00:00,报名时缴费,无,半程 / 短距离,,15000,曹娥江半程马拉松赛,2025-01-16 10:00,2025-02-16 17:00
yzmls@yzmls.com,扬州市民中心广场,中奥路跑(北京)体育管理有限公司,✔️,,已结束,20000/10000,扬州半程马拉松,,,未提及,180/50,自行评估,18618329968,江苏,A / 金标,,官网/微信/小程序 / 数字心动 / 马拉马拉,,扬州市人民政府,"https://docimg1.docs.qq.com/image/AgAACG-qqCHkO0LqKulL4bRvm0rz2Avg.png?w=1080&h=608, https://docimg9.docs.qq.com/image/AgAACG-qqCHbpnPD-4NA0r92qJWKO_cP.png?w=1080&h=608",http://www.yzmls.com,2025-03-30 09:43,中签后缴费,无,半程 / 短距离,2025-02-13 16:17,30000,扬州马拉松,2025-01-19 10:00,2025-01-25 10:00
1423394986@qq.com,空港中心,武汉空港国际文化教育有限公司 / 武汉艾斯未来文化传媒有限公司,✔️,,已结束,6000/4000,武汉空港国际商务新城半程马拉松,,,未提及,100/40,自行评估,17771860104,湖北,B,,官网/微信/小程序 / 数字心动 / 马拉马拉 / 润赛美佳 / 最酷 / 跑跑网(马拉松报名),,武汉市黄陂区人民政府,,,2025-03-09 09:55,报名时缴费,无,半程 / 短距离,2025-02-05 17:51,10000,,2024-12-23 10:00,2025-01-13 23:59
wuxuan@gustomail.cn,,广西新中体育有限责任公司,❌,,已结束,4000/3000,武宣半程马拉松,,,半程或以上,120/60,自行评估,,广西,A,,官网/微信/小程序 / 第一赛道,,来宾市人民政府,,https://wuxuan.sport-china.cn,2025-03-09 10:48,报名时缴费,"1.退赛退费：（1）已提交报名信息及支付的选手，在退改服务期限内，可在订单页面自行办理退费服务。（2）完成缴费后24小时内的报名订单，申请退赛退费的将不收取任何费用，报名费将在申请后1个工作日内全额原路退回。（3）完成缴费后超过24小时的报名订单，申请退赛退费的不论项目均需收取20元/次的服务费，扣除相应服务费后剩余费用在申请后1个工作日内原路退回。
2.改换项目：（1）需要更换项目的选手，在退改服务截止前，可先进行退赛退费操作后，重新报名需改换的项目。（2）从短距离项目改长距离项目者，还须符合长距离项目参赛条件并通过审核后方能获得参赛资格。3.退改服务期限：2月16日退费服务系统关闭，将不再受理任何退费申请。4.由组委会审核报名资质不符合者，在报名截止前可以重新提交符合要求的资格证书，在报名截止后不能再重新提交。资格审核不通过的报名费将在报名截止后的7个工作日内全额原路退回。",半程 / 短距离,,7000,武宣半程马拉松,2025-01-17 10:00,2025-02-23 18:00
srmarathon@163.com,市民公园,江西奥立特体育文化发展有限公司,❌,,已结束,7000/8000,上饶半程马拉松赛,,,半程或以上,100/50,可用完赛证书,18720369011,江西,A,,官网/微信/小程序 / 马拉马拉 / 最酷,,上饶市人民政府,,,2025-03-23 11:03,报名时缴费,1.退费：完成缴费后24小时内的订单，申请退赛退费的将不收取任何费用，报名费将在申请后7个工作日内全额原路退回。2.改换项目：（1）需要更换项目的选手，需先完成退费操作后，可重新报名需改换的项目；（2）从短距离项目改长距离项目者，还须符合长距离项目参赛条件并通过审核后方能获得参赛资格。3.退改服务期限：在2月15日后，退费服务系统关闭，将不再受理任何退费申请；,半程 / 短距离,,15000,上饶马拉松,2025-01-16 10:00,2025-02-15 18:00
sizmls@yerensports.com,解放广场,河北野人体育文化发展有限公司,✔️,,已结束,12000/18000/5000,石家庄马拉松,,,未提及,150/120/20,自行评估,0311-87710266,河北,A / 标牌,,数字心动,,石家庄市人民政府,,http://www.siz-marathon.com,2025-03-30 16:48,报名时缴费,无,全程 / 半程 / 短距离,2025-02-19 13:01,35000,石家庄马拉松赛,2025-01-24 10:00,2025-02-09 17:00
dshjmarathon@163.com,岱山体育馆,北京中迹体育管理有限公司,❌,,已结束,4000/2000,岱山海岬半程马拉松,,,未提及,150/60,未提及,0580-4476012,浙江,A,,官网/微信/小程序,https://docimg9.docs.qq.com/image/AgAACG-qqCGbfHC7hP1LIpEU_lZJ9kW_.jpeg?w=1280&h=1810,岱山县人民政府,,http://daishanmarathon.com,2025-03-30 09:29,报名时缴费,无,半程 / 短距离,,6000,岱山海岬半程马拉松,2025-01-13 10:00,2025-01-15 17:00
pysthmarathon@163.com,天子河公园,江西汗青体育有限发展公司,❌,,已结束,3000/2000,南昌鄱阳湖半程马拉松,,,未提及,100/50,自行评估,19079185632,江西,B,,官网/微信/小程序,https://docimg6.docs.qq.com/image/AgAACG-qqCHPOjjTAwFHQoCjJno92ru8.jpeg?w=1280&h=905,南昌高新技术产业开发区管委会 / 南昌市体育局 / 南昌市农业农村局 / 南昌市文化广电新闻出版旅游局,,,2025-03-16 15:28,报名时缴费,无,半程 / 短距离,,5000,云动江西,2025-01-16 10:00,2025-02-06 18:00
nantongmalasong@163.com,,江苏铁人体育文化发展有限公司,✔️,,已结束,5000/10000/15000,南通马拉松,,,未提及,150/120/80,自行评估,15190878421,江苏,A,,官网/微信/小程序,,南通市人民政府,,https://ntmls.irunner.mobi,2025-03-23 17:16,报名时缴费,无,全程 / 半程 / 短距离,2025-02-14 15:59,30000,南通马拉松,2025-01-13 10:00,2025-02-12 00:00
32332033@qq.com,开元寺塔广场,河北乐跑体育发展有限公司,❌,,已结束,6000/6000,定州半程马拉松,,,未提及,120/50,自行评估,18532699861,河北,A,,数字心动,https://docimg10.docs.qq.com/image/AgAACG-qqCHTS-3d_uZIwLVkeeHt6ErH.jpeg?w=6805&h=7086,中共定州市委 / 定州市人民政府,,,2025-04-20 15:40,报名时缴费,无,半程 / 短距离,,12000,,2025-01-09 10:00,2025-01-25 10:00
,,,❌,,已结束,4000/2000,肥西紫蓬山半程马拉松,,,未提及,120/80,自行评估,,安徽,B,,数字心动,,合肥市体育局 / 肥西县人民政府,,,2025-04-12 11:18,报名时缴费,无,半程 / 短距离,,6000,波动体育,2025-03-18 10:00,2025-03-25 22:00
qlhmls@163.com,麒麟广场,阳光赛事运营（山东）有限公司 / 天津华宇慧晨文化传播有限公司,✔️,,已结束,12000/3000,天津·宁河七里海半程马拉松,,,未提及,120/60,自行评估,15753290516,天津,A,,官网/微信/小程序,,天津市宁河区人民政府,,,2025-04-20 10:35,报名时缴费,,半程 / 短距离,2025-03-14 15:14,15000,宁河七里海马拉松,2025-02-28 14:00,2025-03-09 17:00
,合川区人民政府,重庆千君智行体育赛事策划有限公司 / 重庆千君万马体育发展有限公司,❌,,已结束,4000/6000,合川半程马拉松,,,未提及,150/100,未提及,,重庆,A,,官网/微信/小程序,,重庆市合川区人民政府,,,2025-03-30 16:11,报名时缴费,无,半程 / 短距离,,10000,千君万马体育,2025-01-18 10:30,2025-03-15 23:59
,,悦动未来（宁夏）体育文化发展有限公司,❌,,已结束,4800/1700,宁夏贺兰山东麓葡萄酒产区半程马拉松路跑双季赛（花季赛）,,,未提及,140/80,自行评估,13309501470,宁夏,B,,官网/微信/小程序 / 数字心动,,宁夏回族自治区体育局 / 宁夏回族自治区文化和旅游厅 / 宁夏贺兰山东麓葡萄酒产业园区管理委员会,,,2025-04-13 09:41,报名时缴费,无,半程 / 短距离,,6500,宁夏贺兰山路跑双季赛,2025-01-22 10:00,2025-03-28 10:00
,翔鹤楼餐饮店,浙江青鸟捷出体育科技有限公司,✔️,,已结束,3000/4000,老河口半程马拉松,,,半程或以上,130/60,可用完赛证书,0710-8225818,湖北,A,,官网/微信/小程序,,中共老河口市委 / 老河口市人民政府,,,2025-04-20 14:40,报名时缴费,无,半程 / 短距离,2025-03-29 11:07,7000,老河口半程马拉松,2025-03-10 10:00,2025-03-23 20:00
changyangmarathon@126.com,土家源广场,湖北体育产业集团长江赛事运营有限公司 / 路越（上海）体育发展有限公司,❌,,已结束,4000/6000,湖北·长阳清江半程马拉松,,,10km及以上,130/50,可用完赛证书,19186256306,湖北,A,,官网/微信/小程序 / 数字心动 / 第一赛道,,湖北省体育局 / 宜昌市人民政府,,https://changyang.sport-china.cn,2025-04-20 09:54,报名时缴费,3月31日前可退费,半程 / 短距离,,10000,长阳半程马拉松,2025-01-26 10:00,2025-03-31 18:00
dayunhemarathon@163.com,,海南今燊体育文化发展有限公司 / 南京有迈体育发展有限公司,✔️,,已结束,7000/3000,常州天宁大运河半程马拉松,,,未提及,150/60,自行评估,19905197127,江苏,A,,官网/微信/小程序 / 数字心动,https://docimg6.docs.qq.com/image/AgAACG-qqCHm1qR82lpOOaywNf4PL3GJ.png?w=1280&h=1156,常州市天宁区人民政府 / 常州市体育局,,http://dayunhemarathon.umaysports.cn/,2025-04-20 17:23,报名时缴费,无,半程 / 短距离,2025-03-28 17:26,10000,常州天宁大运河半程马拉松、有迈路跑,2025-02-14 10:00,2025-03-23 18:00
,贺龙体育场-南广场,湖南博森体育管理有限公司,❌,,已结束,10000/5000,湘江半程马拉松赛,,,未提及,130/60,未提及,0731-82566433,湖南,A,,官网/微信/小程序 / 数字心动 / 马拉马拉 / 我要赛 / 最酷 / 跑跑网(马拉松报名),,长沙市人民政府,,http://www.hnxjty.cn/,2025-04-20 17:35,报名时缴费,无,半程 / 短距离,,15000,湘江马拉松赛,2025-02-27 10:00,2025-03-16 10:00
,,南京善跑体育科技有限公司,✔️,,已结束,,保定马拉松,,,,,,,河北,A,,,,保定市人民政府,,,2025-04-20 17:00,,,全程 / 半程 / 短距离,2025-03-25 11:05,25000,,2025-03-16 10:00,2025-03-20 17:00
xlmarathon@163.com,羊山公园,,✔️,,已结束,10000/2000,南京仙林半程马拉松,,,未提及,200/80,自行评估,025-87775902,江苏,A / 精英,,官网/微信/小程序,,中国田径协会 / 南京市栖霞区人民政府 / 南京经济技术开发区管理委员会 / 南京市仙林大学城管理委员会,,https://www.xlmarathon.com,2025-04-13 08:58,中签后缴费,3月30日24点前可退,半程 / 短距离,2025-03-21 14:55,12000,南京仙林半程马拉松,2025-03-05 10:00,2025-03-12 18:00
liuzhou@sport-china.cn,柳江市民广场,广西新中体育有限责任公司,✔️,,已结束,7000/12000/6000/10000,柳州马拉松,,,半程或以上,180/150/80/70,自行评估,,广西,A,,官网/微信/小程序 / 第一赛道,https://docimg5.docs.qq.com/image/AgAACG-qqCFct-3Pw9FApK2IdA0Kb1rF.png?w=1280&h=1697,广西壮族自治区体育局 / 柳州市人民政府 / 中国警察网,"https://docimg3.docs.qq.com/image/AgAACG-qqCEDnbhz0-5LMZvRcjTVGBXg.png?w=1080&h=1296, https://docimg10.docs.qq.com/image/AgAACG-qqCEuZM7xEuNJA6yeVne7C4A-.png?w=1080&h=1296, https://docimg10.docs.qq.com/image/AgAACG-qqCHMN-Lu3uRMgbnVmqXocCem.png?w=640&h=427",https://liuzhou.gusto.cn/,2025-03-30 17:42,报名时缴费,1.退赛退费：（1）已提交报名信息及支付的选手，在退改服务期限内，可在订单页面自行办理退费服务。（2）完成缴费后24小时内的报名订单，申请退赛退费的将不收取任何费用，报名费将在申请后1个工作日内全额原路退回。（3）完成缴费后超过24小时的报名订单，申请退赛退费的不论项目均需收取20元/次的服务费，扣除相应服务费后剩余费用在申请后1个工作日内原路退回。2.改换项目：（1）需要更换项目的选手，在退改服务截止前，可先进行退赛退费操作后，重新报名需改换的项目。（2）从短距离项目改长距离项目者，还须符合长距离项目参赛条件并通过审核后方能获得参赛资格。3.退改服务期限：2月9日退费服务系统关闭，将不再受理任何退费申请。4.由组委会审核报名资质不符合者，在报名截止前可以重新提交符合要求的资格证书，在报名截止后不能再重新提交，资格审核不通过的选手、不中签选手的报名费将在抽签结果公布后的7个工作日内全额原路退回。,全程 / 半程 / 中距离 / 短距离,2025-02-14 17:56,35000,第一赛道、柳州马拉松,2025-01-09 14:00,2025-02-09 18:00
kxmarathon@163.com,一带一路美丽乡村论坛会址,甘肃行者体育管理有限公司,❌,,已结束,800/2200,康县青龙山半程马拉松,,,未提及,100/60,自行评估,0931-8100500,甘肃,A,,官网/微信/小程序 / 数字心动,,陇南市人民政府 / 康县人民政府,,https://kangxianmarathon.com,2025-04-20 17:18,报名时缴费,无,半程 / 短距离,,3000,康县青龙山半程马拉松,2025-02-10 10:00,2025-02-26 18:25
hbmalasong@163.com,,河南路跑文化传媒有限公司,❌,,已结束,2000/3000/5000,鹤壁马拉松赛,,,未提及,150/120/70,未提及,16691918881,河南,A,,官网/微信/小程序,,鹤壁市人民政府,,,2025-04-20 18:43,报名时缴费,,全程 / 半程 / 短距离,,10000,鹤壁马拉松,2025-03-06 17:00,2025-04-05 23:59
ztdjkgs@163.com,重庆万州体育中心,成都中体大健康体育文化传播有限公司,❌,,已结束,3000/7000/10000,重庆万州环湖马拉松,,,未提及,160/120/70,必须,18008053490,重庆,A,,官网/微信/小程序 / 数字心动 / 润赛美佳,,重庆市万州区人民政府,,http://www.wanzhoumls.com,2025-03-30 15:29,报名时缴费,无,全程 / 半程 / 短距离,,20000,中体大健康,2025-01-10 10:00,2025-03-11 18:00
3354044034@qq.com,连南瑶族自治县人民政府,,❌,,已结束,5000/5000,连南半程马拉松,,,半程或以上,150/80,自行评估,15686968938,广东,A,,官网/微信/小程序 / 数字心动,,连南瑶族自治县人民政府,,,2025-03-30 09:20,报名时缴费,无,半程 / 短距离,,10000,,2025-01-24 10:00,2025-02-10 23:59
jinanlupaowenhua@foxmail.com,潍坊市峡山区市民活动中心,济南路跑文化传播有限公司,❌,,已结束,1000/2000/3000,环峡山湖马拉松,,,未提及,150/100/50,自行评估,0531-87942195,山东,A,,官网/微信/小程序,,潍坊市体育局 / 潍坊峡山生态经济开发区管理委员会,,,2025-04-20 14:42,报名时缴费,无,全程 / 半程 / 短距离,,6000,环峡山湖马拉松,2025-02-21 10:00,2025-03-24 17:00
zdsc@sgugroup.com,金沙滩啤酒城,青岛中德体育文化传播有限公司 / 青岛平头体育有限公司,✔️,,已结束,13000/2000,青岛西海岸半程马拉松,,,半程或以上,150/80,自行评估,18661635367,山东,B,,官网/微信/小程序 / 数字心动,https://docimg6.docs.qq.com/image/AgAACG-qqCHarHIR0WJDc6A9Q7bB9kko.jpeg?w=1280&h=1077,青岛西海岸新区管委,https://docimg6.docs.qq.com/image/AgAACG-qqCE2AC_NsWRGKYT1pDbtsSrr.jpeg?w=1280&h=1077,https://www.ratelsports.cn,2025-04-06 13:49,报名时缴费,无,半程 / 短距离,2025-02-26 11:09,15000,中德文体、青岛西海岸半程马拉松,2025-01-22 14:00,2025-02-14 17:00
hzhrmls@163.com,菏泽大剧院,菏泽华瑞国粮国际会展有限公司,❌,,已结束,4000/4000/7000,菏泽马拉松,,,未提及,120/100/60,自行评估,,山东,A,,官网/微信/小程序 / 润赛美佳 / 数字心动,https://docimg1.docs.qq.com/image/AgAACG-qqCG4syfqdBdNPJ5fYFWSiavj.png?w=590&h=811,菏泽市人民政府,,,2025-04-26 16:43,报名时缴费,无,全程 / 半程 / 短距离,,15000,菏泽马拉松,2025-01-22 15:00,2025-03-17 00:00
mlsfuyang@163.com,,,✔️,,已结束,5000/7000/5000/5000,阜阳马拉松赛暨中国田径协会10公里精英赛（阜阳站）,,,未提及,150/120/100/80,自行评估,,安徽,A / WA,,官网/微信/小程序 / 数字心动,,安徽省体育局 / 阜阳市人民政府,,,2025-04-20 14:19,报名时缴费,无,全程 / 半程 / 10km / 短距离,2025-03-05 15:32,22000,阜阳旅游,2025-02-13 10:00,2025-02-28 23:59
,江阴体育中心,浙江中迹体育发展有限公司,❌,,已结束,12000/8000,江阴半程马拉松,,,未提及,150/80,未提及,0510-86413280,江苏,A,,官网/微信/小程序 / 马拉马拉 / 跑跑网(马拉松报名) / 我要赛 / 最酷,,江阴市人民政府,,,2025-04-13 14:14,报名时缴费,无,半程 / 短距离,,20000,江阴半程马拉松,2025-01-11 10:00,2025-01-11 16:00
xxbcmls@139.com,,,❌,,已结束,5000/5000,新县半程马拉松,,,未提及,130/60,未提及,15814562376,河南,A,,官网/微信/小程序 / 数字心动 / 马拉马拉 / 跑跑网(马拉松报名),,信阳市教育体育局 / 新县人民政府,,,2025-04-13 14:48,报名时缴费,无,半程 / 短距离,,10000,新县红旗飘扬半程马拉松,2025-02-10 10:00,2025-03-10 10:00
wuzhoumalasong@163.com,梧州市图书馆,广州万达体育发展有限公司,❌,,已结束,7000/3000/10000,梧州半程马拉松,,,未提及,120/80/50,未提及,18076642195,广西,A,,官网/微信/小程序 / 数字心动,,广西壮族自治区体育局 / 梧州市人民政府,,,2025-04-13 10:50,报名时缴费,无,半程 / 10km / 短距离,,20000,,2025-02-21 09:50,2025-03-20 18:00
,,河南黄河体育文化有限公司,❌,,已结束,1500/3500/5000,兰考沿黄马拉松赛,,,未提及,140/120/60,自行评估,18569989766,河南,B,,官网/微信/小程序 / 数字心动,,兰考县人民政府,,,2025-04-20 09:59,报名时缴费,,全程 / 半程 / 短距离,,10000,兰考沿黄马拉松赛,2025-01-17 10:00,2025-04-07 23:59
bjmcm@beiao.com,司空分署街,北京北奥集团有限责任公司,✔️,,已结束,15000,北京城市副中心马拉松,,,未提及,180,未提及,010-69559928,北京,A,,官网/微信/小程序 / 数字心动,,北京市通州区人民政府 / 北京国有资产经营有限责任公司,,http://bjmcmarathon.chinaath.com,2025-04-19 09:11,报名时缴费,,全程 / 短距离,2025-03-26 11:08,15000,北京城市副中心马拉松,2025-03-01 10:00,2025-03-16 18:00
gxinwenti@163.com,聊城市体育公园,山东国信文体科技股份有限公司,❌,,已结束,7000/3000/5000,聊城半程马拉松,,,半程或以上,120/100/50,必须,13021703779,山东,A,,数字心动 / 马拉马拉,,聊城市人民政府,,,2025-05-01 00:00,报名时缴费,无,半程 / 10km / 短距离,,15000,山东国信文体,2025-03-03 11:30,2025-04-15 18:00
hexianmalasong@126.com,,亳州药都体育科技有限公司,❌,,已结束,4000/1000,和县半程马拉松,,,未提及,100/50,自行评估,,安徽,B,,官网/微信/小程序 / 数字心动,,和县人民政府 / 马鞍山市体育局,,,2025-04-20 00:00,报名时缴费,,半程 / 短距离,,5000,和县文旅,2025-03-26 15:00,2025-04-02 22:00
3021829135@qq.com,,,❌,,已结束,7000/5000,杭州钱塘女子半程马拉松,,,未提及,160/80,自行评估,15715745637,浙江,A / 标牌,,官网/微信/小程序,,杭州市钱塘区人民政府,,,2025-04-13 10:45,报名时缴费,,半程 / 短距离,,12000,杭州钱塘女子半程马拉松,2025-01-25 10:00,2025-03-12 12:00
,雄安城市计算(超算云)中心,北京中迹体育管理有限公司,✔️,,已结束,3000/7000/8000,雄安马拉松,,,,150/100/50,,,河北,A,,官网/微信/小程序,,雄安新区管委会,,,2025-04-20 14:26,报名时缴费,无,全程 / 半程 / 短距离,2025-03-13 09:07,18000,,2025-03-06 08:30,2025-03-10 18:00
rongchengmls@163.com,荣成市体育中心,山东广播电视台,❌,,已结束,2000/5000/5000,荣成马拉松,,,马拉松项目需半程以上完赛经历,150/120/39,自行评估,0531-66661234,山东,A,,官网/微信/小程序 / 数字心动,,威海市体育局 / 荣成市人民政府,,http://rongchengmls.iqilu.com,2025-04-20 14:31,报名时缴费,无 ,全程 / 半程 / 短距离,,12000,荣成滨海马拉松,2025-01-21 14:30,2025-02-28 17:00
info@beyondrunning.cn,望湖亭,,❌,,已结束,7000/3000,江西永修半程马拉松赛,,,未提及,100/50,必须,400-100-8965,江西,A,,官网/微信/小程序 / 数字心动 / 马拉马拉,,永修县人民政府,,,2025-04-13 10:49,报名时缴费,无,半程 / 短距离,,10000,踏秀,2025-02-10 10:00,2025-03-15 18:00
,曲阜市孔子国际会展中心,,❌,,已结束,8000/2000,曲阜半程马拉松,,,未提及,120/60,未提及,,山东,B,,官网/微信/小程序 / 数字心动 / 马拉马拉 / 最酷,https://docimg10.docs.qq.com/image/AgAACG-qqCFjhSVkPzVP2bOxEGDo2y78.jpeg?w=1080&h=893,济宁市体育局 / 曲阜市人民政府,,https://www.qufumarathon.com,2025-04-20 14:27,报名时缴费,无,半程 / 短距离,,10000,圣城体育,2025-01-15 10:00,2025-03-15 18:00
fuyangmarathon@163.com,,深圳市五环体育产业发展有限公司,✔️,,已结束,6000/4000,杭州富阳半程马拉松,,,半程或以上,120/60,可用完赛证书,0571-63348015,浙江,B,,官网/微信/小程序,,杭州市富阳区人民政府,,https://www.fymls.com,2025-04-20 14:29,报名时缴费,无,半程 / 短距离,2025-04-05 10:21,10000,杭州富阳半程马拉松赛,2025-03-18 10:00,2025-03-30 18:00
,"""守护好一江碧水""首倡地展陈馆",,❌,,已结束,4000/10000/3000/3000,岳阳马拉松暨中国田径协会10公里精英赛（岳阳站）,,,未提及,150/130/110/78,自行评估,19083398507,湖南,A / A,,数字心动 / 马拉马拉 / 体坛赛事,,湖南省体育局 / 岳阳市人民政府,https://docimg2.docs.qq.com/image/AgAACG-qqCEaKXNjb1ZLy7WFK1Dm8IUI.png?w=1080&h=639,,2025-04-06 13:48,报名时缴费,,全程 / 半程 / 10km / 短距离,,20000,岳阳马拉松,2025-02-10 10:00,2025-02-28 10:00
etownmalasong@163.com,南海子公园,,✔️,,已结束,12000,北京亦庄半程马拉松,,,未提及,120,自行评估,13521000745,北京,A,,马拉马拉 / 数字心动 / 京东,,北京市体育局 / 北京市经济和信息化局 / 北京经济技术开发区管委会,,,2025-04-19 15:30,中签后缴费,如同日中签北京地区其他赛事可保留名额至2026,半程,2025-03-17 15:34,12000,北京亦庄半程马拉松,2025-03-05 10:00,2025-03-11 17:00
general@shmarathon.com,东方明珠广播电视塔,上海东浩兰生赛事管理有限公司,✔️,,已结束,15000,上海半程马拉松,,,未提及,160,未提及,,上海,A / 金标,,官网/微信/小程序 / 上马,,上海市体育总会 / 上海市浦东新区人民政府 / 东浩兰生（集团）有限公司,,https://www.shang-ma.com,2025-04-20 08:41,中签后缴费,无,半程,2025-03-05 16:49,15000,上马,2025-02-20 14:00,2025-02-24 14:00
info@riseunion.com,,北京北奥集团有限责任公司 / 四川锐思联合体育文化发展有限公司,✔️,,已结束,10000/25000,成都世遗马拉松,,,,200/200,,400-84-42195,四川,A,,官网/微信/小程序 / 数字心动,,成都市人民政府,,https://chengdu.shuzixindong.com,2025-03-30 17:57,报名时缴费,2025年3月6日前可退出,全程 / 半程,2025-02-21 10:05,35000,成都世遗马拉松,2024-12-30 10:00,2025-02-08 22:00
kefu@ihuipao.com,翔宇大道与越秀路交叉口,无锡汇跑体育有限公司,✔️,,已结束,7000/6000/7000,淮安马拉松,,,未提及,160/160/100,未提及,400-99-42195,江苏,A / 标牌,,官网/微信/小程序 / 数字心动,,淮安市人民政府,,https://huaian.marathon.org.cn,2025-04-13 00:00,中签后缴费,,全程 / 半程 / 短距离,2025-02-13 11:09,20000,淮安马拉松、汇跑赛事,2025-01-22 10:00,2025-02-07 17:00
stcbanm2025@163.com,国家海洋博物馆南广场,北京初美体育文化发展有限公司,✔️,,已结束,7000/3000,中新天津生态城半程马拉松,,,未提及,150/100,自行评估,18920575313,天津,B,,数字心动 / 马拉马拉 / 润赛美佳 / 最酷 / 跑跑网(马拉松报名),,天津市滨海新区人民政府 / 中新天津生态城管理委员会,,,2025-04-26 15:25,报名时缴费,无,半程 / 短距离,2025-03-12 10:59,10000,生态城精彩赛事,2025-02-16 10:00,2025-02-28 20:00
shiyanmarathon@126.com,十堰市奥林匹克体育中心-广场,,✔️,,已结束,3000/7000/10000,十堰马拉松,,,半程或以上,160/130/70,自行评估,15549942195,湖北,A,,官网/微信/小程序 / 数字心动,,湖北省体育局 / 十堰市人民政府,,https://www.hb-shiyanmarathon.com,2025-04-13 14:45,报名时缴费,无,全程 / 半程 / 短距离,2025-03-26 11:01,20000,十堰体育,2025-02-27 10:00,2025-03-18 17:00
mqxjtjtyk@126.com,,,❌,,已结束,2000/3000/5000,民权马拉松,,,未提及,140/120/50,自行评估,19213701499,河南,B,,官网/微信/小程序 / 马拉马拉,,商丘市教育体育局 / 民权县人民政府,,,2025-04-20 18:43,报名时缴费,无,全程 / 半程 / 短距离,,10000,民权体育,2025-03-02 10:00,2025-04-05 23:59
,延安市人民公园,陕西体育集团西风烈赛事有限公司,✔️,,已结束,3000/6000/6000,延安新区马拉松赛,,,未提及,150/100/50,自行评估,0911-3752998,陕西,A,,官网/微信/小程序,,陕西省体育局 / 延安市人民政府,,,2025-04-20 10:05,报名时缴费,无,全程 / 半程 / 短距离,2025-02-26 10:27,15000,延安全民健身运动中心,2025-02-08 15:00,2025-02-21 23:59
zixun@qd-mls.com,青岛市人民政府,青岛青马爱跑体育文化有限公司,✔️,,已结束,9000/12000/4000,青岛马拉松,,,半程或以上 / 10km及以上,200/160/80,自行评估,15689901187,山东,A / 精英,,官网/微信/小程序 / 数字心动 / 马拉马拉,,青岛市人民政府,,https://www.qd-mls.com,2025-04-20 14:35,报名时缴费,1.预报名时间内，所有报名者可申请取消预报名并退款。2.中签报名者在2025年1月10日15:00至2025年2月19日12:00期间内可申请取消报名；2025年2月8日15:00前申请取消原报名项目报名费全额退还，此时间后申请取消报名退还原报名项目报名费的75%。3.2025年1月10日15:00至2025年2月19日12:00前，所有候补报名者可申请取消预报名并退款。4.其余时间内不可申请取消（预）报名。,全程 / 半程 / 短距离,2025-01-06 17:42,25000,青岛国际马拉松,2024-12-16 15:00,2024-12-22 12:00
service@sportsnet.org.tw,台北市政府,,❌,,已结束,6000/5000/1500,WOMEN RUN TPE,,,未提及,NT$1200/800/500,未提及,(886)02-25855659,台湾,AIMS,,官网/微信/小程序,,"""中華民國路跑協會""",,https://www.womenruntpe.com/,2025-04-13 14:41,报名时缴费,有,半程 / 10km / 短距离,,12500,,2024-10-21 17:00,2025-02-13 17:00
ychalfmarathon@163.com,,,✔️,,已结束,8000/5000/5000,宜昌半程马拉松,,,半程或以上,130/90/70,可用完赛证书,15320659909,湖北,A,,官网/微信/小程序 / 数字心动 / 第一赛道,,宜昌市人民政府,,http://half.yichangmarathon.com,2025-04-13 11:20,报名时缴费,可改项目,半程 / 中距离 / 短距离,2025-03-24 11:03,18000,宜昌马拉松,2025-02-17 14:00,2025-03-20 18:00
,人民广场,宁波城市漫步文化传播有限公司,❌,,已结束,3000/6000/3000,象山马拉松,,,未提及,150/120/80,必须,400-0022-330,浙江,A,,官网/微信/小程序 / 汇跑参赛助手,https://docimg5.docs.qq.com/image/AgAACG-qqCH-4tbklB5IIbtQxYipCt6B.png?w=1080&h=1527,象山县人民政府 / 浙江省马拉松及路跑协会,,,2025-04-13 09:37,报名时缴费,1.2025年2月28日（含）之前提出退赛申请的，退还报名费；提交退赛申请的选手报名费将于赛事结束后10个工作日内安排专人退还选手报名时的支付账户；2025年2月28日之后提出退赛申请的，退还50%报名费。2.退赛服务系统将在报名截止10日后关闭，将不再受理任何退费申请，报名费不予退还。,全程 / 半程 / 短距离,,12000,象山县马拉松,2025-01-21 10:00,2025-02-28 20:00
sheshan-marathon@imohoo.com,上海欢乐谷-东南门,南京魔盒信息科技有限公司,✔️,,已结束,8000,上海佘山半程马拉松,,,未提及,200,未提及,025-87775902,上海,A,,官网/微信/小程序,https://docimg2.docs.qq.com/image/AgAACG-qqCHSK43HZdNH4rxeo87eJDC3.jpeg?w=1080&h=1556,上海市松江区人民政府,,https://www.sj-marathon.com,2025-04-13 09:15,报名时缴费,3.20前可退出报名，出签后伤病可退,半程,2025-03-24 11:06,8000,G60上海佘山半程马拉松,2025-03-03 14:00,2025-03-13 18:00
qxnxfmls@163.com,阳光谷旅游度假区,贵州钟山旅游产业发展有限责任公司,❌,,已结束,3000/7119,万峰林半程马拉松,,,半程或以上,88/8.8,自行评估,17262350119,贵州,B,,官网/微信/小程序 / 数字心动,,黔西南州人民政府,,,2025-04-20 10:44,报名时缴费,无,半程 / 短距离,,10119,黔西南消防,2025-03-01 11:09,2025-03-31 23:59
haidianmarathon@163.com,中关村展示中心会议中心,北京中锐体育产业有限公司,✔️,,已结束,2000/3000,中国田径协会10公里精英赛（北京·海淀站）,,,未提及,99/66,自行评估,18511942195,北京,A / WA,,官网/微信/小程序 / 数字心动 / 马拉马拉,,中国田径协会 / 北京市海淀区人民政府,,http://10k.haidian-marathon.com,2025-04-06 09:07,报名时缴费,个人不可抗力原因可申请退赛,10km / 短距离,2025-03-20 11:11,5000,海淀马拉松,2025-03-03 10:00,2025-03-09 18:00
,,北京华兴众泰体育科技有限责任公司,✔️,,已结束,5000,顺义后沙峪人才社区半程马拉松,,,半程或以上,120,自行评估,010-68900260,北京,A,,数字心动 / 马拉马拉 / 最酷,,北京市体育局 / 北京市体育总会 / 北京市顺义区人民政府,,,2025-04-26 10:17,报名时缴费,,半程,2025-03-13 14:54,5000,北京顺义峪马,2025-02-18 10:30,2025-03-02 23:59
ximahuipao@163.com,池望广场,西安西马汇跑赛事运营有限公司,✔️,,已结束,7000/3000,西咸新区半程马拉松赛,,,未提及,150/80,自行评估,400-1142195,陕西,A,,官网/微信/小程序,,陕西省西咸新区开发建设管理委员会,,http://www.xianmarathon.com,2025-04-20 09:52,中签后缴费,3月28日前可退出,半程 / 短距离,2025-03-13 10:57,10000,,2025-03-03 10:00,2025-03-07 18:00
,,重庆炫豹体育文化产业有限公司,❌,,已结束,2500/6500,奉节半程马拉松,,,,150/60,自行评估,023-67302960,重庆,A,,官网/微信/小程序 / 数字心动,,中共奉节县委 / 奉节县人民政府,,,2025-04-13 14:02,报名时缴费,无,半程 / 短距离,,9000,,2025-03-06 10:00,2025-03-31 23:59
,厦门工学院,厦门工学院体育发展有限公司,✔️,,已结束,1000/3200,德文厦门工学院马拉松赛,,,未提及,160/120,自行评估,18120777920,福建,B,,官网/微信/小程序 / 数字心动 / 最酷,,福建德文教育投资集团有限公司 / 厦门工学院,,,2025-04-13 09:17,报名时缴费,,全程 / 半程,2025-02-27 15:30,4200,,2025-01-01 10:00,2025-02-15 23:59
,,广西达才体育健身有限公司 / 成都尚跑体育文化传播有限公司,❌,,已结束,4500/5500,三江半程马拉松赛,,,半程或以上,150/73,自行评估,,广西,B,,官网/微信/小程序,,三江侗族自治县人民政府,,,2025-04-20 17:50,报名时缴费,3月31日前可退费,半程 / 短距离,,10000,三江马拉松,2025-03-14 12:00,2025-03-31 18:00
,黄姚镇-东牌楼,中奥致胜（北京）体育发展有限公司,❌,,已结束,1000/1500/2500,黄姚古镇马拉松,,,未提及,160/120/80,未提及,,广西,A,,官网/微信/小程序 / 我要赛,https://docimg7.docs.qq.com/image/AgAACG-qqCHyihJLFqJAdqNqUKA_I-gR.png?w=1080&h=1167,贺州市人民政府,,,2025-04-13 10:16,报名时缴费,,全程 / 半程 / 短距离,,5000,奥盈体育,2025-02-14 09:00,2025-03-03 23:59
51130233@qq.com,杨凌农业科技展览中心,,✔️,,已结束,8000/8000/4000,杨凌农科城马拉松赛,,,半程或以上,200/180/100,自行评估,029-87036066,陕西,A / 标牌,,官网/微信/小程序,,陕西省体育局 / 陕西省文化和旅游厅 / 杨凌示范区管委会,,http://www.yangling-marathon.com,2025-04-13 10:45,报名时缴费,无,全程 / 半程 / 短距离,2025-01-18 11:35,20000,杨凌农科城马拉松,2025-01-08 10:00,2025-01-12 18:00
,晋城高平开元名都酒店,华舰体育赛事发展（山西）有限公司,❌,,已结束,3000/5000/4000,高平马拉松赛,,,未提及,120/100/50,未提及,0351-6933111,山西,B,,官网/微信/小程序,,晋城市体育局 / 高平市人民政府,,,2025-05-02 00:00,报名时缴费,无,全程 / 半程 / 短距离,,12000,华舰赛事,2025-03-07 10:00,2025-03-22 23:59
2658719366@qq.com,,河南世纪中原体育文化有限公司,❌,,已结束,3000/10000/5000,安阳马拉松赛,,,未提及,150/120/50,自行评估,0371-86667787,河南,A,,官网/微信/小程序 / 数字心动,,安阳市人民政府,,,2025-04-26 09:13,报名时缴费,无,全程 / 半程 / 短距离,,18000,安阳马拉松,2025-02-12 10:00,2025-03-10 10:00
xianningmarathon@163.com,咸宁人民广场,广州博润体育科技有限公司,✔️,,已结束,4000/6000/8000,咸宁马拉松,,,未提及,180/150/80,自行评估,13044802661,湖北,A,,官网/微信/小程序 / 数字心动 / 最酷,,湖北省体育局 / 咸宁市人民政府,,https://www.xianningmarathon.com,2025-04-13 13:21,报名时缴费,无,全程 / 半程 / 短距离,2025-03-10 15:00,18000,咸宁马拉松,2025-01-14 10:00,2025-02-21 18:00
beijing-halfmarathon@brtv.org.cn,天安门广场,,✔️,,已结束,20000,北京半程马拉松,,,未提及,120,自行评估,13161117089,北京,A / 标牌,,官网/微信/小程序 / 马拉马拉,,北京市体育局,,http://beijing-halfmarathon.com,2025-04-20 10:44,中签后缴费,无,半程,2025-03-31 10:45,20000,北京半程马拉松,2025-03-18 20:00,2025-03-22 00:00
jms210975@163.com,佳木斯文体会展中心,,✔️,,已结束,2000,中国田径协会10公里精英赛（佳木斯站）,,,未提及,80,未提及,16534540672,黑龙江,A / WA,,官网/微信/小程序 / 数字心动 / 马拉马拉 / 润赛美佳 / 智赛通 / 跑跑网(马拉松报名),,中国田径协会 / 佳木斯市人民政府,,https://jiamusimarathon.com,2025-09-07 00:00,报名时缴费,,10km,2025-08-20 00:00,2000,佳木斯体育,2025-07-21 10:00,2025-08-07 17:00
,市政广场,北京耐吉文化传播有限公司,❌,,已结束,6000/3000,宁夏沙坡头半程马拉松赛,,,未提及,140/60,自行评估,0951-5100000,宁夏,B,,官网/微信/小程序 / 数字心动 / 马拉马拉 / 跑跑网(马拉松报名) / 最酷 / 润赛美佳 / 智赛通 / 马拉松报名网,"https://docimg5.docs.qq.com/image/AgAACG-qqCFmrqc4bFxKxZXebA-KqbiR.jpeg?w=1080&h=642, https://docimg2.docs.qq.com/image/AgAACG-qqCFBU94j8DROjpijcb3cMyl-.jpeg?w=1080&h=641",中共中卫市沙坡头区委员会 / 中卫市沙坡头区人民政府,https://docimg9.docs.qq.com/image/AgAACG-qqCEs4PJ27ZtOSoARNzhzCMRS.png?w=958&h=655,,2025-08-31 00:00,报名时缴费,无,半程 / 短距离,,9000,中卫沙坡头区马拉松,2025-07-12 10:00,2025-07-31 10:00
linzhimarathon@163.com,,江苏有迈体育发展股份有限公司,✔️,,已结束,2000/1000,林芝半程马拉松,,,亚高原或海拔1000米以上半程,180/80,必须,19905197127,西藏,A,,官网/微信/小程序 / 数字心动,,西藏自治区体育局 / 林芝市人民政府,,http://linzhimarathon.umaysports.cn,2025-07-27 00:00,报名时缴费,,半程 / 短距离,2025-07-10 00:00,3000,有迈路跑,2025-06-20 10:00,2025-07-06 18:00
,,烟台落基体育有限公司,❌,,已结束,3000/6000/3000,海阳马拉松,,,未提及,179/149/79,未提及,,山东,B,,官网/微信/小程序 / 数字心动,,烟台市体育局 / 海阳市人民政府,,,2025-05-25 00:00,报名时缴费,,全程 / 半程 / 短距离,,12000,落基体育RockySports,2025-02-14 13:14,2025-04-24 23:59
,奥体中路,北京中迹体育管理有限公司,✔️,,已结束,20000/6000/14000,兰州马拉松,,,未提及,200/160/60,必须,0931-8433220,甘肃,A / 金标 / AIMS,,官网/微信/小程序,,甘肃省体育局 / 兰州市人民政府,,http://lzmarathon.com,2025-05-25 14:45,中签后缴费,有,全程 / 半程 / 短距离,2025-03-17 10:09,40000,兰州马拉松,2025-03-06 10:00,2025-03-15 17:00
,楚蜀大道与大坝路交叉口,,❌,,已结束,2000/4000/6000,咸丰马拉松,,,半程或以上 / 10km及以上,150/120/60,可用完赛证书,18671861777,湖北,B,,数字心动 / 马拉马拉 / 第一赛道,,咸丰县人民政府,,,2025-06-29 11:06,报名时缴费,5月25日18：00可以退改,全程 / 半程 / 短距离,,10000,,2025-04-30 10:00,2025-06-10 18:00
,县委广场[公交站],华舰体育赛事发展（山西）有限公司,❌,,已结束,1000/2500/1500,稷山马拉松,,,未提及,100/80/50,自行评估,0531-6933111,山西,B,,官网/微信/小程序,,稷山县人民政府,,https://www.huajiansaishi.com,2025-05-11 00:00,报名时缴费,无,全程 / 半程 / 短距离,,5000,华舰赛事,2025-02-14 18:00,2025-02-21 18:00
WLHM@zjhlsports.cn,黄龙体育中心,浙江跑神体育文化策划有限公司 / 浙江黄龙体育发展有限公司,✔️,,已结束,5000,西湖半程马拉松,,,男子半程145全程340女子半程155全程400以内,150,必须,0571-87630508,浙江,A,,官网/微信/小程序,https://docimg1.docs.qq.com/image/AgAACG-qqCF5DfbjXY1C25hYM17L50-Y.png?w=1080&h=1106,西湖区人民政府 / 杭州西湖风景名胜区管理委员会 / 浙江省黄龙体育中心 / 浙江省马拉松及路跑协会,,https://www.hlsports.net/marathon,2025-05-25 00:00,报名时缴费,,半程,2025-05-04 11:28,5000,西湖半程马拉松,2025-04-26 09:00,2025-04-29 09:00
,十三陵水库,北京京视体育发展有限责任公司,✔️,,已结束,5000,北京奥运城市体育文化节- RUN GIRLS女子跑昌平十三陵10公里,,,未提及,120,自行评估,13161117089,北京,B,,官网/微信/小程序 / 数字心动 / 马拉马拉 / 最酷,,北京市昌平区人民政府 / 北京奥运城市发展促进会,,,2025-09-07 00:00,报名时缴费,,10km,,5000,北京奥运城市发展促进会,2025-07-18 10:00,2025-08-15 10:00
yudumalasong@126.com,中央红军长征出发地纪念园,,✔️,,已结束,4500/1500,于都半程马拉松,,,10km及以上,118/50,自行评估,,江西,B,,官网/微信/小程序 / 数字心动,,于都县人民政府,,,2025-05-11 00:00,报名时缴费,无 ,半程 / 短距离,2025-04-30 10:27,6000,于都马拉松,2025-04-12 11:06,2025-04-25 18:00
tianshanmarathon@163.com,,厦门文广体育有限公司,❌,,已结束,1100/1700/1700,吉木萨尔天山马拉松,,,未提及,150/120/80,自行评估,0994-6955888,新疆,A,,官网/微信/小程序 / 数字心动,,吉木萨尔县人民政府,,https://tianshanmarathon@163.com,2025-08-17 00:00,报名时缴费,,全程 / 半程 / 短距离,,4500,吉木萨尔天山马拉松,2025-07-11 10:00,2025-07-30 23:59
jxmarathon@sport-china.cn,,,❌,,已结束,3500/2500,金秀半程马拉松,,,半程或以上,120/60,自行评估,,广西,B,,官网/微信/小程序 / 第一赛道 / 数字心动,,中共金秀瑶族自治县委员会 / 金秀瑶族自治县人民政府,,https://jinxiu.gusto.cn/,2025-06-29 11:07,报名时缴费,"1.退赛退费：（1）已提交报名信息及支付的选手，在退改服务期限内，可在订单页面自行办理退费服务。（2）完成缴费后24小时内的报名订单，申请退赛退费的将不收取任何费用，报名费将在申请后1个工作日内全额原路退回。（3）完成缴费后超过24小时的报名订单，申请退赛退费的不论项目均需收取20元/次的服务费，扣除相应服务费后剩余费用在申请后1个工作日内原路退回。
2.改换项目：（1）需要更换项目的选手，在退改服务截止前，可先进行退赛退费操作后，重新报名需改换的项目。（2）从短距离项目改长距离项目者，还须符合长距离项目参赛条件并通过审核后方能获得参赛资格。
3.退改服务期限6月15日18:00退费服务系统关闭，将不再受理任何退费申请。",半程 / 短距离,,6000,金秀半程马拉松,2025-05-29 14:00,2025-06-13 10:00
,,云南博捷体育赛事策划有限公司,❌,,已结束,5000/5000,中国田径协会10公里精英赛（曲靖·麒麟）,,,未提及,80/50,必须,13060487748,云南,A / WA,,数字心动,,中国田径协会 / 曲靖市人民政府 / 云南省体育局 / 云南省文化和旅游厅 / 云南省民族宗教事务委员会 / 云南省商务厅,,,2025-07-27 17:58,报名时缴费,,10km / 短距离,,10000,,2025-06-16 10:00,2025-07-15 22:00
miyunmarathon@126.com,,北京中锐体育产业有限公司,✔️,,已结束,4000/5000/3000,密云马拉松,,,半程或以上,200/160/100,自行评估,010-53899656,北京,A / 精英,,官网/微信/小程序 / 数字心动 / 马拉马拉,,北京市密云区人民政府,,,2025-05-25 08:55,报名时缴费,,全程 / 半程 / 短距离,2025-04-18 10:34,12000,密云生态马拉松,2025-03-20 10:00,2025-03-31 15:00
ylh-marathon@xempower.com.cn,七彩广场,南京魔盒信息科技有限公司,✔️,,已结束,2000/3000/10000,伊犁河马拉松,,,未提及,150/120/50,自行评估,025-87775902,新疆,A,,官网/微信/小程序,,伊宁市人民政府,,https://ylhmls.xempower.cn,2025-05-18 11:17,报名时缴费,,全程 / 半程 / 短距离,2025-05-04 15:38,15000,伊犁河马拉松,2025-04-17 10:00,2025-04-30 18:00
wlmqmarathon@163.com,新疆国际会展中心-南2门,南京善跑体育科技有限公司,✔️,,已结束,4000/6000/4000,乌鲁木齐马拉松,,,未提及,150/120/80,自行评估,025-87775902,新疆,A,,官网/微信/小程序,,新疆维吾尔区体育局 / 乌鲁木齐市人民政府,,http://urumqimarathon.xempower.cn,2025-08-31 17:18,报名时缴费,,全程 / 半程 / 短距离,2025-07-25 00:00,14000,乌鲁木齐马拉松,2025-06-24 10:00,2025-07-15 18:00
lhsmarathon@163.com,力旺·孔雀林,常州有迈竞创体育文化有限公司,✔️,,已结束,9000/3000,长春莲花山半程马拉松,,,未提及,150/80,自行评估,19905197127,吉林,B,,官网/微信/小程序 / 数字心动,,长春市体育局 / 长春莲花山生态旅游度假区管理委员会,,,2025-09-07 00:00,报名时缴费,,半程 / 短距离,2025-08-01 00:00,12000,长春莲花山度假区旅游局,2025-06-30 09:00,2025-07-27 18:00
jilinmarathon@126.com,,,✔️,,已结束,10000/10000/10000,吉林市马拉松,,,未提及,180/160/80,自行评估,19905197127,吉林,A / 金标,,官网/微信/小程序 / 数字心动,,吉林市人民政府 / 吉林省体育局,,http://jilinmarathon.com,2025-05-18 10:03,中签后缴费,,全程 / 半程 / 短距离,2025-04-18 18:26,30000,吉林市马拉松,2025-03-20 12:00,2025-04-13 18:00
2141436164@qq.com,,,❌,,已结束,2000/3000/5000,怀宁马拉松,,,未提及,100/80/30,未提及,,安徽,B,,官网/微信/小程序,,怀宁县人民政府 / 安庆市教育体育局,,,2025-05-11 10:41,报名时缴费,无,全程 / 半程 / 短距离,,10000,秀莓怀宁,2025-02-08 10:00,2025-03-31 23:59
prwmls@sina.cn,和平公园,王者传奇（北京）体育文化有限公司,❌,,已结束,3500/2500,沈阳沈北蒲河女子半程马拉松,,,未提及,120/60,必须,17615191214,辽宁,A,,数字心动 / 马拉马拉 / 润赛美佳 / 汇跑参赛助手 / 最酷 / 跑跑网(马拉松报名),,辽宁省妇女联合会 / 沈阳市妇女联合会 / 沈阳市体育局 / 沈阳市沈北新区人民政府,,,2025-06-15 17:40,报名时缴费,,半程 / 短距离,,6000,沈阳沈北蒲河女子半程马拉松,2025-04-28 18:00,2025-05-30 10:00
relay@42195.com,青海体育中心,,✔️,,已结束,10000/5000,西宁半程马拉松,,,未提及,100/80,未提及,028-83419663,青海,A,,官网/微信/小程序,,西宁市人民政府 / 西宁市城西区人民政府,,,2025-06-29 11:09,报名时缴费,,半程 / 短距离,2025-04-30 09:43,15000,2025年西宁半程马拉松,2025-04-07 10:00,2025-04-21 10:00
liren18nzmls@sina.com,,王者传奇（北京）体育文化有限公司,❌,,已结束,3500/1500,乳山半程马拉松,,,未提及,120/60,未提及,17615191214,山东,B,,官网/微信/小程序 / 数字心动 / 最酷,,威海市体育局 / 乳山市人民政府,,,2025-05-11 10:42,报名时缴费,无,半程 / 短距离,,5000,,2025-02-20 12:00,2025-04-10 23:59
hrbmlsbm@163.com,音乐长廊,哈尔滨会展博览有限公司,✔️,,已结束,15000/20000,哈尔滨马拉松,,,半程或以上,200/150,必须,0451-51080606,黑龙江,A / 金标 / AIMS,,官网/微信/小程序 / 数字心动,,黑龙江省体育局 / 哈尔滨市人民政府,,https://hrb-marathon.chinaath.com,2025-08-31 09:44,中签后缴费,无,全程 / 半程,2025-07-20 00:00,35000,哈尔滨国际马拉松,2025-07-04 10:00,2025-07-10 23:59
,秦皇岛奥林匹克体育中心,河北野人体育文化发展有限公司,✔️,,已结束,7000/5000/5000,秦皇岛马拉松,,,未提及,150/120/0,自行评估,0335-8018279,河北,A,,官网/微信/小程序 / 数字心动,,秦皇岛市人民政府,,,2025-05-11 16:49,报名时缴费,无,全程 / 半程 / 短距离,2025-03-20 16:24,17000,秦皇岛马拉松,2025-02-28 10:00,2025-03-09 17:00
jyggreatwallmls@163.com,雄关广场,甘肃行者体育管理有限公司,❌,,已结束,1200/2300/4500,嘉峪关长城马拉松,,,未提及,120/100/60,自行评估,0931-8100300,甘肃,A,,官网/微信/小程序 / 数字心动,,嘉峪关市人民政府,,https://www.jyggreatwallmls.com,2025-06-15 13:29,报名时缴费,无,全程 / 半程 / 短距离,,8000,嘉峪关长城马拉松,2025-02-20 10:00,2025-02-20 13:00
,朱雀湖公园,广州悦跑信息科技有限公司,❌,,已结束,3000/2000,可克达拉半程马拉松,,,15km以上,100/60,未提及,18139233712,兵团,B,,官网/微信/小程序,,新疆生产建设兵团第四师可克达拉市人民政府,,,2025-05-25 00:00,报名时缴费,,半程 / 短距离,,5000,可克达拉市城建杯马拉松,2025-04-23 21:00,2025-05-15 21:00
lzstmarathon@163.com,丹霞广场,甘肃行者体育管理有限公司,❌,,已结束,1000/1500/2500,临泽马拉松,,,未提及,120/100/60,自行评估,0931-8100500,甘肃,A,,官网/微信/小程序,,临泽县人民政府,,,2025-06-29 00:00,报名时缴费,无,全程 / 半程 / 短距离,,5000,临泽生态马拉松,2025-04-05 10:00,2025-06-04 17:00
,资溪面包广场,浙江森狼体育发展有限公司,❌,,已结束,2000/3000,大觉山半程马拉松,,,未提及,,自行评估,18702590827,江西,A,,官网/微信/小程序,,资溪县人民政府 / 抚州市教育体育局,,,2025-05-11 00:00,报名时缴费,无,半程 / 短距离,,5000,大觉山马拉松,2025-03-20 11:00,2025-04-15 23:59
gzlpsmb@163.com,人民广场,贵州钟山旅游产业发展有限责任公司,✔️,,已结束,8000/12000/2000/10000,六盘水马拉松,,,未提及,198/148/88/60,自行评估,0858-8242195,贵州,A / 精英,,官网/微信/小程序,https://docimg2.docs.qq.com/image/AgAACG-qqCGngdf2R_RGpZEt0UY-qvwn.png?w=1080&h=729,贵州省体育局 / 六盘水市人民政府,,http://liupanshui.sites.irunner.mobi/,2025-07-20 08:53,报名时缴费,,全程 / 半程 / 10km / 短距离,2025-06-10 00:00,32000,凉都六盘水马拉松,2025-05-23 15:00,2025-06-05 18:00
bqmls@cnsgsports.cn,宝清县文化创意中心,华体赛事（北京）体育管理有限公司,✔️,,已结束,1000/2000/2000,宝清马拉松,,,半程或以上 / 10km及以上,120/60,未提及,18945189663,黑龙江,B,,官网/微信/小程序,,中共宝清县委 / 宝清县人民政府,,https://www.baoqingmarathon.com,2025-05-25 00:00,报名时缴费,,全程 / 半程 / 短距离,2025-05-01 14:55,5000,宝清马拉松,2025-03-24 10:00,2025-04-28 20:00
,靓淮河,,❌,,已结束,3000/2000,中国田径协会10公里精英赛（蚌埠站）,,,未提及,80/35,自行评估,,安徽,A / WA,,官网/微信/小程序 / 数字心动,,中国田径协会 / 蚌埠市人民政府,,,2025-05-04 10:39,报名时缴费,,10km / 短距离,,5000,蚌埠马拉松,2025-04-09 10:00,2025-04-23 10:00
longfengmls@126.com,来凤县文体局文化广场,湖北互通有道体育科技有限公司,✔️,,已结束,3000/5000/15000,湘鄂龙凤马拉松,,,全程 / 半程或以上,120/100/65,可用完赛证书,19907155622,湖北,A,,官网/微信/小程序 / 数字心动,https://docimg6.docs.qq.com/image/AgAACG-qqCEtiUX3JqtDpou-Uqu_vx0E.png?w=1080&h=1509,来凤县人民政府 / 龙山县人民政府,,https://www.longfengmarathon.com,2025-05-02 09:10,报名时缴费,无,全程 / 半程 / 短距离,2025-03-18 16:56,23000,湘鄂龙凤双城马拉松,2024-12-31 10:00,2025-03-15 18:00
ccmarathon@126.com,,厦门文广体育有限公司,✔️,,已结束,10000/15000/10000,长春马拉松,,,,180/150/80,,0431-88655081,吉林,A / 标牌,,官网/微信/小程序 / 数字心动,,长春市人民政府 / 吉林省体育局,,http://www.changchunmarathon.com,2025-05-25 13:42,报名时缴费,,全程 / 半程 / 短距离,2025-04-19 10:48,35000,长春马拉松,2025-03-20 15:00,2025-04-15 18:00
baojimarathon@163.com,青莲山广场,威赢赛事运营有限公司,✔️,,已结束,3000/2000,陕西宝鸡·麟游夏季半程马拉松,,,未提及,120/60,自行评估,,陕西,A,,官网/微信/小程序,,宝鸡市体育局 / 麟游县人民政府,,,2025-06-29 10:30,中签后缴费,,半程 / 短距离,2025-05-23 14:44,5000,宝鸡马拉松,2025-05-09 10:00,2025-05-14 12:00
xqbcmls@163.com,栖霞湖,,✔️,,已结束,8000/4000,兰州新区半程马拉松,,,未提及,100/60,自行评估,0931-8100500,甘肃,A,,官网/微信/小程序 / 数字心动,,兰州新区管理委员会,,http://lanzhouxinqumarathon.com,2025-08-24 00:00,报名时缴费,无,半程 / 短距离,2025-07-15 00:00,12000,兰州新区半程马拉松,2025-06-23 10:00,2025-06-27 18:00
badongmarathon@luyuesport.com,巴东县野三关镇人民政府,路越（湖北）体育发展有限公司,❌,,已结束,1000/1500/3000,巴东野三关半程马拉松,,,10km及以上,120/80/60,可用完赛证书,13701741466,湖北,B,,官网/微信/小程序 / 第一赛道 / 马拉马拉 / 数字心动,,巴东县人民政府,,https://www.badongmarathon.com,2025-08-17 00:00,报名时缴费,1. 已提交报名信息及支付的选手，在7月31日18:00前，可在订单页面自行办理退赛退费服务。2.完成缴费后24小时内的报名订单，申请退赛退费的将不 收取任何费用，报名费将在申请后1个工作日内全额原路退回。3.完成缴费后超过24小时的报名订单，申请退赛退费的不 论项目均需收取20 元/次的服务费，扣除相应服务费后剩余费用 在申请后1个工作日内原路退回。,半程 / 中距离 / 短距离,,5500,巴东马拉松,2025-07-17 10:00,2025-08-05 18:00
tachengmarathon@163.com,,,❌,,已结束,2000/5000,塔城半程马拉松,,,10km及以上,80/50,必须,18324410076,新疆,B,,官网/微信/小程序,,塔城地区行政公署 / 新疆马拉松及路跑协会,,https://www.tachengmarathon.com,2025-08-24 00:00,报名时缴费,,半程 / 短距离,,7000,塔城马拉松,2025-07-08 10:00,2025-08-05 22:00
kuitun@sport-china.cn,,广东新中体育集团有限公司,❌,,已结束,4000/2000/4000,新疆奎屯兵地融合半程马拉松暨中国田径协会10公里精英赛（奎屯站）,,,半程或以上,120/80/60,自行评估,,新疆,A / A,,官网/微信/小程序 / 第一赛道 / 数字心动,,奎屯市人民政府 / 中国田径协会 / 第七师胡杨河市人民政府,,,2025-05-02 10:22,报名时缴费,4月10日18时前可退改,半程 / 10km / 短距离,,10000,奎屯马拉松、第一赛道,2025-03-10 14:00,2025-04-10 18:00
,,,❌,,已结束,3000/7000,和龙半程马拉松,,,未提及,120/60,自行评估,18004422098,吉林,B,,数字心动,,吉林省体育局 / 延边州人民政府,,,2025-09-07 00:00,报名时缴费,,半程 / 短距离,,10000,和龙半程马拉松、和龙半马,2025-08-04 10:00,2025-08-14 17:00
,太阳广场,云南博捷体育赛事策划有限公司,❌,,已结束,3000/3000,普洱墨江半程马拉松,,,未提及,120/60,必须,13529388388,云南,B,,官网/微信/小程序,,普洱市教育体育局 / 中共墨江县委员会 / 墨江县人民政府,,https://www.sichuanbojiesports.com,2025-06-22 10:05,报名时缴费,,半程 / 短距离,,6000,博捷体育,2025-04-10 10:00,2025-05-09 20:00
dlmlsmarathon@163.com,港浦路与珠荷街交叉口,华润文化体育发展有限公司 / 南京善跑体育科技有限公司,✔️,,已结束,12000/16000/5000,大连马拉松,,,未提及,180/150/80,自行评估,0411-84802607,辽宁,A / 精英 / AIMS,,官网/微信/小程序,,大连市人民政府,,https://dlmls.org,2025-05-11 10:31,中签后缴费,3月31日24时前可以退出,全程 / 半程 / 短距离,2025-03-24 10:07,33000,大连马拉松赛,2025-03-10 10:00,2025-03-16 18:00
cxmls@cnsgsports.cn,楚雄州文化活动中心,华体赛事（北京）体育管理有限公司,✔️,,已结束,2000/5000/8000,楚雄马拉松,,,马拉松项目需半程以上完赛经历 / 10km及以上,180/150/80,自行评估,17787824975,云南,A,,官网/微信/小程序,,楚雄市人民政府,,https://chuxiongmarathon.chinaath.com,2025-07-13 15:58,报名时缴费,,全程 / 半程 / 短距离,2025-06-23 00:00,15000,楚雄马拉松,2025-05-09 10:00,2025-06-08 18:00
178827103@qq.com,云澜湾温泉度假小镇,浙江午马精英体育发展有限公司,❌,,已结束,1500/1500,中国田径协会10公里精英赛 嘉善 · 大云站,,,未提及,100/80,未提及,18058756033,浙江,A / WA,,官网/微信/小程序,,中国田径协会 / 嘉善县人民政府,,https://m.irunner.mobi/mix-race-apply/?match_eng=67f622ee1a4d6#/grid,2025-05-11 10:39,报名时缴费,无,10km / 短距离,,3000,午马体育,2025-04-10 12:00,2025-04-23 23:59
,,华舰体育赛事发展（山西）有限公司,✔️,,已结束,4000/2000,阳泉娘子关半程马拉松,,,未提及,120/50,自行评估,,山西,A,,官网/微信/小程序,,阳泉市体育局 / 平定县人民政府,,,2025-05-25 11:20,报名时缴费,,半程 / 短距离,2025-04-09 15:42,6000,,2025-04-01 10:00,2025-04-07 17:00
wnmarathon@163.com,乌撒广场,,❌,,已结束,4000/6000,威宁半程马拉松,,,未提及,130/50,自行评估,13535360830,贵州,A,,官网/微信/小程序,,贵州省体育局 / 毕节市人民政府,,,2025-08-24 00:00,报名时缴费,,半程 / 短距离,,10000,"威宁半程马拉
松",2025-06-24 14:00,2025-07-28 17:00
info@great-wall-marathon.com.cn,黄崖关长城风景区-正关广场,,❌,,已结束,,黄崖关长城国际马拉松,,,未提及,2080,未提及,010-63552521,天津,AIMS,,官网/微信/小程序 / 马拉马拉,,北京唯文恒石体育文化有限责任公司 / 丹麦Albatros Adventure Marathons,,https://www.great-wall-marathon.com.cn,2025-05-17 09:58,报名时缴费,无,全程 / 半程 / 短距离,,2500,GWM长马,2024-08-24 19:00,2025-03-01 23:59
guiyang@sport-china.cn,贵阳国际会议展览中心北广场,广东新中体育集团有限公司,✔️,,已结束,6000/12000/3000/14000,贵阳马拉松,,,半程或以上,200/180/100/80,自行评估,,贵州,A / 精英,,官网/微信/小程序,,贵州省体育局 / 贵阳市人民政府,,http://www.guiyangmarathon.com,2025-06-15 08:55,报名时缴费,（1）已提交报名信息及支付报名费的运动员，可在退费服务截止前，自行在报名系统操作申请退费。（2）抽签结果公布前，申请退赛退费的将不收取任何费用，报名费将在申请后2个工作日内全额原路退回。（3）抽签结果公布后，未中签或审核未通过运动员报名费将在2个工作日内全额原路退回。（4）抽签结果公布后，已中签运动员可在5月30日前在报名页面自行办理退赛退费，在服务截止前退出的退还70%报名费，办理退费后，系统将在2个工作日内将原路退款，5月31日之后不可再退出。,全程 / 半程 / 10km / 短距离,2025-05-15 10:43,35000,贵阳马拉松,2025-04-29 14:00,2025-05-12 16:00
yinchuanmls@163.com,,,✔️,,已结束,7000/11000/10000,宁夏银川马拉松赛,,,未提及,180/150/80,未提及,0951-6713026,宁夏,A,,官网/微信/小程序 / 数字心动,,宁夏回族自治区体育局 / 银川市人民政府 / 宁夏贺兰山东麓葡萄酒产业园区管委会,,https://yinchuanmarathon.shuzixindong.com,2025-05-18 00:00,报名时缴费,,全程 / 半程 / 短距离,2025-04-22 17:08,28000,银川马拉松,2025-03-27 17:18,2025-04-17 12:00
kangpingmarathon@163.com,卧龙湖生态区,,✔️,,已结束,2000/5000/3000,沈阳·康平卧龙湖马拉松,,,半程或以上 / 未提及,150/120/80,自行评估,024-31326115,辽宁,B,,官网/微信/小程序,"https://docimg9.docs.qq.com/image/AgAACG-qqCF0mPqZK0dLvrYfiiG9jZWa.png?w=1080&h=948, https://docimg9.docs.qq.com/image/AgAACG-qqCHet9-6JMVL1rHWqNsapFQf.png?w=1080&h=948, https://docimg6.docs.qq.com/image/AgAACG-qqCET2le601BEBrYi5RUfQf6X.png?w=1080&h=948",沈阳市体育局 / 康平县人民政府,,http://www.kangpingmarathon.luojiweiye.com/,2025-08-31 00:00,报名时缴费,无,全程 / 半程 / 中距离,2025-07-18 00:00,10000,康平马拉松,2025-06-26 12:00,2025-07-13 12:00
397529747@qq.com,鹤庆·新华银器小镇,路越（上海）体育发展有限公司,❌,,已结束,3000/2000,鹤庆半程马拉松,,,10km及以上,150/77,可用完赛证书,13700622001,云南,B,,官网/微信/小程序 / 第一赛道,,鹤庆县人民政府,,,2025-08-10 14:29,报名时缴费,有,半程 / 短距离,,5000,曲速体育、路越体育、第一赛道,2025-06-13 10:00,2025-07-20 18:00
pbbj@baa.org.cn,石龙路与金沙街交叉口,,✔️,,已结束,5000,中国田径协会10公里精英赛 （北京门头沟站）,,,未提及,100,自行评估,18511081160,北京,A / WA,,官网/微信/小程序 / 数字心动 / 马拉马拉,,中国田径协会 / 北京市门头沟区人民政府,,,2025-05-18 10:39,报名时缴费,无,10km,2025-04-25 11:12,5000,北京市田径运动协会、跑遍北京,2025-04-01 10:00,2025-04-10 18:00
278584864@q.com,北陵公园,,✔️,,已结束,6000/6000,沈阳皇姑半程马拉松,,,未提及,120/60,自行评估,024-31851890,辽宁,B,,官网/微信/小程序,,中共沈阳市皇姑区委员会 / 沈阳市皇姑区人民政府,,,2025-05-31 00:00,报名时缴费,有退出和候补机制,半程 / 短距离,2025-04-29 11:14,12000,文创皇姑,2025-04-18 15:00,2025-04-23 17:00
,,四川博捷体育文化传播有限公司,❌,,已结束,10000/6000,弥勒半程马拉松,,,,150/60,必须,13529388388,云南,A,,官网/微信/小程序,,云南省体育局 / 红河哈尼族彝族自治州人民政府,,https://www.sichuanbojiesports.com,2025-05-18 00:00,,,半程 / 短距离,,16000,弥勒半程马拉松,2025-03-08 10:00,2025-03-28 22:00
kuchemarathon@luyuesport.com,库车市政府便民办公大楼,路越（湖北）体育发展有限公司,❌,,已结束,2000/3000/5000,库车马拉松,,,10km及以上,150/120/60,可用完赛证书,13697293951,新疆,B,,官网/微信/小程序 / 第一赛道,,库车市人民政府,,https://kuche.sport-china.cn,2025-05-04 00:00,报名时缴费,4月15日18:00前可退出,全程 / 半程 / 短距离,,10000,路越体育,2025-03-20 10:00,2025-04-20 18:00
sy_marathon@163.com,,北京中锐体育产业有限公司,✔️,,已结束,8000/12000,沈阳马拉松,,,半程或以上,180/150,自行评估,15142042195,辽宁,A / 精英,,官网/微信/小程序 / 马拉马拉,,沈阳市人民政府,,https://www.symarathon.com,2025-09-14 16:26,报名时缴费,有退出和候补机制,全程 / 半程,2025-07-30 00:00,20000,2025沈阳马拉松,2025-07-10 10:00,2025-07-22 15:00
15042061405@qq.com,铁岭新区钻石广场,,✔️,,已结束,6000/2000,铁岭莲花湿地半程马拉松,,,未提及,120/60,自行评估,15042061405,辽宁,A,,官网/微信/小程序 / 数字心动,,中共铁岭县委 / 铁岭县人民政府,,,2025-09-07 00:00,报名时缴费,,半程 / 短距离,2025-07-25 00:00,8000,铁岭莲花湿地半程马拉松,2025-07-09 14:00,2025-07-20 17:00
shuangao@163.com,,北京双奥体育文化产业集团有限公司,❌,,已结束,4500/1500,北京大兴半程马拉松,,,未提及,120/50,必须,010-53383535,北京,A,,官网/微信/小程序 / 数字心动,,北京市大兴区人民政府,,,2025-05-11 13:26,报名时缴费,,半程 / 短距离,,6000,首善之地魏善庄,2025-04-11 10:00,2025-04-17 16:00
lmcdm2023@163.com,全民健身中心,云南行知探索体育文旅产业有限公司,✔️,,已结束,2000/8000/6000/4000,澜沧江-湄公河合作大理马拉松,,,半程或以上,200/150/80/60,自行评估,0871-65629970,云南,A,,官网/微信/小程序 / 数字心动,,大理州人民政府 / 云南省体育局 / 云南省人民政府外事办公室,,,2025-05-18 09:41,报名时缴费,无,全程 / 半程 / 中距离 / 短距离,2025-04-30 14:54,20000,澜湄合作大理马拉松LMCDM,2025-02-14 10:00,2025-04-20 23:59
,遵义市奥林匹克体育中心,贵州小马体育发展有限公司 / 济南路跑文化传播有限公司,❌,,已结束,4000/8000/3000/5000,遵义马拉松,,,未提及,198/158/108/88,自行评估,0851-28975933,贵州,A,,官网/微信/小程序 / 数字心动 / 马拉马拉 / 马拉松报名网,,贵州省体育局 / 遵义市人民政府,,,2025-05-11 00:00,报名时缴费,无,全程 / 半程 / 10km / 短距离,,20000,遵义马拉松、贵州小马体育,2025-03-03 09:00,2025-04-15 17:00
,,四川博捷体育文化传播有限公司,✔️,,已结束,5000/3000/4000,贵州·镇宁黄果树半程马拉松,,,未提及,180/100/60,必须,13529388388,贵州,A / 精英,,官网/微信/小程序 / 数字心动,,贵州省体育局 / 安顺市人民政府,,https://www.sichuanbojiesports.com,2025-06-22 08:54,报名时缴费,,半程 / 中距离 / 短距离,2025-05-01 11:03,12000,黄果树半程马拉松,2025-03-20 10:00,2025-04-25 22:00
,红海滩国家风景廊道,,✔️,,已结束,2000/6000/4000,盘锦红海滩马拉松,,,未提及,150/120/50,必须,024-31326115,辽宁,A,,官网/微信/小程序,,辽宁省体育局 / 盘锦市人民政府,,,2025-09-21 10:41,报名时缴费,,全程 / 半程 / 短距离,2025-09-05 00:00,12000,盘锦红马,2025-08-08 10:00,2025-08-31 12:00
,,悦动未来（宁夏）体育文化发展有限公司,❌,,已结束,5000/2000,宁夏贺兰山东麓葡萄酒产区半程马拉松路跑双季赛（金秋赛）,,,未提及,140/80,自行评估,13309501470,宁夏,B,,官网/微信/小程序 / 跑跑网(马拉松报名),,宁夏回族自治区体育局 / 宁夏回族自治区文化和旅游厅 / 宁夏贺兰山东麓葡萄酒产业园区管理委员会 / 银川市西夏区人民政府,,,2025-09-14 00:00,报名时缴费,,半程 / 短距离,,7000,宁夏贺兰山路跑双季赛,2025-07-21 10:00,2025-07-31 23:59
,龙潭公园,浙江中迹体育发展有限公司,❌,,已结束,1500/3500/5000,阿克苏市马拉松,,,未提及,120/100/60,自行评估,400-1111-042,新疆,A,,官网/微信/小程序,,阿克苏市人民政府 / 杭州市援疆指挥部,,,2025-10-19 00:00,报名时缴费,,全程 / 半程 / 短距离,,10000,阿克苏市马拉松,2025-08-15 10:00,2025-10-05 23:59
csmarathon@126.com,杜甫江阁,长沙体育产业经营有限公司,✔️,,已结束,15000/16000/4000,长沙马拉松,,,未提及,200/180/80,自行评估,400-8516-999,湖南,A / 金标 / AIMS,,官网/微信/小程序 / 数字心动 / 马拉马拉,,长沙市人民政府 / 湖南省体育局,,https://www.marathonchangsha.com,2025-10-26 16:24,报名时缴费,,全程 / 半程 / 短距离,2025-08-27 00:00,35000,长沙马拉松,2025-07-31 10:00,2025-08-06 17:00
tz-marathon@xempower.com.cn,泰州体育公园-西门,南京善跑体育科技有限公司,✔️,,已结束,3000/10000/7000,泰州马拉松,,,未提及,150/100/60,自行评估,025-87775902,江苏,B,,官网/微信/小程序,,泰州市人民政府,,,2025-10-19 00:00,报名时缴费,9月10前可以退出,全程 / 半程 / 短距离,2025-09-15 00:00,20000,泰州马拉松,2025-08-12 10:00,2025-08-31 18:00
brsmarathon@163.com,查干湖景区南门游客中心,广州博润体育科技有限公司,✔️,,已结束,2000/6000/2000,查干湖马拉松,,,未提及,150/120/80,未提及,13260675696,吉林,A,,官网/微信/小程序 / 数字心动,,前郭尔罗斯蒙古族自治县人民政府 / 吉林查干湖旅游经济开发区管委会,,,2025-09-21 00:00,报名时缴费,,全程 / 半程 / 短距离,2025-08-08 00:00,10000,查干湖马拉松,2025-07-09 09:00,2025-07-31 18:00
lushanmarathon@163.com,,庐山文化旅游投资控股集团,❌,,已结束,7000,庐山半程马拉松,,,未提及,150,自行评估,19905197127,江西,A,,官网/微信/小程序 / 数字心动,,九江市人民政府,,http://lushanmarathon.umaysports.cn/,2025-09-21 00:00,报名时缴费,,半程,,7000,庐山半程马拉松赛,2025-07-18 18:00,2025-07-27 15:30
,宝坻体育中心,天津悦森体育文化发展有限公司,❌,,已结束,5000/3000,潮白湿地半程马拉松,,,未提及,120/60,自行评估,16600484578,天津,B,,数字心动 / 赛客 / 马拉马拉 / 最酷 / 跑跑网(马拉松报名) / 润赛美佳,,天津市宝坻区人民政府,,,2025-10-01 00:00,报名时缴费,,半程 / 短距离,,8000,悦森文体,2025-08-08 09:00,2025-08-15 17:00
oc@tianjin-marathon.com,,中奥路跑(北京)体育管理有限公司,✔️,,已结束,18000/10000/5000,天津马拉松,,,未提及,200/150/100,自行评估,13164230530,天津,A,,官网/微信/小程序 / 马拉马拉 / 数字心动,,天津市人民政府,,https://www.tianjin-marathon.com,2025-10-26 00:00,中签后缴费,9月10日10时至9月13日18时退出,全程 / 半程 / 短距离,2025-08-22 00:00,33000,天津马拉松,2025-08-09 10:00,2025-08-15 10:00
,三江路与学园街交叉口,成都中体大健康体育文化传播有限公司,❌,,已结束,3000/6000,宜宾长江首城马拉松,,,未提及,150/120/100/60,必须,18008053490,四川,A,,官网/微信/小程序 / 数字心动 / 润赛美佳,,宜宾市人民政府 / 四川省田径协会,,,2025-10-12 00:00,报名时缴费,,全程 / 半程,,9000,宜宾长江马拉松,2025-07-18 10:00,2025-08-10 18:00
hirunkefu@163.com,临安人民广场,杭州嗨跑体育管理有限公司,✔️,,已结束,8000/2000/2000,杭州临安半程马拉松,,,未提及,150/100/80,可用完赛证书,18248484836,浙江,A,,官网/微信/小程序 / 数字心动,,杭州市临安区人民政府,,https://hirunsport.cn,2025-10-19 00:00,报名时缴费,9月20日前可退出,半程 / 短距离,2025-09-10 00:00,12000,嗨跑体育,2025-08-18 10:00,2025-08-30 16:00
,人民文化广场,甘肃行者体育管理有限公司,❌,,已结束,3500/6500,金昌半程马拉松,,,未提及,100/60,自行评估,0935-8212360,甘肃,A / WA,,官网/微信/小程序,,中国田径协会 / 金昌市人民政府,,https://jinchangmarathon.cn,2025-09-21 17:08,报名时缴费,无,半程 / 短距离,,10000,金昌半程马拉松,2025-06-20 10:00,2025-06-22 12:00
tonglumls123@163.com,桐庐中心广场,浙江午马精英体育发展有限公司,✔️,,已结束,12000/3000,桐庐半程马拉松,,,未提及,150/60,未提及,18058756033,浙江,A,,官网/微信/小程序,,桐庐县人民政府,,,2025-10-26 00:00,中签后缴费,,半程 / 短距离,2025-07-15 00:00,15000,午马体育,2025-07-08 10:00,2025-07-11 12:00
ximahuipao@163.com,延安革命纪念馆,西安西马汇跑赛事运营有限公司,✔️,,已结束,5000/3000,延安红色半程马拉松,,,未提及,150/80,自行评估,400-11-42195,陕西,A,,官网/微信/小程序 / 数字心动,,陕西省体育局 / 延安市人民政府,,https://yanan-marathon.shuzixindong.com,2025-09-21 10:41,报名时缴费,,半程 / 短距离,2025-08-25 00:00,8000,西马汇跑,2025-08-14 10:00,2025-08-19 18:00
kmmarathon@expewise.com,石林红杉湖温泉酒店,云南行知探索体育文旅产业有限公司,✔️,,已结束,8000/2000/2000,昆明半程马拉松,,,未提及,150/100/50,现场核验,0871-65629970,云南,A,,官网/微信/小程序 / 数字心动,,云南省体育局 / 昆明市人民政府,,https://kmmarathon.saihuitong.com,2025-10-12 00:00,报名时缴费,,半程 / 中距离 / 短距离,2025-09-23 00:00,12000,昆明高原半程马拉松赛,2025-09-12 10:00,2025-09-21 18:00
kuerlemls@163.com,鸿雁广场,南京极致体育发展有限公司,❌,,已结束,4000/6000,库尔勒半程马拉松,,,半程或以上,100/20,可用完赛证书,13076167389,新疆,A,,官网/微信/小程序,,巴州文化体育广播电视和旅游局 / 库尔勒市人民政府,,,2025-10-02 00:00,报名时缴费,,半程 / 短距离,,10000,库尔勒马拉松,2025-08-01 10:00,2025-09-10 18:00
haidianmarathon@163.com,中关村壹号,北京中锐体育产业有限公司,✔️,,已结束,10000,海淀马拉松,,,半程或以上,200,自行评估,18511942195,北京,A,,官网/微信/小程序 / 数字心动 / 马拉马拉,,北京市体育局 / 北京市海淀区人民政府,,https://www.haidian-marathon.com,2025-10-12 00:00,中签后缴费,,全程,2025-09-07 00:00,10000,海淀马拉松,2025-08-08 10:00,2025-08-26 23:59
,,北京初美体育文化发展有限公司,❌,,已结束,7000/3000,天津团泊湖半程马拉松,,,未提及,150/80,必须,,天津,A,,官网/微信/小程序,,天津市静海区人民政府,,,2025-09-21 10:41,,,半程 / 短距离,,10000,团泊湖马拉松官方号,2025-06-18 10:00,2025-07-18 12:00
,,成都中体大健康体育文化传播有限公司,❌,,已结束,3000/500/3500,拉萨半程马拉松,,,亚高原或高原半程马拉松或40公里以上越野赛或拉萨半马完赛,150/100/60,必须,18008053490,西藏,A,,官网/微信/小程序,,拉萨市人民政府 / 西藏自治区体育局,,,2025-09-21 00:00,报名时缴费,,半程 / 中距离 / 短距离,,7000,拉萨市体育局、中体大健康,2025-07-15 12:00,2025-08-10 17:00
hutongquanma@126.com,陆羽广场,湖北互通有道体育科技有限公司,✔️,,已结束,2000/5000/4000/9000,天门马拉松,,,半程或以上,150/120/80/60,可用完赛证书,19907155922,湖北,A,,官网/微信/小程序 / 数字心动,,湖北省体育局 / 天门市人民政府,,https://www.tianmenmarathon.com,2025-10-12 17:54,报名时缴费,,全程 / 半程 / 中距离 / 短距离,2025-09-18 00:00,20000,天门马拉松,2025-06-18 10:00,2025-09-10 10:00
,,云南博捷体育赛事策划有限公司,✔️,,已结束,5000/5000,大理小河淌水半程马拉松,,,未提及,150/60,必须,13529388388,云南,A,,官网/微信/小程序 / 数字心动,,云南省体育局 / 大理白族自治州人民政府,,https://www.sichuanbojiesports.com,2025-09-21 11:07,报名时缴费,,半程 / 短距离,2025-07-21 11:11,10000,博捷体育,2025-06-06 10:00,2025-07-10 22:00
taimabaoming@163.com,五一广场,开承体育文化产业（重庆）有限公司,✔️,,已结束,15000/18000/7000,"太原马拉松赛
",,,未提及,180/150/80,自行评估,18835194219,山西,A / 金标,,官网/微信/小程序 / 数字心动,,山西省体育局 / 太原市人民政府,,http://tymarathon.cn,2025-09-21 09:45,报名时缴费,无,全程 / 半程 / 短距离,2025-07-22 00:00,40000,太原马拉松,2025-06-23 10:00,2025-07-15 23:59
general@shmarathon.com,,上海东浩兰生赛事管理有限公司,✔️,,已结束,7000,上海10公里精英赛,,,未提及,100,自行评估,400-101-5879,上海,A / 金标,,官网/微信/小程序 / 上马,,上海市体育总会 / 上海市普陀区人民政府 / 东浩兰生（集团）有限公司,,https://www.shang-ma.com,2025-10-26 08:40,中签后缴费,无,10km,2025-09-19 00:00,7000,上马,2025-09-09 15:00,2025-09-12 17:00
suizhou@guatomail.cn,,广东新中体育集团有限公司,✔️,,已结束,3000/5000/4000,随州马拉松赛,,,半程或以上,180/150/80,可用完赛证书,,湖北,A,,官网/微信/小程序 / 第一赛道,,湖北省体育局 / 随州市人民政府,,https://suizhou.sport-china.cn,2025-10-19 00:00,报名时缴费,8月17日前可以退,全程 / 半程 / 短距离,2025-08-29 00:00,12000,随州马拉松、第一赛道,2025-07-10 10:00,2025-08-10 18:00
,龙虎山风景区-游客中心,,✔️,,已结束,9000/900,鹰潭龙虎山半程马拉松,,,半程或以上,160/110,可用完赛证书,13006238000,江西,A,,官网/微信/小程序,,鹰潭市体育局 / 鹰潭市龙虎山风景名胜区管理委员会 / 鹰潭市文化旅游投资发展集团有限公司,,,2025-10-08 00:00,报名时缴费,,半程 / 短距离,2025-08-25 00:00,9900,鹰潭马拉松,2025-07-01 09:00,2025-08-19 23:59
,,,✔️,,已结束,10000/15000/10000,黄河口（东营）马拉松,,,未提及,150/120/80,必须,,山东,A / 金标 / AIMS,,官网/微信/小程序,,山东省体育局 / 东营市人民政府,,,2025-10-19 00:00,中签后缴费,无,全程 / 半程 / 短距离,2025-06-10 11:08,35000,黄河口东营马拉松赛,2025-05-26 10:00,2025-06-03 17:00
,长宁站,重庆渝跑悦动体育发展有限公司,❌,,已结束,6000/4000,长宁·蜀南竹海半程马拉松,,,未提及,120/60,自行评估,17316784625,四川,B,,官网/微信/小程序 / 数字心动 / 跑跑网(马拉松报名) / 最酷 / 我要赛,,长宁县人民政府 / 宜宾市蜀南竹海兴文石海文化生态旅游示范区,,,2025-09-21 10:41,报名时缴费,伤病可退,半程 / 短距离,,10000,,2025-07-18 15:00,2025-08-15 17:00
jinanmarathon@126.com,大明湖风景名胜区,山东广播电视台,✔️,,已结束,6000/12000/12000,济南（泉城）马拉松,,,半程或以上,180/150/80,自行评估,0531-66661234,山东,A,,官网/微信/小程序 / 数字心动 / 马拉马拉 / 润赛美佳 / 最酷,,山东省体育局 / 济南市人民政府,,https://inanmarathon.iqilu.comj,2025-10-19 00:00,中签后缴费,无,全程 / 半程 / 短距离,2025-09-01 00:00,30000,济南马拉松,2025-07-30 10:00,2025-08-19 18:00
,,浙江中迹体育发展有限公司,❌,,已结束,3000/9000/4000,宁夏黄河金岸（吴忠）马拉松,,,未提及,160/130/60,自行评估,400-111-1042,宁夏,A,,官网/微信/小程序,,宁夏回族自治区体育局 / 吴忠市人民政府,,http://nxhhjamarathon.spoorts.cn,2025-09-21 00:00,报名时缴费,无,全程 / 半程 / 短距离,,16000,宁夏黄河金岸吴忠马拉松,2025-07-10 10:00,2025-08-18 17:00
,,厦门文广体育有限公司,✔️,,已结束,3000/9000/8000,潍坊马拉松,,,未提及,180/150/80,自行评估,,山东,A,,官网/微信/小程序 / 数字心动,,潍坊市人民政府,,https://weifangmarathon.irunner.mobi,2025-10-19 15:50,报名时缴费,,全程 / 半程 / 短距离,2025-08-06 00:00,20000,潍坊马拉松,2025-07-10 15:00,2025-07-29 18:00
,重庆龙兴足球场,重庆云动风行体育文化传播有限公司,❌,,已结束,7000/8000,重庆两江摇滚半程马拉松,,,未提及,150/80,未提及,17316784625,重庆,B,,官网/微信/小程序 / 数字心动,,重庆两江新区管理委员会,,,2025-10-18 00:00,报名时缴费,,半程 / 短距离,,15000,云动重庆,2025-08-21 10:00,2025-09-29 18:00
,烟台滨海广场,烟台永辉体育发展有限公司,✔️,,已结束,7000/13000/4000,烟台马拉松,,,半程或以上 / 10km及以上,180/150/80,自行评估,15006555096,山东,A,,官网/微信/小程序,,烟台市人民政府 / 烟台市体育局,,,2025-10-19 16:31,中签后缴费,无,全程 / 短距离,2025-06-23 16:32,24000,永辉体育,2025-05-20 10:19,2025-06-10 23:59
nxydwltiyu@163.com,人民广场西街,悦动未来（宁夏）体育文化发展有限公司,✔️,,已结束,12000/8000,全国职工半程马拉松赛（银川站）,,,未提及,100/50,自行评估,,宁夏,A,,数字心动,,中国职工国际旅行社总社 / 宁夏回族自治区总工会 / 宁夏回族自治区体育局 / 银川市人民政府,,,2025-09-27 00:00,报名时缴费,无,半程 / 短距离,,20000,悦动体育运动汇,2025-07-15 10:00,2025-08-22 23:59
,宁远印山公园,,❌,,已结束,2000/3000/4000,宁远九嶷山马拉松,,,未提及,150/100/40,未提及,13875890767,湖南,A,,数字心动,,湖南省体育局 / 永州市人民政府,,,2025-10-19 00:00,报名时缴费,9月20日前可退,全程 / 半程 / 短距离,,9000,宁远九嶷山马拉松,2025-07-04 10:00,2025-09-30 18:00
yulinmarathon@163.com,,威赢赛事运营有限公司,✔️,,已结束,5000/7000/8000,榆林马拉松,,,未提及,160/160/80,自行评估,029-85361589,陕西,A,,官网/微信/小程序 / 智赛通,,陕西省体育局 / 榆林市人民政府,,https://www.yulin-marathon.com,2025-09-21 00:00,中签后缴费,,全程 / 半程 / 短距离,2025-07-23 00:00,20000,榆林马拉松、威赢赛事,2025-07-03 10:00,2025-07-12 18:00
hsmarathon@163.com,衡水湖·马拉松广场,北京中迹体育管理有限公司,✔️,,已结束,12000/8000,衡水湖马拉松,,,未提及,150/50,自行评估,0318-8883194,河北,A / AIMS / WA,,官网/微信/小程序,,河北省体育局 / 衡水市人民政府,,https://www.hengshuilakemarathon.com,2025-09-21 14:05,报名时缴费,有,全程 / 短距离,2025-08-09 00:00,20000,衡水湖马拉松赛,2025-07-27 10:00,2025-07-31 17:00
xianghumarathon@163.com,杭州湘湖景区,深圳市五环体育产业发展有限公司,✔️,,已结束,7000/5000,杭州湘湖半程马拉松,,,半程或以上,120/80,可用完赛证书,18922800274,浙江,A,,官网/微信/小程序,,杭州市萧山区人民政府,,https://www.xianghumarathon.com,2025-10-19 00:00,报名时缴费,,半程 / 短距离,2025-09-15 00:00,12000,杭州湘湖马拉松,2025-08-25 10:00,2025-08-31 23:59
aishanpao_run@sina.com,滨江公园,广东先奥体育文化传播有限公司,❌,,已结束,2000/3000,中国田径协会10公里精英赛·揭西河婆站,,,未提及,80/50,自行评估,15625671019,广东,A / WA,,官网/微信/小程序 / 数字心动,,中国田径协会 / 揭西县人民政府,https://docimg6.docs.qq.com/image/AgAACG-qqCFQVqykjppF5JfQMiwg19Sw.png?w=912&h=830,,2025-10-19 00:00,报名时缴费,,10km / 短距离,,5000,爱汕跑,2025-08-25 10:00,2025-09-05 20:00
pbbj@baa.org.cn,北京雁栖湖国际会展中心,,✔️,,已结束,5000/10000,怀柔长城马拉松,,,未提及,180/120,自行评估,18511081160,北京,A,,官网/微信/小程序 / 数字心动 / 马拉马拉,,北京市怀柔区人民政府,,https://www.huairougreatwallmarathon.com,2025-09-21 10:41,,,全程 / 半程,2025-08-25 00:00,15000,怀柔长城马拉松,2025-08-08 10:00,2025-08-18 23:59
jinanlupaowenhua@foxmail.com,,济南路跑文化传播有限公司,❌,,已结束,6000/4000,荣成好运角半程马拉松,,,未提及,120/60,必须,0531-87942195,山东,A,,官网/微信/小程序,,威海市体育局 / 荣成市人民政府,,,2025-09-20 00:00,报名时缴费,,半程 / 短距离,,10000,荣成好运角半程马拉松,2025-06-25 10:00,2025-08-15 17:00
,官厅水库国家湿地公园游客中心,中奥智胜（北京）体育发展有限公司,❌,,已结束,1000/2000/2000,官厅湖马拉松,,,马拉松项目需半程以上完赛经历 / 10km及以上,160/120/100,自行评估,13071117160,河北,A,,官网/微信/小程序,,怀来县人民政府,,,2025-09-21 00:00,,,全程 / 半程 / 短距离,,5000,奥盈体育,2025-08-15 10:00,2025-08-25 23:59
pingtoutiyu@126.com,临朐县体育中心,青岛平头体育有限公司,✔️,,已结束,8000/2000,临朐半程马拉松,,,未提及,100/50,自行评估,4000-66-375,山东,B,,官网/微信/小程序 / 数字心动,,临朐县人民政府,,,2025-10-03 00:00,报名时缴费,无,半程 / 短距离,2025-08-12 00:00,10000,临朐马拉松暨警察马拉松,2025-07-23 10:00,2025-08-08 17:00
wangsifan@horisports.com,,深圳中赛体育产业发展有限公司,✔️,,已结束,2000/2000/3000,铁门关半程马拉松,,,未提及,100/60/50,未提及,19399203619,兵团,A,,官网/微信/小程序 / 数字心动,,新疆生产建设兵团第二师铁门关市,,,2025-10-19 00:00,报名时缴费,,半程 / 中距离 / 短距离,2025-09-29 00:00,7000,铁门关马拉松,2025-08-18 10:00,2025-09-19 20:00
klmymarathon@163.com,克拉玛依市体育馆,南京善跑体育科技有限公司,✔️,,已结束,3000/5000/7000,克拉玛依马拉松,,,未提及,150/120/80,自行评估,025-87775902,新疆,A,,官网/微信/小程序,,克拉玛依市人民政府,,https://klmymarathon.xempower.cn,2025-10-06 00:00,报名时缴费,,全程 / 半程 / 短距离,2025-09-15 00:00,15000,克拉玛依马拉松,2025-07-22 10:00,2025-08-31 17:00
rizhaomarathon2025@163.com,人民广场,日照体育发展集团有限公司,❌,,已结束,3000/7000/8000,日照马拉松,,,未提及,150/120/80,自行评估,0633-7676961,山东,B,,官网/微信/小程序,,日照市人民政府,,http://www.rizhaomarathon.com,2025-10-26 00:00,报名时缴费,,全程 / 半程 / 短距离,,18000,日照马拉松,2025-07-25 10:00,2025-08-15 16:00
lohasnet.tw@gmail.com,,,❌,,已结束,3500/5000/3500,新屋魚米之鄉馬拉松,,,未提及,NT$8500/600/400,未提及,(886)05-551-0310,台湾,AIMS,,官网/微信/小程序,,桃園市政府,,https://lohasnet.tw/XinWuMarathon2025/,2025-09-28 00:00,报名时缴费,有,半程 / 10km / 短距离,,12000,,2025-05-20 11:00,2025-08-31 23:59
,玉溪市聂耳文化广场-生态广场,四川博捷体育文化传播有限公司,✔️,,已结束,4000/10000/6000,玉溪马拉松,,,未提及,200/150/60,必须,13529388388,云南,A,,官网/微信/小程序 / 数字心动,,云南省体育局 / 玉溪市人民政府,,https://sichuanbojiesports.com,2025-10-03 00:00,报名时缴费,,全程 / 半程 / 短距离,2025-08-25 00:00,20000,玉溪马拉松,2025-07-22 10:00,2025-08-15 22:00
fx-marathon@xempower.cn,果都大观园,南京冠奥宝德体育发展有限公司,✔️,,已结束,2000/1000,丰县半程马拉松,,,未提及,100/40,自行评估,025-87775902,江苏,B,,官网/微信/小程序,,丰县人民政府,,https://fxmarathon.xempower.cn,2025-10-19 00:00,报名时缴费,抽签前可退,半程 / 短距离,2025-09-24 00:00,3000,丰县半程马拉松,2025-08-18 10:00,2025-09-18 17:00
fangshanhm@126.com,清苑北街,,✔️,,已结束,9000,北京房山良乡大学城半程马拉松,,,未提及,120,自行评估,18518148086,北京,A,,数字心动 / 马拉马拉,https://docimg4.docs.qq.com/image/AgAACG-qqCHfaSQ2TxdG7a6YB0in7LgY.png?w=1080&h=1527,北京市体育局 / 北京市体育总会 / 北京市房山区人民政府,,,2025-10-26 00:00,报名时缴费,无,半程,,9000,北京市田径运动协会,2025-09-26 10:00,2025-10-09 18:00
sh-marathon@xempower.com.cn,泗洪城南公园停车点,南京魔盒信息科技有限公司,✔️,,已结束,2000/4000/4000,泗洪马拉松,,,未提及,150/100/30,自行评估,025-87775902,江苏,A,,官网/微信/小程序,,泗洪县人民政府,,,2025-10-19 00:00,报名时缴费,抽签前可退,全程 / 半程 / 短距离,2025-09-10 00:00,10000,泗洪马拉松,2025-08-07 10:00,2025-08-28 18:00
linyi@gustomail.cn,五洲湖,广西新中体育有限责任公司,✔️,,已结束,6000/14000/15000,临沂马拉松,,,全程 / 半程或以上,150/120/60,可用完赛证书,13866060187,山东,A,,官网/微信/小程序 / 第一赛道,,临沂市人民政府,,https://linyi.sport-china.cn,2025-10-26 00:00,报名时缴费,8月31日18：00前可退改,全程 / 半程 / 短距离,2025-09-12 00:00,35000,临沂体育、2025临沂马拉松、第一赛道,2025-07-10 10:00,2025-08-31 18:00
xiangyangmls@163.com,诸葛亮广场,广州博润体育科技有限公司,✔️,,已结束,5000/9000/8000,襄阳马拉松,,,未提及,150/120/30,自行评估,19086319162,湖北,A,,官网/微信/小程序 / 数字心动,,湖北省体育局 / 襄阳市人民政府,,https://www.xiangyang-marathon.com,2025-10-19 00:00,中签后缴费,无,全程 / 半程 / 短距离,2025-09-10 00:00,22000,襄阳马拉松,2025-08-21 10:00,2025-09-05 18:00
tangshanmarathon@126.com,,唐山瑞跑体育文化传播有限公司,✔️,,已结束,5000/10000,唐山马拉松,,,未提及,150/120,自行评估,0315-2177100,河北,A,,数字心动,,唐山市人民政府,,https://www.tangshan-marathon.com,2025-10-26 00:00,报名时缴费,,全程 / 半程,2025-08-28 00:00,15000,唐山马拉松,2025-08-11 10:00,2025-08-21 10:00
czxthmls@163.com,中国花卉博览园-北门,江苏有迈体育发展股份有限公司,✔️,,已结束,15000,常州西太湖半程马拉松,,,未提及,160,自行评估,,江苏,A / 金标,,官网/微信/小程序 / 数字心动,,中国田径协会 / 常州市武进区人民政府 / 常州市体育局,,https://www.czxthmls.com,2025-10-26 00:00,中签后缴费,报名成功后不可退出,半程,2025-09-12 00:00,15000,常州西太湖半程马拉松、有迈路跑,2025-08-15 10:00,2025-09-07 23:59
yidumarathon@163.com,宜都市体育场,南京极致体育发展有限公司,❌,,已结束,4000/4000,宜都半程马拉松,,,未提及,130/60,自行评估,027-59266510,湖北,B,,官网/微信/小程序 / 高德地图,,宜都市人民政府,,,2025-10-19 00:00,报名时缴费,,半程 / 短距离,,8000,宜都半程马拉松,2025-07-20 10:00,2025-09-22 17:00
events@hkaaa.com,,,❌,,已结束,3500,香港十公里錦標賽,,,未提及,HK$350,未提及,,香港,HK / WA,,官网/微信/小程序,,中国香港田径总会,,https://hkaaa.com/tc/comp_details.php?id=270,2025-10-19 00:00,报名时缴费,,10km,,3500,,2025-08-11 14:00,2025-09-12 14:00
ximahuipao@163.com,西安城墙-永宁门,西安西马汇跑赛事运营有限公司,✔️,,已结束,22000/12000/4000,西安马拉松,,,未提及,200/200/100,自行评估,400-11-42195,陕西,A / 标牌,,官网/微信/小程序,,陕西省体育局 / 西安市人民政府,,https://xi-ma.com,2025-10-19 09:46,中签后缴费,有候补及退出机制,全程 / 半程 / 短距离,2025-08-06 00:00,40000,西马汇跑,2025-07-05 11:00,2025-07-27 18:00
xinyumls@126.com,新余市体育中心,安徽波动体育文化科技有限公司,✔️,,已结束,3000/10000/3000/6000,新余仙女湖马拉松,,,未提及,120/100/60/50,自行评估,,江西,A / 标牌,,官网/微信/小程序 / 数字心动,,江西省体育局 / 新余市人民政府,,,2025-10-26 09:00,报名时缴费,,全程 / 半程 / 中距离 / 短距离,2025-08-11 13:12,22000,仙女湖马拉松,2025-05-20 13:14,2025-07-31 22:00
,泰宁县人民政府,深圳市微马城市发展有限公司,❌,,已结束,7000/3000,泰宁半程马拉松,,,未提及,128/88,未提及,13713809641,福建,B,,官网/微信/小程序,,泰宁县人民政府,,http://www.cityrun.cc/front/marathon/index/uid/15186.html,2025-10-26 00:00,报名时缴费,,半程 / 短距离,,10000,泰宁半程马拉松,2025-08-06 12:00,2025-09-26 23:59
naijirace@163.com,世界葡萄博览园-北门,北京耐吉文化传播有限公司,❌,,已结束,2500/500,张山营阪泉半程马拉松,,,半程或以上,130/100,可用完赛证书,,河北,B,,官网/微信/小程序 / 数字心动 / 第一赛道,,北京市延庆区体育局 / 北京市延庆区张山营镇人民政府 / 北京八达岭文旅集团有限公司,,,2025-09-27 00:00,,,半程 / 短距离,,3000,,2025-08-21 10:00,2025-09-12 17:00
,遗爱清风,湖北互通有道体育科技有限公司,✔️,,已结束,10000,黄冈半程马拉松,,,半程或以上,150,可用完赛证书,19907155622,湖北,A,,官网/微信/小程序 / 数字心动 / 马拉马拉,https://docimg3.docs.qq.com/image/AgAACG-qqCG2LcYBDiJMzpxJmrFDadtQ.png?w=830&h=1093,黄冈市人民政府,,,2025-11-02 00:00,报名时缴费,,半程,2025-10-03 00:00,10000,黄冈马拉松,2025-07-02 10:00,2025-09-28 18:00
,元帅广场,重庆炫豹体育文化产业有限公司,❌,,已结束,1500/2500,重庆江津东方爱情马拉松,,,未提及,180/150,自行评估,023-67302960,重庆,B,,官网/微信/小程序 / 数字心动,,重庆市江津区人民政府,,,2025-11-09 00:00,报名时缴费,,全程 / 半程,,4000,炫豹体育,2025-08-04 10:00,2025-10-15 18:00
,九牛爬坡,广西盈动体育有限公司,❌,,已结束,3000/5000,崇左马拉松,,,未提及,180/150,自行评估,4000661231,广西,A,,官网/微信/小程序 / 数字心动,,广西壮族自治区体育局 / 崇左市人民政府,,,2025-11-09 00:00,报名时缴费,,全程 / 半程,,8000,桂运动、崇左马拉松,2025-09-08 10:00,2025-10-19 23:59
kefu@ihuipao.com,南京奥林匹克体育中心,无锡汇跑体育有限公司,✔️,,已结束,24000,南京马拉松,,,未提及,200,自行评估,400-99-42195,江苏,A / 金标,,官网/微信/小程序 / 数字心动,https://docimg2.docs.qq.com/image/AgAACG-qqCGbhLPAOaFD_r7TOlqy9vwj.jpeg?w=1280&h=2357,南京市人民政府,,https://nanjing.marathon.org.cn,2025-11-16 23:58,中签后缴费,有候补及退出机制,全程,2025-08-18 00:00,24000,南京马拉松,2025-07-23 10:00,2025-08-11 17:00
,,,✔️,,已结束,6000,上海长滩半程马拉松,,,10km及以上,120,自行评估,,上海,B,,官网/微信/小程序 / 数字心动,,上海市体育总会 / 上海市宝山区人民政府,,,2025-11-16 00:00,报名时缴费,,半程,2025-09-26 00:00,6000,宝山体育,2025-08-19 18:00,2025-09-19 12:00
HKDL.10Kweekend@hongkongdisneyland.com,,,❌,,已结束,,香港迪士尼10公里,,,未提及,HK$650/650/650,未提及,,香港,HK / WA,,官网/微信/小程序,,香港国际主题乐园有限公司 / 香港迪士尼管理有限公司 / 中国香港田径总会,,https://www.hongkongdisneyland.com/zh-hk/hkdl/10k-weekend-2025/,2025-11-02 00:00,报名时缴费,,10km / 5km / 短距离,,20000,香港迪士尼乐园度假区,2025-07-29 10:00,2025-09-01 23:59
liandaomarathon@126.com,,江苏飞睿体育文化发展有限公司,❌,,已结束,7000,连云港·连岛半程马拉松赛,,,未提及,120,自行评估,15371011451,江苏,B,,官网/微信/小程序,,连云港市人民政府,,,2025-11-09 00:00,,,半程,,7000,,2025-08-06 10:00,2025-09-29 17:00
huzhoumarathon@126.com,湖州市奥体中心,厦门文广体育有限公司,✔️,,已结束,3000/9000,湖州马拉松,,,未提及,180/160,自行评估,0572-2587703,浙江,A,,官网/微信/小程序 / 数字心动,,湖州市人民政府,,https://hz.xcmsports.com,2025-11-09 00:00,报名时缴费,,全程 / 半程,2025-09-30 00:00,12000,湖州马拉松,2025-09-11 10:00,2025-09-26 18:00
glmarathon@sport-china.cn,,广东新中体育集团有限公司,✔️,,已结束,11000/12000,桂林马拉松,,,半程或以上,200/150,自行评估,,广西,A / 精英,,官网/微信/小程序 / 第一赛道,,广西壮族自治区体育局 / 桂林市人民政府,,http://guilin-marathon.cn/,2025-11-16 22:01,报名时缴费,1.退费（1）已提交报名信息及支付报名费的运动员，可在退费服务截止前，自行在报名系统操作申请退费。（2）抽签结果公布前，申请退赛退费的将不收取任何费用，报名费将在申请后1个工作日内全额原路退回。（3）抽签结果公布后，未中签或审核未通过运动员报名费将在7个工作日内全额原路退回。（4）抽签结果公布后，已中签运动员可在9月25日18:00前在报名页面自行办理退赛退费，在服务截止前退出的退还80%报名费，办理退费后，系统将在2个工作日内将原路退款，9月25日18:00之后不可再退出。,全程 / 半程,2025-09-23 16:07,23000,桂林马拉松,2025-06-05 14:00,2025-09-10 18:00
paoshenchn@163.com,,浙江跑神体育文化策划有限公司,❌,,已结束,4000,奉贤海湾森林半程马拉松,,,未提及,150,自行评估,0571-87655950,上海,B,,官网/微信/小程序 / 数字心动,,上海市奉贤区体育局 / 上海市奉贤区文化和旅游局 / 上海市奉贤区海湾镇人民政府,,,2025-11-09 00:00,报名时缴费,,半程,,4000,跑神体育,2025-09-16 10:00,2025-09-23 09:28
fuchuan@gustomail.cn,富川瑶族自治县民族体育中心,广西新中体育有限责任公司,❌,,已结束,1000/2000,富川马拉松,,,半程或以上,150/120,自行评估,,广西,B,,官网/微信/小程序 / 第一赛道,,中共富川瑶族自治县委员会 / 富川瑶族自治县人民政府,,http://fuchuan.sport-china.cn,2025-11-09 00:00,报名时缴费,,全程 / 半程,,3000,富川马拉松,2025-09-26 10:00,2025-10-17 10:00
suaosports@163.com,,江苏苏奥体育科技有限公司,✔️,,已结束,12000,锡山宛山湖马拉松,,,未提及,120,自行评估,0512-65722565,江苏,A,,官网/微信/小程序,,无锡市锡山区人民政府,,https://xishanmls.com,2025-11-09 17:56,报名时缴费,中签后不可退出,全程,2025-07-07 00:00,12000,锡山宛山湖马拉松,2025-05-23 15:00,2025-06-23 17:00
cd_marathon@126.com,金沙遗址博物馆,广州万达体育发展有限公司 / 成都传媒产业集团有限公司,✔️,,已结束,25000/10000,成都马拉松,,,未提及,200/200,自行评估,028-83419663,四川,A / 标牌 / AIMS,,官网/微信/小程序 / 马拉马拉,,中国田径协会 / 成都市人民政府,,http://chengdumarathon.cn/,2025-10-26 17:25,报名时缴费,已报名跑者可点击报名详情页面的“退赛申请”按钮自行办理退款。2025年8月14日（含）之前退出退还80%报名费，2025年8月15日至2025年9月14日（含）之前退出退还60%报名费，组委会将在收到退出申请后一周内办理退款，9月15日（含）之后不可退出。,全程 / 半程,2025-06-15 09:56,35000,成都马拉松,2025-04-15 10:00,2025-05-15 22:00
pingguhm@163.com,,,✔️,,已结束,10000,平谷桃花半程马拉松,,,未提及,120,自行评估,18500107695,北京,A,,数字心动 / 马拉马拉,,北京市平谷区人民政府,,,2025-11-16 23:58,报名时缴费,,半程,2025-10-31 00:00,10000,北京市田径运动协会,2025-10-12 10:08,2025-10-19 18:00
1472901668@qq.com,,江阴市澄和体育产业发展有限公司,✔️,,已结束,7000,江阴新桥镇半程马拉松,,,未提及,120,自行评估,18915389021,江苏,A,,官网/微信/小程序 / 汇跑参赛助手 / 数字心动,,江阴市人民政府,,,2025-11-09 00:00,,,半程,2025-09-05 00:00,7000,,2025-08-08 10:00,2025-08-28 15:00
15003808400,,河南赛乐体育文化传播有限公司,❌,,已结束,2000/5000,三门峡马拉松,,,半程或以上,150/120,必须,,河南,B,,官网/微信/小程序,,三门峡市人民政府,,https://joysports2021@126.com,2025-11-16 23:58,报名时缴费,,全程 / 半程,,7000,三门峡马拉松,2025-08-10 10:00,2025-10-10 17:00
guanganmarathon@163.com,,新华网四川有限公司,❌,,已结束,3000/7000,广安马拉松,,,未提及,200/180,自行评估,028-85282167,四川,A / 标牌,,官网/微信/小程序 / 跑跑网(马拉松报名) / 汇跑参赛助手,,广安市人民政府,,https://guangan.marathon.org.cn,2025-11-16 00:00,报名时缴费,,全程 / 半程,,10000,运动广安,2025-07-21 10:00,2025-10-15 23:59
snmarathon@qq.com,,华体赛事（北京）体育管理有限公司,✔️,,已结束,2000/6000,遂宁观音湖马拉松,,,未提及,180/150,自行评估,18982518949,四川,A,,官网/微信/小程序 / 马拉马拉,,遂宁市人民政府 / 四川省田径协会,,http://suininggyh-marathon.mararun.com,2025-11-09 00:00,报名时缴费,,全程 / 半程,2025-10-16 00:00,8000,遂宁观音湖马拉松,2025-08-20 10:00,2025-09-30 20:00
zjxsmls@163.com,诸暨篮球中心,南京极致体育发展有限公司,❌,,已结束,10000,诸暨西施半程马拉松,,,半程或以上,120,可用完赛证书,027-59882567,浙江,A,,官网/微信/小程序 / 数字心动,,诸暨市人民政府,,,2025-11-16 00:00,报名时缴费,无,半程,,10000,西施马拉松,2025-07-22 10:00,2025-10-16 18:00
cqnbmarathon@163.com,,重庆重马体育发展有限公司,✔️,,已结束,15000,重庆（长嘉汇）半程马拉松,,,10km及以上,200,自行评估,(023)62898882,重庆,A,,官网/微信/小程序,,重庆市南岸区人民政府,https://docimg2.docs.qq.com/image/AgAACG-qqCEPzBE3LwhLH7bsClXb3itl.jpeg?w=1280&h=1807,,2025-11-02 00:00,报名时缴费,,半程,2025-08-04 00:00,15000,重庆长嘉汇半程马拉松,2025-07-17 10:00,2025-07-25 16:45
dtmarathon@163.com,温州市洞头区政务服务中心,浙江青鸟捷出体育科技有限公司,❌,,已结束,3000/2000,中国田径协会10公里精英赛（温州·洞头）,,,未提及,100/80,自行评估,0577-88868108,浙江,A / WA,,官网/微信/小程序 / 数字心动 / 跑跑网(马拉松报名),,中国田径协会 / 温州市洞头区人民政府,,,2025-11-09 00:00,报名时缴费,无,10km / 短距离,,5000,温州马拉松,2025-10-12 10:00,2025-10-23 17:00
ztdjkgs@163.com,火把广场,成都中体大健康体育文化传播有限公司,❌,,已结束,6000/12000,西昌邛海湿地马拉松,,,未提及,200/160,自行评估,18008053490,四川,A / 金标,,数字心动 / 润赛美佳,,凉山彝族自治州人民政府,,,2025-11-01 08:34,报名时缴费,身体原因可申请,全程 / 半程,,18000,西昌邛海湿地马拉松,2025-05-08 10:00,2025-06-30 22:00
irunner@biji.co,,,❌,,已结束,2500/4000/3500/3500,新竹城市馬拉松,,,未提及,NT$1600/1350/1150/950,未提及,,台湾,AIMS,,官网/微信/小程序 / 運動筆記,,新竹市政府 / 永悅健康股份有限公司,,https://irunner.biji.co/HSINCHUCITY2025,2025-11-16 23:58,报名时缴费,有,全程 / 半程 / 中距离 / 短距离,,13500,,2025-06-08 12:00,2025-08-31 23:59
info@guanghan-marathon.com,,四川体产赛事管理有限公司,✔️,,已结束,7000/3000,德阳市广汉三星堆半程马拉松,,,未提及,180/80,现场核验,0838-5246921,四川,A,,官网/微信/小程序 / 数字心动 / 马拉马拉 / 润赛美佳 / 最酷,,德阳市人民政府 / 广汉市人民政府 / 德阳高新区管委会,,http://guanghan-marathon.com,2025-11-02 11:18,,,半程 / 短距离,2025-09-24 00:00,10000,广汉三星堆马拉松,2025-09-04 10:00,2025-09-17 12:00
sunmoonlakemarathon.service@gmail.com,日月潭,,❌,,已结束,1000/3000/1000,日月潭環湖馬拉松,,,未提及,NT$1700/1500/1200,未提及,(886)0986-257178,台湾,AIMS,,官网/微信/小程序 / 運動筆記,,"""中華運動生活協會""",,https://www.sunmoonlakemarathon.com,2025-10-26 15:05,报名时缴费,,全程 / 超半马 / 短距离,,5000,,2024-12-20 11:00,2025-05-28 17:00
nanchongmarathon@163.com,,成都尚跑体育文化传播有限公司,❌,,已结束,3000/10000,南充嘉陵江马拉松,,,半程或以上 / 10km及以上,200/180,可用完赛证书,19980816949,四川,A,,官网/微信/小程序 / 润赛美佳 / 第一赛道,,南充市人民政府 / 四川省田径协会,,,2025-11-02 09:04,报名时缴费,10.2 12:00可退,全程 / 半程,,13000,尚跑赛事,2025-06-15 10:00,2025-07-03 12:43
,,浙江横店体育发展有限公司,❌,,已结束,4000/12000,横店马拉松,,,半程或以上,180/150,可用完赛证书,,浙江,A,,官网/微信/小程序 / 数字心动,,东阳市人民政府 / 横店集团,,,2025-11-16 09:21,,,全程 / 半程,,16000,,2025-06-10 10:00,2025-09-03 17:00
quzhoumarathon@163.com,,江苏铁人体育文化发展有限公司,✔️,,已结束,5000/10000,衢州马拉松,,,未提及,150/120,自行评估,15951842195,浙江,A,,官网/微信/小程序 / 数字心动,,衢州市人民政府,,https://www.quzhoumarathon.cn,2025-11-23 17:16,报名时缴费,,全程 / 半程,2025-09-11 00:00,15000,衢马,2025-08-04 10:00,2025-09-01 23:59
chuzhoumls@163.com,滁州奥体中心,,❌,,已结束,3000/6000,滁州马拉松,,,未提及,150/120,自行评估,,安徽,A,,官网/微信/小程序 / 数字心动,,安徽省体育局 / 滁州市人民政府,,,2025-11-16 10:06,报名时缴费,,全程 / 半程,,15000,滁州马拉松,2025-09-08 10:00,2025-10-15 10:00
service@sportsnet.org.tw,,,❌,,已结束,4000/8500/8500/3000,長榮航空馬拉松 ,,,未提及,NT$1800/1100/800/500,未提及,(886)02-25855659,台湾,AIMS,,官网/微信/小程序,,"長榮航空 / ""中華民國路跑協會"" / ""中華民國文化休閒運動協會""",,https://www.evaairrun.com/sc,2025-10-26 14:36,报名时缴费,有,全程 / 半程 / 10km / 短距离,,24000,长荣航空,2025-05-08 17:00,2025-05-29 17:00
chenzhoumls@gustomail.cn,五岭广场,,✔️,,已结束,4000/8000,郴州马拉松,,,半程或以上,160/130,自行评估,,湖南,A,,官网/微信/小程序 / 第一赛道 / 数字心动,,湖南省体育局 / 郴州市人民政府,,https://chenzhou.sport-china.cn,2025-11-09 00:00,报名时缴费,,全程 / 半程,2025-09-19 00:00,12000,郴州马拉松,2025-08-12 10:00,2025-09-16 18:00
,,路越（上海）体育发展有限公司,✔️,,已结束,3000/7000,宜昌马拉松,,,,160/130,,,湖北,A / 精英,,,,宜昌市人民政府,,,2025-11-02 08:52,,,全程 / 半程,2025-09-20 00:00,10000,,2025-07-30 10:00,2025-09-10 18:00
hirunkefu@163.com,建德博物馆,杭州嗨跑体育管理有限公司,❌,,已结束,2000/5000,建德马拉松,,,半程或以上,150/150,可用完赛证书,19558164512,浙江,A,,官网/微信/小程序,,建德市人民政府 / 浙江省马拉松及路跑协会,,https://jiande.zjim.org,2025-11-16 00:00,报名时缴费,无,全程 / 半程,,7000,建德马拉松,2025-07-16 10:00,2025-09-30 18:00
,平湖农业经济开发区(广陈镇),戈友文化传媒（上海）有限公司,❌,,已结束,3000,平湖金山半程马拉松,,,未提及,120,必须,17821357388,浙江,B,,官网/微信/小程序 / 数字心动,,平湖市人民政府 / 上海市金山区人民政府,,https://www.world550.com,2025-11-16 00:00,报名时缴费,,半程,,3000,550体育、平湖农开、廊下生活,2025-09-08 10:00,2025-10-10 10:00
yzgymls@163.com,净土寺塔广场,池州山水体育文化发展有限公司,✔️,,已结束,3500,扬州高邮大运河半程马拉松赛,,,未提及,120,自行评估,17775390907,江苏,B,,官网/微信/小程序 / 数字心动,,高邮市人民政府 / 扬州市体育局,,,2025-11-02 00:00,报名时缴费,,半程,2025-09-05 00:00,3500,高邮大运河马拉松,2025-08-08 10:00,2025-08-27 21:00
,,郑州郑马体育文化传播有限公司,✔️,,已结束,12000/13000,郑州马拉松,,,未提及,200/200,自行评估,0371-63381730,河南,A,,官网/微信/小程序,,郑州市人民政府,,http://www.zhengzhou42195.com,2025-11-16 00:00,中签后缴费,,全程 / 半程,2025-09-16 00:00,25000,郑州马拉松,2025-09-01 10:00,2025-09-11 17:00
520running@gmail.com,,彰化縣馬拉松路跑協會 / 彰化縣城鄉創意發展協會,❌,,已结束,4000/6000/6500,台灣米倉田中馬拉松,,,未提及,NT$1750/1650/1450,未提及,(886)04-8753520,台湾,AIMS,,官网/微信/小程序 / 運動筆記,,"彰化縣政府 / ""中華民國舒康樂活運動協會""",,https://www.tianzhongmarathon.com,2025-11-08 14:41,报名时缴费,,全程 / 超半马 / 中距离,,16500,,2025-06-04 12:00,2025-06-14 23:59
nanchangganjiang@gustomail@cn,汇贤大道[地铁站],广东新中体育集团有限公司,❌,,已结束,20000,南昌赣江半程马拉松,,,半程或以上,100,自行评估,,江西,A,,官网/微信/小程序 / 第一赛道,,江西省体育局 / 南昌市人民政府 / 赣江新区管委会,,https://nanchangganjiang.sport-china.cn,2025-11-02 00:00,报名时缴费,有,半程,,20000,南昌赣江半程马拉松,2025-08-01 15:00,2025-09-30 23:59
apply@wuhanmarathon.org,华中科技大学,武汉汉马体育管理有限公司,✔️,,已结束,7000/6000,光谷马拉松,,,未提及,150/100,自行评估,027-88712733,湖北,A,,官网/微信/小程序 / 汇跑参赛助手,,湖北省体育局 / 武汉东湖新技术开发区管委会,,,2025-11-16 23:58,中签后缴费,,全程 / 半程,2025-09-17 00:00,13000,光谷马拉松,2025-08-29 10:00,2025-09-05 23:59
tianmuhumarathon@xempower.com.cn,燕湖公园,南京善跑体育科技有限公司,✔️,,已结束,4000/8000,天目湖马拉松,,,未提及,150/120,自行评估,025-87775902,江苏,A,,官网/微信/小程序,,溧阳市人民政府 / 常州市体育局,,https://https:/h't,2025-11-16 00:00,报名时缴费,无,全程 / 半程,2025-09-19 00:00,12000,天目湖马拉松,2025-08-11 10:00,2025-09-07 18:00
,,中奥智胜（北京）体育发展有限公司,❌,,已结束,6000/3000/6000,贺州半程马拉松,,,10km及以上,120/100/80,未提及,13071117160,广西,A,,官网/微信/小程序,,广西壮族自治区体育局 / 贺州市人民政府,,,2025-10-26 00:00,报名时缴费,,半程 / 10km / 短距离,,15000,奥盈体育,2025-08-05 10:00,2025-09-30 23:59
kefu@ihuipao.com,太湖西大道与隐秀路交叉口,无锡汇跑体育有限公司,✔️,,已结束,17000,环蠡湖半程马拉松,,,未提及,160,自行评估,400-99-42195,江苏,A / 标牌,,官网/微信/小程序 / 汇跑参赛助手,,无锡市滨湖区人民政府,,https://lihu.marathon.org.cn,2025-11-02 09:04,中签后缴费,有退出候补机制,半程,2025-08-26 00:00,17000,汇跑赛事,2025-08-13 10:00,2025-08-21 17:00
gaomazwh@163.com,丹阳湖南路,浙江中迹体育发展有限公司,❌,,已结束,3000/8000,高淳马拉松,,,未提及,160/130,自行评估,025-69777031,江苏,A / 标牌,,官网/微信/小程序,,南京市高淳区人民政府,,https://www.gaochunmarathon.com,2025-11-02 09:04,中签后缴费,,全程 / 半程,2025-09-26 00:00,11000,高淳马拉松,2025-09-08 10:00,2025-09-20 17:00
shuangao66@163.com,富昌大桥,北京双奥体育文化产业集团有限公司,❌,,已结束,7000/3000,富平半程马拉松,,,,120/50,自行评估,010-53383535,陕西,B,,官网/微信/小程序,,渭南市体育局 / 富平县人民政府,,,2025-10-26 00:00,报名时缴费,,半程 / 短距离,,10000,富平半程马拉松,2025-07-15 10:00,2025-08-30 18:00
,益阳市市民文化中心,湖南加博体育文化传播有限公司,❌,,已结束,3000/5000,益阳马拉松,,,未提及,150/100,自行评估,19040679504,湖南,A,,官网/微信/小程序 / 数字心动 / 马拉马拉 / 最酷 / 跑跑网(马拉松报名) / 润赛美佳,,湖南省体育局 / 益阳市人民政府,,,2025-11-02 09:04,,,全程 / 半程,,8000,益阳马拉松,2025-08-06 10:00,2025-09-30 17:00
bengbumls@163.com,蚌埠市体育场(体育路店),,❌,,已结束,2500/5500,蚌埠马拉松,,,未提及,150/100,自行评估,,安徽,A,,官网/微信/小程序 / 数字心动,,安徽省体育局 / 蚌埠市人民政府,,,2025-11-02 00:00,,,全程 / 半程,,8000,蚌埠马拉松,2025-08-12 10:00,2025-09-12 10:00
xgmarathon@163.com,孝感市文化中心,广州博润体育科技有限公司,✔️,,已结束,4000/8000,孝感马拉松,,,未提及,180/150,自行评估,13044802661,湖北,A,,官网/微信/小程序 / 数字心动,,孝感市人民政府,,,2025-11-02 00:00,报名时缴费,,全程 / 半程,2025-09-15 00:00,20000,孝感马拉松,2025-08-05 10:00,2025-09-05 17:00
carmmarathon@163.com,,江苏有迈体育发展股份有限公司,✔️,,已结束,10000/5000,中国马拉松精英排名赛暨长荡湖马拉松,,,1.马拉松组：男子全程≤3:54:53，女子全程≤4:24:53； 2.半程马拉松组：男子全程≤4:30:00或男子半程≤2:05:00，女子全程≤5:00:00或半程≤2:20:00。,200/160,自行评估,19905197127,江苏,A,,官网/微信/小程序 / 数字心动,,中国田径协会 / 常州市人民政府,,,2025-11-23 00:00,中签后缴费,报名成功后不可退出,全程 / 半程,2025-09-12 00:00,15000,中国马拉松精英排名赛,2025-08-13 10:00,2025-09-07 23:59
baojimarathon@163.com,宝鸡市行政中心广场,威赢赛事运营有限公司,✔️,,已结束,10000/14000/7000,宝鸡马拉松,,,未提及,200/200/120,自行评估,029-85361589,陕西,A,,官网/微信/小程序 / 智赛通,,陕西省体育局 / 宝鸡市人民政府,,https://www.baoji-marathon.com,2025-10-26 00:00,报名时缴费,,全程 / 半程 / 短距离,2025-08-15 00:00,31000,宝鸡马拉松、威赢赛事,2025-07-31 10:00,2025-08-08 18:00
xiamen10k@163.com,厦门国际博览中心,,✔️,,已结束,7000/2500,"中国田径协会10公里精英赛（厦门·翔安站）
",,,未提及,100/80,自行评估,13338467323,福建,A / WA,,官网/微信/小程序 / 数字心动,,中国田径协会 / 厦门市体育局 / 厦门市翔安区人民政府,,,2025-11-22 00:00,报名时缴费,,10km / 短距离,2025-10-29 00:00,9500,厦门翔安10K精英赛,2025-09-30 10:00,2025-10-24 12:00
nanchang42195@163.com,八一广场,北京中迹体育管理有限公司,✔️,,已结束,20000/12000,南昌马拉松,,,未提及,200/150,自行评估,0791-82760195,江西,A / 精英,,官网/微信/小程序,,江西省体育局 / 南昌市人民政府,,https://www.nanchangmarathon.cn,2025-11-09 14:42,中签后缴费,,全程 / 半程,2025-08-30 00:00,32000,南昌马拉松,2025-08-08 14:00,2025-08-18 17:00
luocheng@gustomail.cn,罗城县民族文化广场,,❌,,已结束,3500,罗城半程马拉松,,,半程或以上,120,自行评估,,广西,A,,官网/微信/小程序 / 第一赛道,,中共罗城仫佬族自治县委员会 / 罗城仫佬族自治县人民政府 / 河池市文化广电体育和旅游局,,http://luocheng.sport-china.cn,2025-11-09 00:00,报名时缴费,,半程,,3500,第一赛道、罗城半程马拉松,2025-10-01 10:00,2025-10-31 23:59
chizhoumarathon@163.com,平天湖莲花台,池州山水体育文化发展有限公司,✔️,,已结束,3000/7000,池州马拉松,,,未提及,120/100,自行评估,,安徽,A,,官网/微信/小程序 / 数字心动,,安徽省体育局 / 池州市人民政府,,,2025-11-16 10:05,报名时缴费,,全程 / 半程,2025-07-15 10:54,16000,池州马拉松,2025-05-30 10:40,2025-06-30 22:40
,,,✔️,,已结束,8000,马鞍山·采石矶半程马拉松,,,未提及,100,自行评估,,安徽,A,,官网/微信/小程序 / 数字心动,,安徽省体育局 / 马鞍山市人民政府,,,2025-11-02 10:03,报名时缴费,,半程,2025-07-31 00:00,8000,采石矶马拉松,2025-06-18 15:00,2025-07-18 15:00
,锦绣广场,天津市飞赫体育文化传播有限公司,❌,,已结束,8000/4000,重庆涪陵白鹤梁半程马拉松,,,未提及,150/60,65岁以上需要,17316784625,重庆,A,,官网/微信/小程序 / 数字心动,,重庆市涪陵区人民政府,,,2025-10-26 00:00,报名时缴费,,半程 / 短距离,,12000,,2025-08-08 12:00,2025-09-28 17:00
,合肥骆岗公园,,✔️,,已结束,10000/15000,合肥马拉松,,,未提及,150/100,必须,0551-62648635,安徽,A,,官网/微信/小程序,,安徽省体育局 / 合肥市人民政府,https://docimg2.docs.qq.com/image/AgAACG-qqCG88ZpF3-9Gybnz6oPxZvcr.jpeg?w=2275&h=1279,https://www.hefeimarathon.com,2025-11-09 00:00,中签后缴费,,全程 / 半程,2025-09-09 00:00,25000,合肥马拉松,2025-08-22 10:00,2025-09-05 17:30
oc@beijing-marathon.com,天安门广场-入口,,✔️,,已结束,32000,北京马拉松,,,半程或以上,200,自行评估,010-67167482,北京,A / 金标 / AIMS / CMM,,官网/微信/小程序 / 数字心动 / 马拉马拉,https://docimg10.docs.qq.com/image/AgAACG-qqCGotTuRR-5DKIsqZozGv4Ho.png?w=1080&h=1527,中国田径协会 / 北京市体育局 / 中央广播电视总台,,https://www.beijing-marathon.com,2025-11-02 00:00,中签后缴费,,全程,2025-10-09 00:00,32000,北京马拉松,2025-09-10 10:00,2025-09-15 18:00
kashimarathon@163.com,,,❌,,已结束,1500/3500,喀什马拉松,,,未提及,160/120,自行评估,0998-2666122,新疆,A,,官网/微信/小程序,,喀什市人民政府 / 喀什地区体育局,,,2025-11-02 00:00,报名时缴费,,全程 / 半程,,5000,喀什马拉松,2025-09-17 20:00,2025-10-08 22:00
,黄龙体育中心体育场,浙江黄龙体育发展有限公司 / 南京善跑体育科技有限公司,✔️,,已结束,20000/12000,杭州马拉松,,,马拉松项目需半程以上完赛经历,200/150,必须,,浙江,A / 金标 / AIMS,,官网/微信/小程序,,浙江省体育局 / 杭州市人民政府,,,2025-11-02 09:46,中签后缴费,,全程 / 半程,2025-09-15 00:00,32000,杭州马拉松,2025-08-26 15:00,2025-09-01 17:00
china_beihai_10k@163.com,上海路旅游集散中心,,✔️,,已结束,7000/5000,中国田径协会10公里精英赛（北海站）,,,10km及以上,100/60,可用完赛证书,19162285560,广西,A / WA,,官网/微信/小程序 / 数字心动,,中国田径协会 / 广西壮族自治区体育局 / 北海市人民政府,,,2025-10-26 00:00,报名时缴费,,10km / 短距离,2025-10-01 00:00,12000,北海10K精英赛,2025-09-08 14:00,2025-10-15 18:00
tcmarathon@expwise.com,,云南行知探索体育文旅产业有限公司,✔️,,已结束,1500/4500,腾冲马拉松,,,未提及,200/150,自行评估,0871-65629970,云南,A,,官网/微信/小程序,,云南省体育局 / 保山市人民政府 / 腾冲市人民政府,,https://www.exprun.com,2025-11-23 00:00,报名时缴费,,全程 / 半程,2025-11-06 00:00,6000,腾冲马拉松,2025-09-29 10:00,2025-11-02 23:59
,乐动力淮南奥体中心,安徽睿驰体育文化有限公司,❌,,已结束,2000/4000,淮南马拉松,,,未提及,120/100,未提及,,安徽,A,,官网/微信/小程序 / 数字心动,,安徽省体育局 / 淮南市人民政府,,,2025-11-23 10:07,报名时缴费,,全程 / 半程,,6000,淮南马拉松,2025-08-05 10:00,2025-09-30 18:00
xymls2024@126.com,,福建省广播影视文化传媒有限公司,✔️,,已结束,3000/8000,仙游马拉松,,,未提及,160/130,自行评估,0591-38876306,福建,A,,官网/微信/小程序,,莆田市人民政府,,,2025-11-30 22:06,中签后缴费,,全程 / 半程,2025-10-10 00:00,11000,八闽名赛,2025-08-23 11:00,2025-09-23 17:00
gaoming@gustomail.cn,,路越（湖北）体育发展有限公司,❌,,已结束,2000/5000,佛山高明稻田马拉松,,,半程或以上,188/168,自行评估,,广东,B,,官网/微信/小程序 / 第一赛道,,佛山市高明区人民政府,,,2025-11-23 00:00,报名时缴费,,全程 / 半程,,7000,高明稻田马拉松,2025-08-30 10:00,2025-10-23 18:00
general@shmarathon.com,外滩金牛广场,上海东浩兰生赛事管理有限公司,✔️,,已结束,23000,上海马拉松,,,未提及,200,未提及,400-101-5879,上海,A / 白金 / AIMS / WMM-C,,官网/微信/小程序,,上海市体育总会 / 上海市黄浦区人民政府 / 上海市静安区人民政府 / 上海市徐汇区人民政府 / 东浩兰生（集团）有限公司,,https://www.shang-ma.com,2025-11-30 22:06,中签后缴费,无,全程,2025-08-25 00:00,23000,上马,2025-07-01 00:00,2025-07-31 23:59
17812173985@163.com,,,❌,,已结束,4000/4000,中国田径协会10公里精英赛（海南东方站）,,,未提及,100/50,自行评估,17812173985,海南,A / WA,,官网/微信/小程序 / 数字心动 / 跑跑网(马拉松报名),,中国田径协会 / 东方市人民政府,,,2025-12-14 08:42,报名时缴费,,10km / 短距离,,8000,今粲体育,2025-10-27 10:00,2025-11-20 10:00
yulin@gustomail.cn,,北京耐吉文化传播有限公司,❌,,已结束,3500/6500,玉林马拉松,,,半程或以上,180/150,自行评估,,广西,A,,官网/微信/小程序 / 第一赛道,,广西壮族自治区体育局 / 玉林市人民政府,,https://yulin.sport-china.cn,2025-12-14 08:42,报名时缴费,,全程 / 半程,,10000,玉林马拉松、第一赛道,2025-10-05 14:00,2025-11-23 23:59
,东坡城市湿地公园,四川博捷体育文化传播有限公司,✔️,,已结束,5000/12000,眉山东坡马拉松,,,未提及,200/180,现场核验,13529388388,四川,A,,官网/微信/小程序 / 数字心动,,四川省田径协会 / 眉山市人民政府,,http://www.sichuanbojiesports.com,2025-11-23 00:00,中签后缴费,,全程 / 半程,2025-08-01 16:13,17000,眉山东坡马拉松、博捷体育,2025-06-15 10:00,2025-07-20 22:00
jgsmls@126.com,井冈山市人民政府,北京中锐体育产业有限公司,✔️,,已结束,3000/5000,井冈山马拉松,,,未提及,150/120,自行评估,0796-2180037,江西,A,,官网/微信/小程序 / 数字心动,,江西省体育局 / 吉安市人民政府,,,2025-11-23 00:00,报名时缴费,,全程 / 半程,2025-10-10 00:00,10000,井冈山马拉松,2025-09-05 10:00,2025-09-30 17:00
,,天津市飞赫体育文化传播有限公司,❌,,已结束,2000/4000,重庆忠县马拉松,,,未提及,150/120,自行评估,17316784625,重庆,A,,官网/微信/小程序,,忠县人民政府,,,2025-11-30 22:06,报名时缴费,,全程 / 半程,,6000,长江三峡马拉松,2025-08-29 12:00,2025-11-15 18:00
,,重庆云动风行体育文化传播有限公司,❌,,已结束,3000/6000,重庆璧山马拉松,,,未提及,180/150,自行评估,17316784625,重庆,A,,官网/微信/小程序 / 数字心动,,重庆市璧山区人民政府,,,2025-11-23 00:00,报名时缴费,,全程 / 半程,,9000,云动重庆,2025-09-25 10:00,2025-10-30 23:59
cmsports@163.com,东原1891B馆,重庆重马体育发展有限公司,❌,,已结束,10000,中国田径协会10公里精英赛（重庆站）暨重庆10公里挑战赛,,,未提及,120,未提及,,重庆,A / WA,,官网/微信/小程序 / 数字心动,,中国田径协会 / 重庆市体育局 / 重庆市南岸区人民政府,,,2025-11-29 00:00,报名时缴费,,10km,,10000,重庆重马体育,2025-09-23 10:00,2025-11-07 17:00
huangshimls@163.com,,广州博润体育科技有限公司,✔️,,已结束,15000,黄石半程马拉松,,,未提及,160,自行评估,13260676179,湖北,A / 精英,,官网/微信/小程序 / 数字心动,,黄石市人民政府,,https://www.huangshimarathon.com,2025-12-14 00:00,中签后缴费,,半程,2025-11-10 00:00,15000,黄石半程马拉松,2025-09-28 10:00,2025-10-28 18:00
gzqdnxlsmls@163.com,,,❌,,已结束,5000/5000,贵州黔东南香炉山马拉松,,,未提及,180/150,自行评估,0855-8255564,贵州,A,,官网/微信/小程序 / 数字心动,,贵州省体育局 / 黔东南州人民政府,,,2025-12-14 08:42,报名时缴费,,全程 / 半程,,10000,香炉山马拉松,2025-11-21 14:23,2025-11-28 21:00
hirunkefu@163.com,,杭州嗨跑体育管理有限公司,❌,,已结束,3000/15000,千岛湖马拉松,,,未提及,200/200,自行评估,18248484836,浙江,A,,官网/微信/小程序 / 数字心动,,淳安县人民政府 / 浙江省马拉松及路跑协会,,https://hirunsport.cn,2025-11-30 00:00,报名时缴费,有,全程 / 半程,,13000,嗨跑体育,2025-08-27 10:00,2025-10-10 10:00
zhaoqingmls@126.com,,南京极致体育发展有限公司,✔️,,已结束,3000/8000,肇庆马拉松,,,未提及,188/158,自行评估,18202007981,广东,A,,官网/微信/小程序,,肇庆市人民政府,,,2025-11-30 22:06,报名时缴费,,全程 / 半程,2025-11-07 00:00,11000,肇庆马拉松,2025-09-26 10:00,2025-10-26 16:00
gqcmarathon@163.com,富华山景区,,✔️,,已结束,2000/3000,共青城马拉松,,,未提及,150/100,自行评估,19905197127,江西,A,,官网/微信/小程序 / 数字心动,,九江市人民政府,,,2025-11-30 22:06,报名时缴费,,全程 / 半程,2025-11-14 00:00,5000,,2025-10-22 18:00,2025-11-10 18:00
zjslty@126.com,宁都体育中心,,❌,,已结束,2000/3000,宁都县红色马拉松,,,未提及,150/120,自行评估,18702590827,江西,B,,官网/微信/小程序,,中共宁都县委员会 / 宁都县人民政府,,,2025-11-23 00:00,报名时缴费,,全程 / 半程,,5000,宁都红色马拉松,2025-09-28 09:00,2025-10-31 18:00
boaomls@163.com,琼海市文化体育中心,武汉锋尚体育发展有限公司,❌,,已结束,4000/6000,琼海博鳌马拉松,,,未提及,198/158,自行评估,15800259220,海南,A,,官网/微信/小程序 / 数字心动 / 职工之家,,琼海市人民政府 / 海南日报报业集团,,,2025-12-14 08:42,报名时缴费,,全程 / 半程,,10000,琼海博鳌马拉松,2025-10-27 10:00,2025-11-23 20:00
mls@126mls@126.com,,武汉锋尚体育发展有限公司,❌,,已结束,6000,云浮新兴半程马拉松,,,未提及,138,自行评估,15800259220,广东,A,,官网/微信/小程序,,新兴县人民政府,,,2025-11-30 22:06,报名时缴费,,半程,,6000,新兴马拉松,2025-09-17 14:00,2025-10-25 17:00
zhuhai-marathon@xempower.com.cn,,珠海华发体育运营管理有限公司,✔️,,已结束,4000/12000,珠海马拉松,,,未提及,200/200,自行评估,025-87775902,广东,B,,官网/微信/小程序,,珠海市人民政府,,https://www.zhuhaimarathon.com,2025-12-07 08:47,报名时缴费,,全程 / 半程,2025-11-12 00:00,16000,华发体育、善跑体育,2025-10-30 14:00,2025-11-05 18:00
szmarathon@ssi.sihc.com.cn,深圳市民中心,深圳市深投控体育赛事发展有限公司,✔️,,已结束,30000,深圳马拉松,,,未提及,200,自行评估,0755-25157039,广东,A / 金标,,官网/微信/小程序 / 马拉马拉,,深圳市人民政府,,http://shenzhenmarathon.org.cn,2025-12-07 08:32,中签后缴费,,全程,2025-11-10 00:00,30000,深圳马拉松官方,2025-10-30 10:00,2025-11-02 17:00
,美峰体育公园,厦门体育产业集团赛事运营有限公司,✔️,,已结束,20000,厦门环东半程马拉松赛,,,未提及,180,未提及,0592-3660069,福建,A,,官网/微信/小程序,https://docimg9.docs.qq.com/image/AgAACG-qqCH-SUMaF31C4KuZPJmisVhV.jpeg?w=2481&h=3227,厦门市人民政府 / 厦门市同安区人民政府 / 厦门市翔安区人民政府,,https://www.xiamenhuandongmarathon.com,2025-12-21 00:00,报名时缴费,无,半程,2025-10-17 00:00,20000,厦门环东半程马拉松赛,2025-09-28 10:00,2025-10-12 10:00
qjzxsports@163.com,,重庆千君万马体育发展有限公司,✔️,,已结束,12000,重庆半程马拉松,,,未提及,150,未提及,,重庆,A,,官网/微信/小程序 / 数字心动,,重庆市巴南区人民政府,,,2025-12-21 00:00,报名时缴费,,半程,2025-10-31 00:00,12000,,2025-09-25 10:30,2025-10-17 17:00
dongfangmarathon@126.com,东方市文化广场-东门,海南今燊体育文化发展有限公司,✔️,,已结束,6000,海南东方半程马拉松,,,未提及,150,自行评估,18876896392,海南,A,,官网/微信/小程序 / 数字心动 / 马拉马拉 / 润赛美佳 / 最酷 / 跑跑网(马拉松报名) / 智赛通,,东方市人民政府,,https://dongfang.jinshensports.com,2025-11-23 00:00,报名时缴费,,半程,2025-10-27 00:00,6000,海南东方半程马拉松,2025-09-22 10:00,2025-10-10 17:00
info@nanning-marathon.com,民族广场,广州万达体育发展有限公司,✔️,,已结束,12000/24000,南宁马拉松,,,未提及,120/100,自行评估,18076642195,广西,A / 精英,,官网/微信/小程序 / 数字心动,,广西壮族自治区体育局 / 南宁市人民政府,,https://www.nanning-marathon.com,2025-12-07 08:47,报名时缴费,无,全程 / 半程,2025-09-10 00:00,36000,南宁马拉松,2025-07-21 10:00,2025-08-26 12:00
macaomarathon@sport.gov.mo,奥林匹克体育中心,,❌,,已结束,1800/4800/5400,澳门国际马拉松,,,未提及,MOP400/400/70,未提及,(853)28236363,澳门,MC / AIMS,,官网/微信/小程序,,澳门特别行政区体育局 / 银河娱乐集团 / 澳门田径总会,,https://www.macaomarathon.com,2025-12-07 08:47,报名时缴费,,全程 / 半程 / 短距离,,12000,澳门体育,2025-10-11 10:00,2025-10-12 23:59
haicangbm@163.com,兴港路与角嵩路交叉口,厦门文广体育有限公司,✔️,,已结束,18000,厦门海沧半程马拉松,,,未提及,180,自行评估,0592-5372066,福建,A / 标牌,,官网/微信/小程序 / 数字心动,,厦门市人民政府 / 厦门市海沧区人民政府,,https://www.xmhaicangmarathon.com,2025-12-07 00:00,报名时缴费,,半程,2025-11-03 00:00,18000,厦门海沧半程马拉松,2025-10-17 17:00,2025-10-30 18:00
,抚澄大道,云南博捷体育赛事策划有限公司,✔️,,已结束,8000,玉溪抚仙湖半程马拉松,,,未提及,150,必须,13529388388,云南,A,,官网/微信/小程序 / 数字心动,,云南省体育局 / 玉溪市人民政府,,https://www.sichuanbojiesports.com,2025-12-14 08:42,报名时缴费,,半程,2025-11-20 00:00,8000,博捷体育、玉溪马拉松,2025-09-24 10:00,2025-11-16 16:00
yiwumls@163.com,义乌市梅湖体育中心,浙江飞翔体育文化有限公司,❌,,已结束,10000,义乌半程马拉松,,,未提及,150,必须,0579-81550003,浙江,A / 精英,,官网/微信/小程序,,义乌市人民政府,,https://www.yiwumls.com,2025-11-23 00:00,报名时缴费,,半程,,10000,义乌半程马拉松,2025-09-22 10:00,2025-10-09 17:00
,黄山浦溪河游客服务中心,黄山波动体育赛事运营管理有限公司,✔️,,已结束,5000/7000,黄山马拉松,,,未提及,200/200,自行评估,17855917287,安徽,A,,官网/微信/小程序 / 数字心动,,安徽省体育局 / 黄山市人民政府,,,2025-11-30 00:00,报名时缴费,无,全程 / 半程,2025-09-30 00:00,12000,黄山马拉松赛,2025-08-22 20:00,2025-09-20 18:00
sznsmarathon@crland.com.cn,,华润文化体育发展有限公司,✔️,,已结束,20000,深圳南山半程马拉松,,,未提及,198,自行评估,0755-86308879,广东,A / 精英,,官网/微信/小程序,,深圳市南山区人民政府,,https://www.szns-marathon.com,2025-12-14 08:42,中签后缴费,,半程,2025-11-18 00:00,20000,深圳南山半程马拉松,2025-11-04 10:00,2025-11-08 18:00
lohasnet.tw@gmail.com,,,❌,,已结束,1500/2000/2000/500,臺中國際馬拉松,,,未提及,NT$1050/900/800/700,未提及,(886)05-5510310,台湾,AIMS,,官网/微信/小程序,,臺中市政府運動局 / 社團法人臺中市繁榮葫蘆墩促進會 / 臺中市神岡區體育會 / 臺中市豐原區體育會,,https://lohasnet.tw/Taichung-marathon2025/,2025-11-23 00:00,报名时缴费,有,全程 / 半程 / 中距离 / 短距离,,6000,,2025-06-14 11:00,2025-09-30 23:59
,,,❌,,已结束,500/1000/1500/800,曾文水库馬拉松,,,未提及,NT1000/800/700/500,未提及,(886)02-29516969,台湾,CT / AIMS / WA,,官网/微信/小程序,,"臺南市政府 / ""中華民國田徑協會""",,https://www.zengwenmarathon.com/,2025-12-14 00:00,报名时缴费,有,全程 / 半程 / 中距离 / 短距离,,3800,,2025-07-04 12:00,2025-10-31 23:59
ztdjkgs@163.com,,成都中体大健康体育文化传播有限公司,✔️,,已结束,3000/10000,乐山双遗马拉松,,,未提及,200/160,自行评估,18008053490,四川,A,,官网/微信/小程序 / 数字心动 / 润赛美佳,,四川省田径协会 / 乐山市人民政府,,,2025-12-14 00:00,中签后缴费,,全程 / 半程,2025-09-30 00:00,13000,中体大健康,2025-09-19 10:00,2025-09-26 17:00
scomarathon@vip.163.com,云南海埂会堂,云南上合文化体育有限公司,✔️,,已结束,10000/16000,上合昆明马拉松,,,未提及,200/150,自行评估,17869819191,云南,A / 金标,,官网/微信/小程序 / 数字心动 / 马拉马拉,,云南省体育局 / 云南省人民政府外事办公室 / 昆明市人民政府,,https://www.sco-marathon.com,2025-11-30 00:00,报名时缴费,,全程 / 半程,2025-11-15 00:00,26000,上合马拉松系列赛,2025-10-30 10:00,2025-11-05 18:00
,武夷广场,威赢赛事运营有限公司,❌,,已结束,4000/8000,武夷山马拉松,,,未提及,150/150,自行评估,029-85361589,福建,A,,官网/微信/小程序 / 马拉马拉 / 润赛美佳 / 最酷 / 赛客 / 马拉松报名网 / 跑跑网(马拉松报名),,福建省体育局 / 南平市人民政府,,,2025-11-23 00:00,报名时缴费,,全程 / 半程,,12000,2025武夷山马拉松,2025-09-30 10:00,2025-10-13 18:00
,,,❌,,已结束,300,香港半馬拉松錦標賽,,,未提及,HK$350,未提及,,香港,HK / WA,,官网/微信/小程序,,中国香港田径总会,,https://hkaaa.com/tc/comp_details.php?id=273,2025-12-21 00:00,报名时缴费,有,半程,,3000,,2025-10-03 14:30,2025-10-30 23:59
,,重庆炫豹体育文化产业有限公司,❌,,已结束,1000/3000,重庆开州汉丰湖马拉松,,,未提及,180/150,自行评估,023-67302960,重庆,B,,官网/微信/小程序 / 数字心动 / 最酷,,重庆市开州区人民政府,,,2025-11-23 00:00,报名时缴费,,全程 / 半程,,4000,,2025-09-28 10:00,2025-10-31 18:00
oc@guangzhou-marathon.com,广州天河体育中心,中奥路跑(北京)体育管理有限公司,✔️,,已结束,26000,广州马拉松,,,半程或以上,160,自行评估,020-38797839,广东,A / 金标 / AIMS,,官网/微信/小程序 / 数字心动 / 马拉马拉,,广州市人民政府,,http://www.guangzhou-marathon.com,2025-12-21 23:58,中签后缴费,无,全程,2025-10-28 00:00,26000,广州马拉松,2025-09-23 10:00,2025-09-28 18:00
lfhz@lffjhz.com,,,✔️,,已结束,3000/8000,宁德马拉松,,,半程或以上 / 10km及以上,168/128,可用完赛证书,13534392052,福建,A,,官网/微信/小程序 / 第一赛道 / 数字心动,,宁德市人民政府,,https://ningde.sport-china.cn,2025-12-07 08:47,报名时缴费,,全程 / 半程,2025-11-24 00:00,11000,宁德马拉松,2025-10-31 10:00,2025-11-20 17:00
,,北京中迹体育管理有限公司,✔️,,已结束,6000/12000,赣州马拉松,,,未提及,180/150,自行评估,0797-8190013,江西,A,,官网/微信/小程序,,赣州市人民政府,,,2025-12-07 00:00,中签后缴费,,全程 / 半程,2025-11-07 00:00,18000,赣州马拉松,2025-10-28 10:00,2025-11-03 17:00
heyuanmls@163.com,河源市体育馆,广州双鱼体育文化发展有限公司 / 广州悦跑信息科技有限公司,❌,,已结束,2000/8000,河源万绿湖马拉松,,,未提及,180/150,自行评估,18682137681,广东,B,,官网/微信/小程序,,河源市人民政府,,,2025-12-21 00:00,报名时缴费,,全程 / 半程,,10000,2025河源万绿湖马拉松,2025-11-03 10:00,2025-11-21 17:00
service@ctrun.com.tw,,全統運動用品股份有限公司,❌,,已结束,1000/1000,嘉義雙潭馬拉松菁英賽,,,未提及,NT$1480/1280,未提及,(886)05-236-5187,台湾,AIMS,,官网/微信/小程序,,嘉義市政府,,https://www.ctrun.com.tw/Activity?EventMain_ID=263,2025-11-30 00:00,报名时缴费,,全程 / 半程,,2000,,2025-08-26 09:00,2025-10-14 23:59
wzim2021@163.com,,浙江青鸟捷出体育科技有限公司,✔️,,已结束,5000/12000,温州马拉松,,,未提及,180/150,自行评估,0577-88868108,浙江,A,,官网/微信/小程序,,温州市人民政府,,https://www.wzim.org,2025-12-07 08:47,中签后缴费,无,全程 / 半程,2025-09-29 00:00,17000,温州马拉松,2025-09-05 10:00,2025-09-20 18:00
yongding@gustomail.cn,,广州朗朗体育文化有限公司,❌,,已结束,5000,永定土楼半程马拉松,,,半程或以上,138,自行评估,,福建,A,,官网/微信/小程序 / 第一赛道,,龙岩市永定区人民政府 / 龙岩市体育局,,https://yongding.sport-china.cn,2025-11-23 00:00,报名时缴费,,半程,,5000,永定土楼马拉松,2025-09-26 10:00,2025-11-07 18:00
txbcmls@zhongsaisports.com,,深圳中赛体育产业发展有限公司,✔️,,已结束,7000,桐乡半程马拉松,,,未提及,120,自行评估,17722662515,浙江,A,,官网/微信/小程序 / 数字心动,,桐乡市人民政府,,https://www.tongxiang-marathon.cn,2025-11-23 00:00,报名时缴费,,半程,2025-09-28 00:00,7000,桐乡半程马拉松,2025-08-18 10:00,2025-09-19 18:00
hld@sport-china.cn,大角湾-螺州海滨公园,广西新中体育有限责任公司,✔️,,已结束,3000/5000,阳江海陵岛马拉松,,,半程或以上,180/180,自行评估,,广东,A,,官网/微信/小程序 / 第一赛道,,阳江市人民政府,,,2025-12-14 00:00,报名时缴费,12月1日17:00前可退费,全程 / 半程,2025-12-05 00:00,8000,阳江海陵岛马拉松,2025-11-01 10:00,2025-12-01 17:00
jiangmen@gustomail.cn,五邑华侨广场,路越（上海）体育发展有限公司,✔️,,已结束,5000/10000,江门马拉松赛,,,半程或以上,180/180,自行评估,,广东,A,,官网/微信/小程序 / 数字心动 / 第一赛道,,江门市人民政府,,http://jiangmen.sport-china.cn,2025-12-21 00:00,报名时缴费,,全程 / 半程,2025-11-20 00:00,15000,第一赛道、江门马拉松,2025-09-19 10:00,2025-11-10 18:00
humen@gustomail.cn,,广西新中体育有限责任公司,✔️,,已结束,9000,虎门半程马拉松,,,半程或以上,150,自行评估,,广东,A,,官网/微信/小程序 / 第一赛道,,东莞市虎门镇人民政府,,http://humen.gusto.cn,2025-11-23 00:00,报名时缴费,,半程,2025-10-30 00:00,9000,虎门半程马拉松,2025-09-04 14:00,2025-10-10 18:00
service@sportsnet.org.tw,,,✔️,,已结束,9000/19000,臺北馬拉松,,,未提及,NT$2200/1600,未提及,(886)02-25996716,台湾,CT / 金标 / AIMS,,官网/微信/小程序,,"臺北市政府 / ""中華民國路跑協會"" / ""中華民國田徑協會""",,https://www.taipeicitymarathon.com/,2025-12-21 14:40,中签后缴费,有,全程 / 半程,2025-07-30 00:00,28000,,2025-07-15 16:00,2025-07-28 17:00
chengmaimarathon@126.com,,海南今燊体育文化发展有限公司,❌,,已结束,6000,澄迈半程马拉松,,,未提及,150,自行评估,13876011078,海南,A,,官网/微信/小程序,,澄迈县人民政府,,https://chengmai.jinshensports.com,2025-12-07 08:47,报名时缴费,,半程,,6000,澄迈半程马拉松,2025-09-22 10:00,2025-10-10 17:00
jtty2015@163.com,六安市体育中心,安徽竞体体育文化发展有限公司,✔️,,已结束,3000/5000,六安马拉松,,,未提及,120/100,自行评估,0564-3265006,安徽,A,,官网/微信/小程序 / 数字心动,,安徽省体育局 / 六安市人民政府,,https://www.anhuijingti.saihuitong.com,2025-11-30 00:00,报名时缴费,无,全程 / 半程,2025-08-21 00:00,8000,六安马拉松,2025-07-16 10:00,2025-08-16 17:00
jxwymarathon@163.com,,,❌,,已结束,3000/5000,婺源马拉松,,,未提及,120/100,必须,19065808508,江西,A,,官网/微信/小程序,,婺源县人民政府,,,2025-11-30 22:06,报名时缴费,,全程 / 半程,,8000,婺源马拉松,2025-09-28 13:28,2025-11-03 18:00
china_aseanmls@126.com,北部湾海洋文化公园,,✔️,,已结束,5000/10000,中国-东盟马拉松,,,未提及,180/150,自行评估,15807709227,广西,A / 精英,,数字心动,,广西壮族自治区体育局 / 防城港市人民政府,,,2025-11-23 20:52,报名时缴费,,全程 / 半程,2025-10-15 00:00,15000,中国东盟马拉松,2025-08-29 15:00,2025-09-25 15:00
jjmarathon@126.com,晋江体育中心,路越（上海）体育发展有限公司,✔️,,已结束,5000/7000,晋江马拉松赛,,,半程或以上,170/150,可用完赛证书,13701741466,福建,标牌,,数字心动 / 马拉马拉 / 第一赛道,,晋江市人民政府,,https://www.jinjiang-marathon.com,2025-12-07 08:47,报名时缴费,,全程 / 半程,2025-11-07 00:00,12000,晋江马拉松,2025-09-26 10:00,2025-10-31 18:00
18926856719@163.com,,爱动时代体育文旅科技（广东）有限公司,✔️,,已结束,10000,东莞松山湖科学城半程马拉松,,,未提及,178,自行评估,18926856719,广东,A,,官网/微信/小程序 / 数字心动,,东莞松山湖高新技术产业开发区管理委员会,,,2025-11-30 00:00,报名时缴费,,半程,2025-10-03 00:00,10000,,2025-09-08 10:00,2025-09-23 16:00
fuma20231217@126.com,,福建省广播影视文化传媒有限公司,✔️,,已结束,20000/15000,福州马拉松,,,未提及,180/150,自行评估,0591-38875138,福建,A / 精英,,官网/微信/小程序,,福州市人民政府,,http://fuzhou-marathon.com,2025-12-14 08:42,中签后缴费,,全程 / 半程,2025-09-25 00:00,35000,福州马拉松,2025-08-28 20:00,2025-09-06 17:00
,,百视文体（北京）有限公司,❌,,已结束,2000/6000,海南儋州马拉松,,,,180/160,,,海南,A / 标牌,,官网/微信/小程序 / 数字心动,,儋州市人民政府,,,2025-12-21 08:59,,,全程 / 半程,,8000,,2025-09-25 10:00,2025-10-28 23:59
sxmarathon@163.com,,厦门文广体育有限公司,✔️,,已结束,10000/12000,绍兴马拉松,,,未提及,180/160,自行评估,0575-88588981,浙江,A / 精英,,官网/微信/小程序,https://docimg3.docs.qq.com/image/AgAACG-qqCG-5QWFYNVDKaL55EYIUEYf.png?w=1080&h=1585,绍兴市人民政府,,https://sxym.org.cn ,2025-11-23 08:49,中签后缴费,,全程 / 半程,2025-09-18 00:00,22000,绍兴马拉松,2025-08-28 10:00,2025-09-07 17:00
oc@hengqinmarathon.com,,珠海华发体育运营管理有限公司 / 南光文化创意产业有限公司,✔️,,已结束,4000/12000,横琴马拉松,,,未提及,200/200,自行评估,4009942195,广东,A,,官网/微信/小程序 / 汇跑参赛助手,,横琴粤澳深度合作区执行委员会,,https://www.hengqinmarathon.com,2025-12-28 00:00,报名时缴费,,全程 / 半程,2025-10-31 00:00,16000,横琴马拉松,2025-09-26 10:00,2025-10-08 23:59
sanyamarathon@163.com,,橙狮体育有限公司 / 杭州嗨跑体育管理有限公司,❌,,已结束,5000/9000,海南（三亚）马拉松,,,未提及,150/120,自行评估,0571-26888999,海南,A,,官网/微信/小程序 / 数字心动,,海南省旅游和文化广电体育厅 / 三亚市人民政府,,http://sanya-marathon.irunner.mobi,2025-12-28 00:00,报名时缴费,,全程 / 半程,,14000,2025海南三亚马拉松,2025-11-03 10:00,2025-11-28 23:59
huangpu@sport-china.cn,,,✔️,,已结束,10000/10000,黄埔马拉松,,,半程或以上,200/200,自行评估,,广东,A,,官网/微信/小程序 / 第一赛道,,广州市黄埔区人民政府 / 广州开发区委员会,,https://www.hp-marathon.com,2025-12-28 00:00,报名时缴费,,全程 / 半程,2025-12-03 00:00,20000,黄埔马拉松,2025-11-23 14:00,2025-11-28 18:00
bojiesports@126.com,眉山城市新中心体育公园,四川博捷体育文化传播有限公司,✔️,,已结束,7000/5000,中国田径协会10公里精英赛总决赛（眉山）,,,未提及,100/80,自行评估,13529388388,四川,A / WA,,官网/微信/小程序 / 数字心动,,中国田径协会 / 眉山市人民政府,,,2025-12-28 00:00,报名时缴费,,10km / 短距离,2025-11-28 00:00,12000,博捷体育,2025-10-22 10:00,2025-11-24 22:00
,,成都中体大健康体育文化传播有限公司,❌,,已结束,7000,雅安雨城半程马拉松,,,未提及,180,必须,18008053490,四川,A,,官网/微信/小程序 / 数字心动,,四川省田径协会 / 雅安市人民政府 / 四川广播电视台,,,2025-12-28 00:00,报名时缴费,,半程,,7000,四川省田径协会、中体大健康,2025-11-05 12:00,2025-11-18 22:00
ptmls2024@126.com,木兰溪治理展示馆,福建省广播影视文化传媒有限公司,❌,,已结束,4000/10000,莆田马拉松,,,,160/130,自行评估,0591-38871809,福建,A,,官网/微信/小程序,,莆田市人民政府,,,2025-12-28 00:00,报名时缴费,,全程 / 半程,,14000,莆田木兰溪马拉松,2025-11-17 10:00,2025-11-17 14:00
,,,✔️,,已结束,5000/8000,惠州马拉松赛,,,,188/168,,,广东,A,,官网/微信/小程序,,惠州市人民政府,,,2025-12-28 00:00,,,全程 / 半程,2025-11-26 00:00,13000,,2025-11-05 14:00,2025-11-16 17:30
mz@sport-china.cn,,广西新中体育有限责任公司,✔️,,已结束,3000/7000,梅州马拉松赛,,,半程或以上,180/180,自行评估,,广东,A,,官网/微信/小程序 / 第一赛道,,梅州市人民政府,,http://hakka.sport-china.cn/,2025-12-28 00:00,报名时缴费,,全程 / 半程,2025-12-05 00:00,10000,梅州马拉松赛,2025-10-31 14:00,2025-11-28 18:00